301
5
0.0
72.0
144.0
216.0
288.0
0.0
47.19027491185746
-47.19027491185746
5.527125635012531
-5.527125635012531
0.0
107.27530646389093
-107.27530646389093
83.76790408303386
-83.76790408303386
0.0
169.46419872970156
-169.46419872970156
145.3991728975098
-145.3991728975098
0.0
13.306475976146197
-13.306475976146197
34.75118605738406
-34.75118605738406
0.0
125.94274206046417
-125.94274206046417
117.377547292116
-117.377547292116
0.0
166.71750636821332
-166.71750636821332
26.240843154652197
-26.240843154652197
0.0
57.018512285936225
-57.018512285936225
42.41843580955028
-42.41843580955028
0.0
153.98842127510292
-153.98842127510292
95.8980749842904
-95.8980749842904
0.0
120.81030569444772
-120.81030569444772
3.906573079315472
-3.906573079315472
0.0
86.58316970862062
-86.58316970862062
139.51961580271131
-139.51961580271131
0.0
45.695897520753256
-45.695897520753256
84.56423227319979
-84.56423227319979
0.0
0.34146088915048
-0.34146088915048
132.70907098152645
-132.70907098152645
0.0
151.48088067757547
-151.48088067757547
172.3826781022312
-172.3826781022312
0.0
3.5444007759627927
-3.5444007759627927
155.13557313515898
-155.13557313515898
0.0
112.03158267911412
-112.03158267911412
152.60441507559779
-152.60441507559779
0.0
67.87995634805567
-67.87995634805567
77.8554966286334
-77.8554966286334
0.0
93.77376436890422
-93.77376436890422
84.03455642035836
-84.03455642035836
0.0
56.98698583860635
-56.98698583860635
73.1854901227251
-73.1854901227251
0.0
53.93161645635678
-53.93161645635678
1.1408693768290212
-1.1408693768290212
0.0
64.90538976208524
-64.90538976208524
103.43030720863258
-103.43030720863258
0.0
4.005845670941673
-4.005845670941673
101.58016474302015
-101.58016474302015
0.0
22.955831635641196
-22.955831635641196
48.93774065799421
-48.93774065799421
0.0
83.13846676236167
-83.13846676236167
76.3118459914321
-76.3118459914321
0.0
77.31016223453453
-77.31016223453453
49.04605099079841
-49.04605099079841
0.0
57.05326741397415
-57.05326741397415
121.31259723542163
-121.31259723542163
0.0
19.014196023075655
-19.014196023075655
106.51577816101636
-106.51577816101636
0.0
96.34969545600609
-96.34969545600609
171.85588579488183
-171.85588579488183
0.0
5.972419006555727
-5.972419006555727
129.70841574510266
-129.70841574510266
0.0
95.50072786789505
-95.50072786789505
134.72271166025192
-134.72271166025192
0.0
103.61307006645737
-103.61307006645737
133.62007304894144
-133.62007304894144
0.0
177.79779002336446
-177.79779002336446
78.11565994941661
-78.11565994941661
0.0
141.89851781184885
-141.89851781184885
64.46874520604088
-64.46874520604088
0.0
8.115178364358828
-8.115178364358828
137.0986998750788
-137.0986998750788
0.0
31.01800491269382
-31.01800491269382
68.98367220461603
-68.98367220461603
0.0
7.945760385101595
-7.945760385101595
10.246255852325923
-10.246255852325923
0.0
33.13432256474178
-33.13432256474178
38.70371992384841
-38.70371992384841
0.0
107.76545171404153
-107.76545171404153
173.35169068983402
-173.35169068983402
0.0
161.54160554015746
-161.54160554015746
33.4777093981399
-33.4777093981399
0.0
142.8230610289092
-142.8230610289092
85.532490772005
-85.532490772005
0.0
172.20472147765005
-172.20472147765005
145.46748412649302
-145.46748412649302
0.0
115.38350464391985
-115.38350464391985
65.6623807611175
-65.6623807611175
0.0
170.28633045288012
-170.28633045288012
48.2507623934435
-48.2507623934435
0.0
107.0613453603453
-107.0613453603453
37.26041862437758
-37.26041862437758
0.0
151.0254840332609
-151.0254840332609
101.63013176008317
-101.63013176008317
0.0
145.32931845148815
-145.32931845148815
26.711317234876777
-26.711317234876777
0.0
144.74107373073605
-144.74107373073605
161.33737899879506
-161.33737899879506
0.0
128.98600616000385
-128.98600616000385
135.49575432040723
-135.49575432040723
0.0
41.36165975876544
-41.36165975876544
59.64556192587491
-59.64556192587491
0.0
17.899778713325198
-17.899778713325198
127.62041392970148
-127.62041392970148
0.0
161.8051839649604
-161.8051839649604
90.3211701371035
-90.3211701371035
0.0
163.73862665576823
-163.73862665576823
80.98064300906154
-80.98064300906154
0.0
28.179057221869336
-28.179057221869336
3.22655761508158
-3.22655761508158
0.0
94.71663826908286
-94.71663826908286
40.08235447099831
-40.08235447099831
0.0
3.203329158374517
-3.203329158374517
103.83507863304622
-103.83507863304622
0.0
123.35165933405588
-123.35165933405588
100.54457233385767
-100.54457233385767
0.0
85.38636351096574
-85.38636351096574
136.70423674875317
-136.70423674875317
0.0
84.98705772915986
-84.98705772915986
9.368922336180752
-9.368922336180752
0.0
17.856828664684503
-17.856828664684503
7.235317943303681
-7.235317943303681
0.0
120.7071687746795
-120.7071687746795
123.19730976789715
-123.19730976789715
0.0
86.92640975848428
-86.92640975848428
145.44638233796388
-145.44638233796388
0.0
81.42668207793417
-81.42668207793417
176.771805121151
-176.771805121151
0.0
8.00136278918667
-8.00136278918667
171.98413013612645
-171.98413013612645
0.0
152.04323118311152
-152.04323118311152
26.562614811420588
-26.562614811420588
0.0
155.48670200936374
-155.48670200936374
50.51104725237223
-50.51104725237223
0.0
12.929621201754644
-12.929621201754644
53.24466738235753
-53.24466738235753
0.0
108.27213853810295
-108.27213853810295
70.16292330093621
-70.16292330093621
0.0
9.890640629943237
-9.890640629943237
40.2310362388627
-40.2310362388627
0.0
53.255668864609
-53.255668864609
1.7557757235164284
-1.7557757235164284
0.0
156.97254875707023
-156.97254875707023
145.93921823181736
-145.93921823181736
0.0
168.58886424355467
-168.58886424355467
22.77560651861008
-22.77560651861008
0.0
157.42619327625584
-157.42619327625584
45.22679001091379
-45.22679001091379
0.0
70.57184278335282
-70.57184278335282
110.47378737970244
-110.47378737970244
0.0
97.76590096317484
-97.76590096317484
174.31033067567037
-174.31033067567037
0.0
150.05046334512173
-150.05046334512173
24.049678903433925
-24.049678903433925
0.0
56.80211981981067
-56.80211981981067
37.55812402075709
-37.55812402075709
143.469200084478
130.5521383566731
122.97067053118722
101.55513158537855
312.72009999968856
120.33182892013555
119.0660957013668
3.77766916856916
152.67772390427697
43.61128407991201
13.192250047475218
172.2852551107473
80.40884097557829
267.4754639849683
61.06535688087726
239.43680871046547
218.4035039454673
2.906044618886958
323.35470248017566
82.11953103657576
280.9926327930134
135.18517414061287
319.2492910497543
224.41603527070413
309.75646303572836
254.83946033111246
79.65562303953874
137.1013320049087
220.5421597916867
227.18202328216248
204.22694120556102
348.14087229613006
68.18571071451905
323.54947612678893
315.52601866180635
354.024793189648
139.75948454718082
133.61995544124323
253.97504711967161
288.68761008178535
173.14366637533607
345.73713066473795
268.8477273040033
44.926804053359206
164.94614717658587
60.95431533468804
173.4102349876044
132.64752909249543
220.27213716263802
236.5519422396275
346.41940493673565
78.92507072874125
266.5712854425709
216.0705566302557
217.53782288387706
66.79042583076955
324.7666050867986
175.4406306565018
190.82730955265015
172.80867699351674
203.09616221806738
138.57958098558038
158.33363025992296
37.93376528417642
72.57498452597534
230.86546056902006
74.87706993396775
211.78735857188704
317.7112253583429
165.18569628210807
145.5148162842846
147.4236136650812
52.08714481139158
272.79852528542267
258.7428106538245
291.805647828199
185.64211068250384
100.03367197892229
301.3562827851177
116.63360842067881
128.97133300109536
331.89804998853543
234.98972717751738
24.828283293971385
119.6806192338894
334.94101680087516
299.70858344574395
209.8883096630508
236.81391223809814
214.27321308183417
236.62654422919462
258.5030062252106
191.5971733987117
313.4217286981597
269.3738830599127
331.2170532045205
186.21845692064116
150.74346536614664
273.3439056925358
11.607093033610877
157.09075891252374
122.40786491508878
131.99594336622565
221.34467885233255
125.02069786455448
29.498816254714583
331.09513725758785
236.6837752928675
161.93279027864307
285.5750721346453
334.62063903525086
171.32527292339552
132.2753399099928
251.06719815943563
60.17550250194575
191.27492566799708
36.96101659868408
322.17836284576316
187.0830688416775
319.2252691288138
38.6711351819443
134.49524146334744
326.956235368112
9.156099778086704
119.57984364851866
325.3044254213985
184.37754833610688
286.26208702208254
296.0304678089798
333.6486811827426
94.42961724672006
112.98034184466452
149.4231865176088
183.44667627028957
24.166878960540473
278.80459583428353
128.54957313536454
332.53859630573663
186.72139503850013
79.73688973366745
75.83618304747887
159.3093120461665
319.5868714681231
192.64164994537998
88.43584839667673
178.57982897450069
22.726607238996888
20.43108800146451
224.8320674596918
149.7466105104424
257.5026714771168
185.92494894623167
28.59826255906615
222.68775499368073
134.02533167784765
65.3917330658093
163.18030642133135
80.74373534994012
102.37291061721659
157.1924283072932
155.04732497450706
285.1197072346637
332.23438172349483
116.61210815020854
7.282347900325972
21.34533914323868
255.8780192036705
334.8785006638415
311.6607466160018
115.96724755809268
40.95132779248277
318.53099917780594
94.49131304638239
130.43808834895117
192.46899480042663
234.71737250915908
299.97106847266764
229.20557004882744
197.4470184957068
268.65981783502616
64.53164617373797
280.2935198445071
320.9928258151098
171.4456248772773
166.63153302574102
119.20635188515998
99.26292193437669
119.46225977373801
288.67520060299563
10.777350206541385
192.55074915206222
241.21040350611204
201.21640096578793
318.6200905554596
300.8695070756152
332.89260539671926
34.32989613765544
278.13155874856454
244.74578514727153
61.08944729573046
117.01200248320019
86.53447709624187
75.54185965662973
178.99894367368526
162.69724622460393
272.23548620642396
322.4755812899251
122.12909938690588
217.45478161865557
245.81480383170114
7.608883975620464
199.99763296275816
247.15493080730968
306.25216011665935
185.42697308569632
302.3067362047936
240.87254522155973
258.5327604874424
210.23227160731685
271.22517467848803
250.02078534062892
272.5661451046525
102.42843572357943
175.82367027998697
306.18514549884895
318.3898987903988
233.87149988840903
100.37381646351125
65.35432564958224
168.91914253871917
82.81670347313737
85.13493268748687
192.22099277459418
249.04192899083085
340.5911243592454
96.41699364973208
45.452171054377544
288.6495760762362
344.97379752920455
232.1221223440867
113.30539945501806
47.23017401594675
309.36660386718165
269.6311161029524
318.69350421950367
198.94246534201295
312.1906936333552
174.81550001693947
123.77727788319004
159.62641174626467
307.54489837807176
314.1196670797585
36.39197574672397
40.99578403186453
356.01394260882284
126.0717583648282
54.090206489055895
32.29728360276159
173.61613452767426
154.2460541353647
296.3100766348055
216.00955371962553
157.23141881179305
140.61350907224852
171.15430913500555
41.69470110160498
26.45253336191295
326.38139597015135
180.4924805031294
290.90397963113037
244.65345867378252
206.83687816468787
325.57502911786077
126.07822203441808
166.17084433579294
217.3734733590869
275.07441357073475
207.67281260817455
41.84573868161283
29.793446366468803
118.445175672261
46.275970087952565
121.7746275414066
191.14317020884783
49.721390673192346
130.2782354793546
241.9699698972711
261.7526868729388
190.34642367806302
174.69005615007438
30.73252362868039
44.814549738347026
44.356549652445814
32.99346610742973
140.88879859729946
186.75131174195923
145.21652908174477
1.4529329588590878
65.64884534266777
5.784926696202577
100.83181779586523
224.09942092765482
88.69113229108426
275.53556394148956
231.73855070499837
276.6409015159764
193.1826489165043
131.14108329306455
87.19921507929449
128.84156955592084
229.7941063541012
117.30294940669711
314.90823634435156
37.450940746886246
120.37165411254661
180.82794952919878
292.23846619952934
305.55335914986995
111.77793467536748
324.649459554435
200.43596307673582
19.24719416401334
93.51714701092989
325.97597874372315
197.89721810438147
158.85233105519364
233.10997489014574
178.12862572260445
64.63930116194294
279.3833627994843
64.78622092702065
263.79347737508857
187.30013424749794
103.8152842804008
209.91415235541677
146.82865178350173
192.48264778327817
112.7071530911723
231.68748151037258
160.43005806839278
35.98303621226839
105.03865929423465
211.9420922146292
151.37385106367833
36.42001342839558
147.65318723896462
284.57661700421573
93.21764409828695
4.008441716050415
284.4904725491444
167.90211175587
5.756668688132125
298.6973186387274
121.83050057511781
187.34794630704113
153.69504672156802
356.6186562280009
22.059945720691907
330.3024250921729
284.40647524822333
309.7703724423901
326.0108966729555
6.468273395667912
222.82258366135082
271.08276452953373
342.7111949350163
39.96470968589987
150.90149069519293
345.49490361002404
35.42448053903134
353.50927072192485
319.7928381209754
57.393666039648046
74.14713202086287
260.36434651277756
294.72998412554387
255.74472753555153
17.268536006861872
56.33465308710798
355.8438521859573
270.4714921875192
108.8898867319111
61.95363627343713
132.50704130493628
267.11440110584783
93.33606499514094
4.0983833818091275
14.481039084557814
21.529611345403694
314.68400121764165
6.624016451675132
120.05313947417297
192.36268707791217
106.67014133749689
241.21017974190423
289.5140357456394
126.25947645577284
7.12856889581631
272.46389544573935
311.7408507882254
209.25285041582288
131.15047463076493
155.42451454632484
22.314707704739032
257.4905879209493
28.44472189072569
168.96798105035978
73.51575031712646
341.44629854290656
172.91829657570065
175.2094525914631
309.70266995410293
239.98175983393696
246.2845184908725
22.85457199433438
345.9980243032666
184.1056281945384
62.545887473045966
241.55148399911678
223.86439899495582
235.00007208928864
56.487658930126294
24.64707873169644
224.07077145543974
146.86342721225432
326.8570135992049
129.35266968852517
135.712382836227
52.343548931204914
203.6921801877514
76.17580499120301
229.3614688342944
176.81301466399785
239.30444023852718
303.5762952025373
223.09039760905205
77.46404571944288
3.705405225429703
89.15655400737329
262.0226621647623
294.17743812688326
137.81085815168174
285.29733194300104
195.231269028375
271.3464247033634
341.54138586957777
275.002034611426
108.21831726140228
163.312935657179
68.97943921909031
232.81392574529517
234.8732797906124
270.80032187669104
229.03110671045258
336.02245676175903
29.72191654211255
51.703087406576806
227.58026516158685
12.976166249539173
9.441551634406014
106.82081905550034
355.91171336622705
158.17153577334096
132.03264880325278
219.6000065665296
110.21888531040838
207.88838650270344
252.700624844232
68.67413281516221
158.30097615713984
15.494211677177931
177.41592911754202
192.96868999357082
232.09322318880214
232.1413025755427
348.2844539533244
131.36473903491537
218.46322303360145
186.43216081214769
159.27444414185976
182.39085405751743
265.7451817546702
345.7300790138255
196.51009338765175
174.14000981708
299.77311641811116
332.14357505953257
244.25606966688676
160.5845289513835
150.7130624603842
37.8147667004433
335.88136422704764
147.68874666086077
330.7833388256993
156.99331532684243
218.50479400490522
121.19557875457451
12.991134568147121
106.47928746076855
140.6886551258295
157.6898234504166
222.30258069821159
81.36970279674597
104.46100745873956
91.51749290783242
223.20261203411195
9.645114262645102
126.1112156242306
162.36714342914047
251.3900374742286
26.98424498454337
104.61733706571081
1.7956029804566542
132.39218932721224
152.2960707888184
82.22811366844302
151.70719613946892
236.17262962193263
264.8105306156984
278.63629298227113
323.77203551955455
234.34454101741073
145.17038582214394
328.34413242211787
325.9954909198097
135.3912733561209
85.81851258280106
90.23598348725166
161.12766483241506
353.334890901767
0.07627869988586777
149.0368827932708
161.32805369617225
116.58232725378004
224.66044786219734
210.25017838043635
4.477266521189631
226.21797771896914
156.98732661243125
163.33131824654262
19.75428243555286
26.800647095572078
296.4647646116276
52.26886241940682
253.57412220993052
297.7616600133909
288.0738765916873
348.4079953799882
51.70745796922964
89.79029099916738
236.894101189229
87.2657168217021
19.380402346992067
278.1313718643306
153.82676637553195
289.2512051455356
228.37896147199766
63.50932594723815
65.62372562443696
73.61853368258056
88.65946755227678
301.431755189973
116.42951238743368
35.643369154260455
31.692760844192275
301.914791187093
303.396609785439
268.9290791194872
343.7464288033769
254.21160255766952
85.5353711746884
37.911833992244546
19.536096583125826
334.91424546488435
62.811460651032455
180.0484234045596
20.153136434391797
132.83850862972113
81.60534403149197
162.83434801759407
13.902883793231906
30.39002062659616
2.9998622321333146
297.7141385612881
274.66397311018966
58.649329307541805
291.9635445613418
41.10952254355367
269.6058762565299
212.2024985781722
148.34885469066887
112.2055506658314
346.578510779324
109.78282792792388
24.72606596021029
207.79843581446917
191.21397778446283
58.078638743144964
301.4251712563272
196.4232998076073
284.75750064568865
218.60063707858274
95.759625617907
347.1437219126696
55.87085137887267
211.29200595490042
70.25738170483358
32.79947273372069
263.12823202224115
113.60291806891068
313.8262659761495
43.1723271429029
129.65120337653838
110.04057688390924
300.13218713810966
270.4445691784768
277.30569960257907
94.74484394090886
19.070338278787972
327.4882036127519
295.1108475074886
88.42849178858039
230.06112824102914
188.93749984731494
144.9857035265957
281.0602692807636
0.003981097479517359
85.66119497530929
157.68688044396043
172.95811283854738
264.0739651661714
315.1649172895471
182.76615816125118
19.498683211736942
244.14746242533383
193.61839746358294
48.60423738496611
188.43859066776034
177.4949778102419
69.61613395562559
142.0529083162705
313.8818973417358
307.4804765224208
265.44416267001185
191.9448010030076
117.21713142702603
308.3583829427536
208.53981333833616
196.706251031743
342.88657309285526
177.8607884455435
343.99508689137315
73.53539935312561
105.63932424370083
54.119194734698915
118.3687770065387
305.0844053310459
105.95883902058591
317.5663630437192
155.73612935257748
139.31084729536045
321.6446864894616
323.81574928768765
268.81908392655254
119.14028632639841
86.06733053774595
20.117309660965724
161.204260456024
120.80841799278242
237.40374653072487
125.8401204695484
61.06970610434559
263.2276463624645
68.20086241769273
146.53386247631417
82.50573140804043
255.4498105232715
240.90281331601113
241.47269325442028
117.42900254117703
135.2729851828644
62.51695115688769
196.1866338453308
39.25329394943535
239.26707258684755
290.382867809813
24.337188928558284
148.89425920946428
72.96948224185307
251.04748608426573
277.39541153503967
154.34965197852966
199.72852557126794
135.53855664809618
95.93228229605619
187.01058019000308
337.6490500564069
206.86776361527504
272.9327184410661
341.02330481452503
146.32107853804962
319.38384372439737
37.396193758607104
96.43528770674118
258.4889575222349
244.63517549141022
105.5884566408632
272.52312021596674
206.54516346405546
24.690281306184865
67.66039908571476
294.6141832554609
249.7091247711645
291.4037680853148
58.95176585894529
345.8778103132027
84.9784878639617
158.90439469963877
308.1487726942503
214.97586779570565
143.4163695142511
36.62089119263231
198.5665067108869
221.12667270947833
233.06488272629878
1.4502305754145484
324.17837430899306
140.05035786731816
330.7519344358266
250.21226872566874
188.61643174678537
247.42764384574443
107.28449821477253
307.3234744606484
283.2181599543329
240.91826802056895
53.998481705521506
207.66173386992816
169.29647880082908
17.449190498568083
143.361638478603
290.8832921159205
120.16185128865368
109.39687420530376
242.30272055872516
290.99172240198095
210.02627917196548
261.45204090867065
124.16636732418192
123.74818496744659
29.77120399844005
359.3691380712497
13.670135644465686
204.5510269040013
263.6622480870881
342.46714998124054
28.966291426773786
150.70208136843954
296.4459334035087
43.662122159894906
175.88785066293292
254.51584388262594
116.86444384905089
263.97609049238554
181.68463942351633
357.51696727095657
1.4765943167954143
282.88095908856184
149.03199038547308
271.01049046364665
1.7744477859417973
351.5001440434664
125.8209550535487
114.59823248461967
357.93655261069273
112.60462499908476
22.215776744955605
201.75398628493966
104.16057746774761
139.50434002406564
63.690638021509564
110.35903342131712
153.3694072241779
165.34977424902732
107.23456383900884
16.138751195319557
173.18654851418216
245.02265999894428
147.63957833059084
198.22993165075226
30.428077846787236
13.708904393313635
161.76415214017638
248.6477243522906
167.96004498130597
299.41071210612967
200.89016335894246
291.21000455979595
25.621790949851796
291.0691111164172
184.76851433584744
280.5160721779043
86.01718222246728
139.63207947044162
15.674814912715952
7.865733038062617
76.32721426976892
276.3175707347409
96.77327577422199
188.5437558969783
88.8993678087464
30.484628444137797
106.31347232220259
63.683865164874355
336.22003410453146
78.94021109500716
27.66118118089768
199.96533264697973
329.9786651038381
99.1729619035217
4.891084937037751
211.68458495991516
29.283137015391347
90.91960924655811
144.64572700758964
162.28297925188173
339.68790490428063
333.63340265492786
277.19151131146475
146.20112884635023
142.54777880777763
181.83847747165186
123.07935469231947
86.96928162846392
73.31188309214934
66.01756075068624
126.54396085527281
153.73217084208466
227.72383532811952
123.59500403942081
252.75227958643325
35.94585133700904
136.49579583380884
272.7409153660334
183.23836183035723
184.77325592059665
191.8755259973218
301.1361876442296
142.33833205232207
229.7440252485022
233.62727977614028
232.50256427930606
7.165735142127589
70.53341212018019
47.29876094393285
55.61555795792222
74.64405446637254
186.25403438757536
14.248141718612342
333.6824401781425
81.3399819455929
98.44334154243693
40.75640878043667
96.38142393890554
75.31718118558211
108.96872894413582
102.65222299667428
232.5221602450734
163.9572583926648
170.36129667897134
72.22771903418887
28.201953814660712
127.6709463780434
273.628226737458
105.82545891495819
13.495875300452358
356.64917119692234
177.38301806724854
283.3281721365464
130.13330616469153
16.280274356088785
12.171649909738825
204.88454896147007
213.27726618064403
176.58608267736648
355.1619014053749
105.55596147741286
52.43709724503754
252.0062570791635
142.9022768997613
65.17035983206327
259.70904558279443
10.086788461707613
113.64566015619249
348.52142602630107
147.95343202798847
221.10507807137134
185.7723308000547
50.15238311905958
7.18106209212888
55.390746540143866
45.13574028334407
38.31558706516453
84.3357063140667
231.0776291704285
151.69357289786535
94.30049039271643
139.8234155850739
232.2492147274899
24.575771925162915
326.17415849607056
273.55358173349924
175.9161858830636
224.7801183045836
320.080192194418
183.92074241495598
305.9914135338061
85.9752368649836
157.5931654935028
225.07012373531657
233.40418123350605
26.429602240806183
14.227721454349979
160.95394278091342
283.72209027685034
48.87467147244393
162.0525007312316
259.09968408930393
97.12559140159621
320.1489019871676
308.4611129838195
122.67557037758188
150.30668994940186
78.75860274983805
353.50362000876527
146.35241339278994
175.83992207518804
26.03085688657364
159.78359687276935
179.62522914583292
261.80029141584635
135.32245937402962
1.7776716386030644
210.6720146117982
2.8792524869887126
223.78804925089378
155.53551767578432
124.4910979803929
203.976747803258
312.4998243471521
205.07031774569197
80.9726687460995
348.22343066665707
273.2499464006672
318.3510194330779
1.7239255324121672
133.61411187730644
204.15611289627438
63.65931921696112
88.88163904153915
135.9098312807529
71.2297107719001
136.1758130159068
184.809720568964
70.19265383998072
199.35501273095903
125.01149918613382
318.49361626741813
239.43372935822276
233.6669112632828
132.50217196558816
332.6073593281369
255.66177496280812
141.1039714645668
220.43492343950663
324.6431478675531
37.79575760040405
1.9522684143190094
61.97751891311862
286.1574238445979
29.9319716066457
232.48489932906816
143.43287775917935
106.10143076172453
64.85247106893429
322.34089457546224
66.54273533752598
297.3684309934822
319.7481503595133
164.07639076467788
189.91563883975607
130.10358798278864
54.62650036159163
197.36006778343526
57.25657016099745
230.98681182504137
168.60058563620518
86.57368934046228
110.4265141888501
94.61283498998748
135.23232511608114
58.11795490527529
236.96229334995934
351.2567660691871
145.32968367849017
302.51267008293667
154.53822543147487
164.72765852594085
54.07409798982139
76.41942200601385
8.952902964928802
274.67637552224403
359.0808362530098
241.00406098659363
57.57595754273835
229.63838435355544
46.97164483306159
145.59522143971043
166.791077425864
320.25609314842245
338.26566477834416
249.38420728767832
189.82334423018244
16.539200413945995
213.87096123281373
68.95083577582658
30.440248491059148
218.68598356169613
201.1858282077855
105.68851176225431
178.36760201961522
107.90211098333705
33.79539820015602
24.74120100543427
3.8628445592335092
311.81788804698635
115.97568198824418
125.85395387160953
121.74004839705947
38.518874958994914
101.69387595385471
26.577505990765935
319.2421951278479
23.868710078332942
177.52006066356074
29.556850520345137
247.50832116681747
178.71729924600697
339.84227833972534
68.17244885293147
142.98410041974446
355.7512814893183
39.003345378824264
178.5920708133567
352.9765156028126
160.1581093541263
186.45432124112764
211.33004801957614
228.65452750684508
323.93878799449413
245.74623101104936
171.70005801389075
99.1493822096211
10.6185938329121
234.15815212616644
326.08638594509586
152.00953618473608
35.26919544161533
108.98623884782435
309.74784158458664
238.1170833023021
174.1693546249536
200.99495531152937
1.9074663736632713
333.27376986305217
139.09588884561356
7.258376128237383
15.170287907535474
264.0164983355242
283.1503250966915
86.59571011796503
318.85042636502124
61.82370860280281
88.19071613867698
253.03216271127891
339.5778718069992
307.7254823137822
238.3524656106851
296.19245964581097
257.5944207459566
108.43199542567173
249.80569964934074
272.26118746942575
143.43719869535917
65.44627374329592
43.811086504327186
205.12034731614511
57.24734242335001
240.2289820644631
38.299770859703614
134.50158901619042
101.73050313954741
241.3343303935609
332.61745778429395
126.46652409611352
159.8347042683414
43.53790988587481
170.73660101683564
81.2556045898785
339.50046900351765
194.32879201135248
210.15456152441564
214.52236862643025
310.3768755118057
29.739735362114025
316.859982389226
270.1964180875866
271.18647090018584
329.34089921712393
291.16347193266955
6.695136580647447
231.46096885638016
89.3241579796132
64.852760324692
162.93068978828748
307.6586330703679
222.95651676462882
177.04660263087052
236.53534468153097
141.21357929186414
9.282771448463127
54.285843320242556
313.9548780596285
144.855856384117
123.80911989800707
229.81392255687038
0.5361371323820441
193.5807003235318
19.00088805419515
217.66334222228772
48.46169535415439
317.93410497583506
237.7794000337936
309.07858119851903
91.36082991807051
169.8209569093719
139.80404016400843
81.97010559341332
86.6528382938806
114.83122390796713
218.17780290453356
108.50800970048057
0.15499606860792436
120.11850495567562
83.31556657199621
51.62806446232949
182.21442266182464
153.15447476850207
291.0662546331978
58.136935870948065
300.59921492038217
224.2218090866307
93.78152641206984
164.26739868335562
292.61118531536147
14.297095465804638
135.87519843824253
48.94838767597776
257.35882432800133
30.014533202354336
339.5190398690972
100.71896226193137
208.85581142036548
138.69008453704816
11.472414697436847
166.12904010000676
31.5869088324374
198.92483868950293
148.6445049470488
0.6341434872667051
222.40962336459256
356.0955671957436
67.83968001507655
147.4051435750249
26.136688394832337
257.07926310808443
274.2378404866396
285.1383799696902
96.87080467684171
114.84779591313907
353.513579770376
132.86524133546894
83.13974186733326
341.1075359094178
304.09894988140303
217.92467876739414
182.10657501835394
163.94827418722627
158.94678996593152
322.67598095653506
256.60611447533006
257.50446377573
340.252778308034
66.1932624584024
318.48539569567305
131.92105361192014
105.94595241720737
129.0972247507694
292.7026549695669
64.45525554738161
323.35918205981733
292.843688660251
188.86548496876526
216.33456147190606
43.34249397065495
19.202702589824337
80.36588653235596
355.0304327392548
187.18373335354198
301.3256738237767
185.9960364220778
167.89618868372364
299.0526183975683
334.7125593477366
184.90554520185307
150.65661246381592
158.28589109322823
64.55480518875268
152.98720241340249
3.025885338013974
248.68265803653708
105.34388764670162
227.25509258083264
123.76948847039083
246.08071192303896
139.29953534251817
284.5051956350902
128.81496415919864
130.83616135309376
42.085584690653384
161.5254841154168
238.55507449481667
218.43026651401198
337.4455118410986
286.3487612393215
94.27649056575962
249.27881497652146
306.8038518553927
233.51837901079205
68.68570460817645
7.921190226838495
295.54368193151544
181.06320894722936
311.7933496768189
72.11756833579093
304.5844156462971
172.8550864804113
60.956819890061695
223.98444994684667
234.0482972544278
117.2483246488055
22.6703662659773
188.15016406074395
275.2178772052532
61.37750145094142
303.73090468682955
16.013656991681525
287.65110567988944
230.21637505326638
350.69662433450185
90.54131620666888
230.2343467619067
10.477203720048443
289.0948512257374
62.63822514676979
118.11803486336734
251.65642565507738
137.62438108028294
327.9818172524471
151.8936441470459
190.0091051175211
7.636871764399933
192.30744355478743
251.03449106005655
95.961300910299
64.47062269291752
13.486786426116488
60.537358555875215
321.4457837981093
284.7493738391133
310.3419646798938
187.8656448398622
220.8734042062438
52.547729170983835
210.9893215325676
86.70892797958811
357.92876951717125
357.3638721939365
77.60875293306933
314.73794794048894
290.1055307178509
228.1293090029078
49.88586607895258
54.448023446368474
203.87308263225648
140.02439318721053
75.97582520015294
319.3479659046443
155.5931723657124
344.6575931234256
227.68939025777212
332.16557819823447
16.781261177418916
319.2053674733445
85.70303538900983
237.40506846399708
67.03431654091735
206.3985643220304
210.94682901146285
37.50553505034189
203.92303659630926
344.7805606338632
269.92515108894645
260.01390406556504
346.37314929875026
127.45108008716576
14.57688914949468
292.5997244788038
316.53708828210017
237.54899195799442
351.3834825054308
203.40318172771012
134.88379611465047
190.0162589398693
249.78449439821523
156.12203519654113
94.21093290413987
341.72431862714444
236.56221788591878
352.4068234140749
310.5104921290079
35.8333694651662
340.7081546980369
308.5481851570701
242.09530088532833
81.29382057596409
232.38589994343127
79.10386259114343
283.1202854699009
294.6885108703789
299.9565366748295
137.02723597027727
253.6093054555486
109.15324602542309
170.6341143452023
88.02320848414858
65.32458779629093
3.902187485992994
23.190400900710753
236.2712525474035
41.29248037761921
87.92382730417982
85.22974162456424
189.31969729456276
26.52588754529217
302.7022779327578
232.90619628213986
111.86921072615331
348.46011783492474
271.3576491696049
137.55698037605083
71.32751502517704
187.8457281315181
295.3884074933465
291.5775657034054
42.43156273977741
244.3180603612505
25.237639011608533
94.96542603665647
193.89732466310767
285.5903443661846
227.19413053493787
74.31107203887711
306.97149622581924
175.1931610430497
196.6784603923649
197.61642115986183
13.923362074739476
120.9101156703617
206.75305758486903
221.17224041177764
73.92936369359887
54.5358367777783
130.73451224985743
298.82791588780987
204.46668584144894
163.30913547273715
79.0753044014222
219.3383196901624
138.24639593018688
324.35070083076016
23.221317900547653
14.074191320901717
138.88088562325174
305.661095599419
22.9404164173568
335.233958339596
102.89394827617528
330.71177189386174
308.65656785989853
183.796520875448
1.3465174276973135
158.38781991485902
96.61300910559156
186.8059964575367
131.26461050992728
326.01837731667933
312.2269584589771
285.1811679261971
55.22040675640484
40.45658969503289
285.7874895391592
156.09370053716026
206.83134612313498
180.64800363249876
284.6872807127084
198.06094771028967
130.60618188387912
114.85261913184134
177.66795753776105
52.25066692551483
6.480999772993039
216.66240248657033
229.09779144743396
60.096491615187496
322.55229357598813
246.18282613207742
355.089665084089
325.17461591758706
63.92829309626372
306.22315412698765
178.30623263045132
316.39364835721983
21.283628692884374
8.067264856549983
134.58818872863134
59.90133195547045
309.616720090186
307.3729402393237
192.080780354625
198.7130555671425
45.873148327338214
157.97433565841013
42.32263733974114
111.91904965827705
83.51243810562192
319.83884362030034
232.80006143297936
159.42836188690788
142.7596820631456
147.15613618406178
231.75909551523628
33.55950091884867
207.197530788676
53.51376822131306
168.60657001833587
195.3891518695035
40.51816148308292
3.340152444182176
177.02057941475687
211.62180745792085
231.6687953425704
292.27247140067306
242.92972680905538
126.84493308665103
102.28856666814993
253.8335382832464
25.809734833448626
206.3856245086362
267.24837948404024
165.7781812159826
279.2848140142155
66.58643353748248
227.2697749402567
126.69627593239665
125.81056768724228
212.16961541590803
332.0124499703309
231.9362771844607
300.25399913498404
124.46037832614475
62.68465264532145
117.63935610348044
8.475385768326888
49.5916547769048
325.1442261176884
222.651154864131
289.5558121637605
282.41410903643725
77.6225550890548
340.30441246617795
4.10326608096836
269.6868962335448
221.6175038610364
195.5425837045209
156.10916855844084
25.226195995970684
260.16550836717073
207.58086045314317
112.11632049358575
320.0399979371205
174.61711374629957
244.27776166826345
328.9983535553487
282.0793612603976
129.2043642661239
41.61694036636283
200.43984066505337
333.08778931743745
302.1023016124071
130.1753733900415
262.24506286039735
244.13193492984766
242.3511295564708
260.1808247002278
297.8928658842514
226.74857293485402
23.91953704524402
287.73782586996737
138.2938535912188
73.24406338638393
71.35373135065454
357.02811723487633
193.49511798817264
337.53436382306967
145.87084833115364
346.76802479422565
349.11724803131887
87.01501276401811
166.4194815381183
343.9318689465878
166.59674239145747
336.30223596116673
177.14397709774613
43.726809153684584
263.84667508982756
55.28769236278695
60.853488558502114
212.03155362377345
81.73704883810282
106.80115070239768
17.510566704604326
284.98739384225684
41.83555908312972
173.2767708227255
17.41825538594703
260.1570397224451
292.1385272934666
237.17037510741417
120.69875535570381
54.64301032535971
340.06078096507855
326.4765339091219
47.82069857421632
187.78396648099186
325.74233526952344
224.545878420476
90.34621365255151
69.52405482712088
253.76879748219739
112.50479503408096
166.73289429088268
340.27669225638647
57.69154004811939
142.93081731854497
74.94010753043005
54.0809260800503
39.2725816897646
15.039106607515258
171.7527513215744
304.0750970378284
243.16838987924325
94.48649012517441
58.15007725872328
357.7888594036182
137.8057427248302
255.00147873643934
210.7108552817219
219.48152243493325
94.49183056383696
134.3999269454893
150.96052301087002
7.730952566503118
349.3400177763581
54.14788286998501
247.72979935178532
188.70397284614242
116.38150126502721
209.48438057917951
42.008483486179635
299.01571433883134
215.27237344913755
136.21883542191057
229.44213043841668
86.8119978971237
143.2945144701983
100.66900050278885
172.53330957615887
75.68528022720099
318.88797115246456
220.80719681094445
322.7733575057794
13.261366443790937
252.74124053674288
169.53389845183364
92.34444906188304
264.77061825218414
342.5053490452241
275.09956946363366
325.69600882240087
271.6438744456522
78.48630786659625
199.04689057624202
343.213439728909
36.1500114181789
250.2098418161904
338.6474436310818
322.36124119416945
215.31849624584845
57.541159841795384
188.65812201743856
266.0966495096114
170.86692247637433
255.08177053918016
306.3243806869327
64.01409253500437
66.58009013534931
314.85432323977926
213.9088776560289
58.5946169584196
150.56364296568725
359.8254158352478
64.62551955064366
47.09867431571478
187.02202062358324
179.60569439195518
150.7108090182901
19.054646004824
50.6868938232421
349.7051590600627
106.4655483819078
149.95958031499902
286.74883587332477
337.0111131392342
154.4517979419416
83.72260216694434
50.121658849846256
126.69498982107984
319.6315210675862
59.54569824253052
70.09526884479983
349.5433618688934
354.0847218581201
333.3503200895095
179.9094853772582
3.747659936491461
134.04670088014458
49.522756984470355
25.50791786576307
211.47599647912722
111.35542980293006
355.66481903447897
143.70748782514715
308.0897062804525
63.001668671875855
41.200804087980806
77.24567937124962
290.656149237855
165.32606795167075
120.10558330224102
212.64436627860312
92.44857702901434
83.5089504035483
8.682809442419416
26.55535022056266
221.41257895390518
272.35010938666335
71.23616053800882
327.2296140832888
243.11818299299324
110.93749524907582
199.64083385480853
39.97854475484247
282.50523449096625
161.65527785375053
37.236326854720865
28.9722078136287
163.76906831907235
353.08313837544387
93.12577340483762
252.44619111686467
244.02256144487322
196.69061024782414
239.88106904485863
134.3650206663532
343.90939618154056
138.83131794868066
145.8171263236209
82.81694779767156
117.13285288333545
22.39398973952863
222.41263549469693
313.89121776607465
170.90317173373282
26.568429910545596
28.118876429946372
109.51564131693387
130.59579618461345
48.53626821967357
241.71189266235436
148.70885029533258
234.4517450556616
207.49787281779393
101.50789427068587
83.92806331943824
227.94053564971438
269.2983502066387
41.17525214420483
167.669931075667
102.445002955859
189.01715287764478
18.540984867819496
69.20840233818345
189.21655581052687
9.237381033184366
90.70342933089873
177.3302648385446
277.08842915657897
153.31230800140617
296.92688397701033
262.1555117138213
131.22347175628093
115.79844096225122
30.208242351164753
207.60621657096416
210.21226737679336
156.3258144797891
209.06943636633443
185.8142540522075
150.12614137132314
208.52778880642822
303.0437739954491
125.73468312793982
186.66908217711807
262.2543289791803
178.488249973475
190.45818540060628
120.36123676856417
245.1441022982254
95.76800607582902
181.19259365376445
214.72597622098556
118.73243750903278
44.52300848801433
10.609908037211259
33.741612027527395
274.6237990189666
270.6414071645895
154.23210476251933
312.357616659121
167.85868091116475
126.72772817050542
15.75516998210409
272.664660847745
257.45687172239326
267.26844101082213
270.6877489645072
188.34646608429833
298.2201438561128
230.36121923901865
82.40711790837572
221.33089125586062
123.22928162765878
359.78851144615226
295.7118337173161
7.096335894717005
113.07180447768657
104.37998130845521
105.17694517628034
188.8790531342628
325.6883032846696
226.0224049562691
149.0943147194738
56.0656011865855
39.82693431308114
273.3398066243688
134.50700102860333
188.34401620530937
5.447065752129334
354.9805670213603
74.82335231250315
104.72627816273207
76.01478054840985
94.6122857078696
18.722905759731006
5.343602810724408
40.48441278813023
309.1394423812947
287.5429114019978
53.95525758027606
256.86177463946154
62.32255084415874
318.06064401928825
40.40073137056103
354.5965440525795
187.89214290901037
108.56349306412284
324.7638710842986
179.65253954068012
349.4144064337155
228.3250549990085
338.80704535701193
23.956450050735224
208.57970275225094
294.0824199389671
165.2721134548451
50.02691010787042
269.2492326006557
221.8359464735579
351.93426296805455
171.93757867725748
251.5090529988661
108.26982526795915
64.83374857617025
45.36927377634665
188.14473329322155
283.31798054086795
263.8995966798
12.357898975963888
225.3641874203314
223.87655041784356
154.21854973591368
280.44641121130974
310.2599501396403
188.39073237628492
127.49136252754415
251.30060953785483
39.416584493477046
303.0203501938676
240.7578832876549
150.45014671437806
206.23268034953642
82.31505643504401
343.2611363410174
67.66775102991367
218.94117218265973
0.8065544582859285
17.359964068596128
236.6010175873585
166.97560458914566
66.65206754006235
265.68863311022096
262.6230266036356
330.24417158547743
344.43938955557536
234.30095137268697
329.4692373684641
154.03733554016188
111.49093834478361
90.32561038095591
58.079974340803034
31.708931580675014
10.480336048233031
312.69822191756657
175.16918091752837
127.93467965941814
260.9018769344572
105.82503354724166
314.39181962534354
97.26616836540198
192.90972358234148
208.57194300808374
279.5836904053044
225.8623308958596
109.2702956187459
124.76172079124991
107.39926693377411
128.69467642291733
164.64769530575398
26.40138694092236
195.77437922142704
70.18625937771236
216.16877876006365
197.15074040666727
334.9924221404086
203.15894894778407
285.1910296544473
331.0820052469408
89.73421944508048
179.1270218729307
297.4227346267154
200.56983458250303
33.34310751204204
112.3897769518564
137.02184732374405
77.18972259121671
309.63868913468474
261.0393026333819
280.026207686998
310.79212360779195
332.963875823275
19.91423557380407
83.44453835403864
324.45857353355575
253.75171948308918
63.69384437062506
318.56406088062465
126.8351902306218
114.74992944080319
332.74119923512
230.50724023734654
38.377930074944835
82.1426081240161
259.96813430013145
280.7967119228497
74.33310122155494
276.1601783881921
113.90868419478554
225.66392570678275
244.81571946023698
267.3702861577403
221.3519701330874
20.06373778380823
161.13727007361564
127.69370493026841
292.2992432940198
175.83357327236774
137.5736146238548
189.29109177070072
60.67424681274509
42.162576995999935
249.05267229135853
129.8179142862021
16.129703396659387
177.51247111863847
147.78077109238686
309.1463441397159
15.457198845031543
104.35859297045995
335.6155183668667
70.5046148705296
146.52145154113282
1.5960657366560227
74.03205249772788
308.0859053642158
53.304291498886194
214.18268774141245
149.81871082277223
233.53016014969592
257.55753616969434
205.56648905436734
262.1771924508139
65.28411263005898
150.72811106102466
305.6728178328458
335.6912521109557
237.69612886555052
79.23285114168837
275.70202791641594
233.66713265480365
0.8041583777792827
346.82436963653737
0.7155882557600313
27.63799680224183
37.12656574280514
209.70360184128515
291.9649513093061
51.36363900279468
278.3672979966205
123.19844709966443
313.14416635895736
111.44582097843336
102.79819774108145
253.24238814168265
98.22360781363462
81.71864743343696
253.18311570311835
351.55052935976585
243.24884979245644
314.8625673932826
55.459763303543426
190.3050525742451
130.46543130264214
302.22939032756204
359.997016231075
340.32575750020163
20.356436429086134
321.65504584383626
150.09679187868196
76.11564724003645
225.65682369518876
33.07573644372737
86.5112990555096
241.83553546803864
161.13467417695125
73.05220860215272
22.097995307127356
94.17564367233652
23.906249692785906
141.84588905310818
167.3360069173117
91.25629017289191
1.2781665160911349
270.47989031939414
355.2796271255196
201.10380087840727
346.5868690425885
140.25665264829004
303.62577394293805
158.91190409246204
168.23171396682315
223.49328321426577
261.92396333268647
129.21276480712496
343.0748561835584
321.77466769624965
3.559034105049199
187.246127654121
232.60764703109598
356.81339480072734
174.98819897935053
243.22881178853598
48.759660398058
99.04471920392575
148.81569998343716
213.89114589255428
145.9531764118983
220.37377966635282
342.63999727509554
237.56080650974403
86.98254139850847
350.03141932493446
102.20963233900625
12.238598606185178
122.52411488637158
216.283811331728
225.2759936204401
310.5248755860836
57.559561051727655
31.780576305924228
21.632184803744657
30.91931166086831
192.72119243892996
226.61461135867563
225.17938128717913
181.93073049932775
124.54528302210204
90.70637029312208
135.46299131353382
323.5979125997549
25.845225152721397
295.9140868101197
68.97301794750138
50.43617046618373
325.89346564236035
68.31069389511839
344.6043154554513
170.4887303648942
69.82737824119586
332.3571476318257
133.0240429823831
117.07587871682918
137.67096492438554
251.24088799301185
6.295169589549077
102.99903159006783
105.59077567148722
201.437471910348
211.95655474033617
71.3707557503779
195.4810874212792
344.59207244363
4.8614826836284974
212.9060442323935
43.69970480800191
236.10702737008205
40.42835645247404
26.424088119449106
245.7527251881034
137.36036385775455
304.55853813203737
237.47384514207522
320.9526765745489
117.26951053365806
208.32814026696906
159.41080972177502
89.55142940403415
158.9532471542922
309.6619578148022
161.9164845537753
64.57558688119343
288.53420426935566
39.549340732213544
3.8660119939426663
291.56867711928993
55.6632777373318
86.96346171474924
170.61354479839125
281.671178123363
79.13616033992115
254.49685284817224
230.17908604902837
236.94565666873774
66.01150706085335
235.82768203113451
308.4843694260521
341.58121011413783
118.92926400285549
326.482982807897
120.699661199848
208.58776452473288
263.8666233556071
80.96624233197414
303.92726464527027
228.81733272715917
159.3582347980499
332.16875949346775
235.8615968457576
207.62605061819667
248.24640681302233
73.08536727255014
94.72986903592731
254.21716885282245
64.31593013599797
266.20690242868636
57.7312967708791
209.6819416931492
248.70744540311074
332.5633058419268
248.3569853944026
81.98171528017548
304.7920996997769
320.2427271387005
287.3865947850589
159.5913429310405
25.22949872671242
321.3137612453087
118.02205189306082
100.25028311082463
181.21991704089018
316.42920583482424
122.5324619799706
257.2445842027573
311.5007698975038
37.991639888374415
305.9486617473943
332.86939377130545
7.426551717153451
175.61239731950621
91.75976039178839
17.198217307334524
120.5102985105289
341.6972616094471
255.22813422945035
100.01167788663474
260.0939232802934
150.34361155120752
231.85333894039647
74.71514396629091
241.35368373070284
99.33548041829431
241.67964009815555
285.3011689416201
147.6360318896822
2.8744235224079873
44.55566156784295
0.8891211657559372
306.1585249016351
181.78569963708685
207.11897816248197
77.10117578530266
302.39897735557963
358.2908562929483
279.19230904355703
239.5100672889172
296.0356733732327
304.0392762998627
205.44226733146513
301.6210105701219
350.09003724842376
192.94300071784096
197.5654612105588
168.32627195734378
164.96261589320673
354.46041404101265
122.93089494803954
355.4978339652401
200.34196147509434
348.3262763767705
267.5217896530776
217.35991961267106
350.5052897910351
308.32684352787624
24.18381678153328
315.50981108713523
312.3187869034669
10.57059856220642
161.60085951318155
226.93196270197612
270.28443840499426
110.80656401155028
45.08364335310277
93.07685876236303
239.26940185582293
185.693728252992
27.170339008591938
358.0528322823916
273.09295986672635
284.52681898717526
284.20259992232263
191.20533045151114
245.93513991255335
210.77498141743632
124.45432727379784
157.83505677700333
3.5702691810552123
146.89168950837112
154.054706296314
71.5326431817176
82.71756042707888
71.20568990775982
138.86094619073063
112.5841399049204
269.3401293977292
332.30436281209955
343.6003791246139
309.1284261689605
250.51280516399171
144.17244276842374
284.01552560657643
31.223846301624533
109.51805496128281
204.45054294710525
193.409789430124
42.70812842226599
20.11867505029896
158.52963701285532
281.9056268467205
211.7123021788763
293.49461160745244
273.7990744732571
294.89101978900936
37.91554967605362
240.12071721003778
331.2173103647088
316.54404884797884
273.1049924850601
88.9008795070891
25.47613595437227
54.98960335532416
171.3304277440246
337.1635547850401
170.3806965052767
227.55626835020553
345.92103777536386
147.66220822474546
12.669195011250572
217.76534698615686
32.85742057698794
242.5137416654906
245.34769794653957
140.09833777202553
43.46888321464709
329.0467099008837
240.71705215320213
264.25290532808424
274.1526295290752
68.82036122200968
73.62048908370267
57.51168952657203
86.78777487576629
88.61454680523757
277.0420605486443
142.012316574764
260.74402625462017
170.97960556535278
125.0375276951877
353.12092136494965
25.86113161632927
151.97437652179696
132.0810232966372
25.775701217761767
275.50192169352687
355.0096483027728
193.26227059240603
147.58097663458557
349.75824938745603
322.25321207862356
326.3707561181999
180.5964015556689
51.11583688519316
328.84202317725595
154.75474562345929
8.1798503665785
88.36035774461942
240.1858215663636
8.944744609633432
208.9068303388314
259.23392747985895
338.9356901304359
225.38232133064648
16.50308219329453
178.32747882518828
285.73011499550677
2.19707977795057
292.8912338951029
353.9212814543104
306.62018624781905
74.8258559702226
180.86640572692193
275.96222926215273
260.11456515219567
98.3699266570526
293.57969980475025
297.09329822719866
188.07398680073626
208.93754841882495
179.92261959897496
189.62686241273937
57.22408606275367
182.82074995788852
218.0695098637718
103.58044990544161
51.84438533075578
120.20665926396674
193.84907393134128
274.3697530622044
143.23045605987068
89.22562397088001
256.2802998320002
233.48057116615973
257.81510113945296
36.48939509871554
349.52196886710396
261.4176353925565
113.3737332004962
21.874788983040318
118.64908647211291
189.45508847618402
51.52795263357054
228.15925038177943
356.0837114102367
45.18979369428993
164.80066151548118
230.2167733814432
16.171497312099525
326.6252573695257
177.76470028231327
203.8339255395326
277.309594257629
280.49049783541477
334.36657753182595
150.80726784535193
314.1954433453134
92.72481043821871
87.29544859878186
214.8352685571173
237.18004019033103
12.535869554820454
0.30687723838274117
201.8190573876184
221.37351377426643
46.16517326982225
200.6998208728598
18.538238035747696
185.06464620317533
172.4715279206504
236.68439468553777
145.2692271519619
285.18026595706965
329.6695571096786
343.16706271537396
20.765418111832222
216.9243326304725
261.0371651520037
179.51886772471025
262.11991285802117
235.4007298958139
247.13207207016833
314.1814732132643
287.38307516841377
238.93775902729507
113.03435018267255
253.50483403156514
155.40884666950518
6.996367481018004
81.35832255097307
5.999300980120199
205.25521431489938
9.958363026017416
5.253842593472635
358.22413560098613
166.56589159327564
343.75469049645153
260.3434543490001
174.8233992956676
222.71171407847703
329.208154423327
20.518545312706834
282.75927025155494
40.071914426420065
194.1288339248491
269.7441446262794
18.581903682388344
349.6869624144749
105.614623399584
30.49855305490599
347.6139534000046
1.6161823125215546
80.67335024962951
159.20067319365563
45.217126871121835
267.68506443243183
335.1969568165516
309.95429346914466
2.846938206552707
144.9085068603598
194.4823898648967
20.1653007398918
85.39101765230984
229.72803689850863
182.90777933829636
5.064236742539574
121.3255887798248
232.3024684077459
56.03662716614997
102.89329362968473
33.51329541625559
220.4430786864717
335.336793029285
128.49328596521545
56.005251860064234
304.3859041505903
193.86508402293524
10.252780667072923
190.99864711219314
336.4453617421776
80.6823739241452
203.85813356550645
60.140784876679035
63.69495248677054
262.4281592438949
176.0096822060034
335.659165484763
37.17235931414727
222.39759846485
92.24588655851808
319.3364655068263
127.70782924827179
350.62812570601665
285.2440177039444
331.13827316061247
126.32619624829255
262.91675561758467
263.4420930309032
174.34050920284236
56.27470595522807
82.35329378796881
184.55382405368306
140.2924428719592
254.08005151043002
343.8687129589041
344.5245503890394
123.49049759928175
28.639830896619756
280.4620947326966
279.70285936095297
76.42683769042927
300.2050896880173
159.18334006493475
188.47908411984952
283.71592012749096
175.21220684486613
175.61339254973606
308.3684827533631
56.29132371508697
48.27393822370143
107.49722070057082
235.4934817901959
239.00407542209132
299.24102253545794
151.3492593069563
145.6457910109574
308.74286911739847
291.0971737210695
320.2649992994947
189.58598829301934
255.23562336019418
293.55216512991353
306.83634807860176
269.96446965910155
322.98078466925443
317.5488689439094
131.9824886258214
163.22449610418198
330.29604236435017
207.501986653323
328.6722888361848
327.0743776232193
110.260929627364
140.93764507390586
288.92783851064263
252.59264075692786
118.36914065297742
89.30459529837336
133.16329787548983
79.75630967502934
22.9951530277229
79.07933181005247
202.82705080460252
356.1592491163743
337.319039684021
178.8889813797806
110.47910688336583
280.91403355386706
145.142295429145
106.22752162437253
285.85006802013794
339.2071119443461
238.06667386943624
316.44211740277893
252.091721420442
17.704021852860798
357.79687900248126
47.018359473831254
53.34364302045206
16.97760075660829
204.86730259031
41.79438226272789
52.90403177496416
124.35894068482926
113.88186196648688
332.58564238852085
50.70728964850008
319.0872050689624
285.39504372149554
229.80351609471384
89.47464917122565
31.361269620117447
285.8515879491704
249.00266411331563
270.8185618861887
247.87228741091235
299.5408361826772
356.8933565484729
145.7451860890494
348.62330534807705
180.31131968662942
58.20691409179712
58.41388365300835
173.31830654695116
65.8299828818183
343.90358178297447
7.676200791881569
170.32968483780652
183.45940985414683
141.56398818558304
267.83122779627007
137.22981433080272
174.3656949789537
170.4068101977263
138.1981294261031
139.09883333577073
71.25859768328378
126.22683919332482
250.52078323368727
289.2973559332629
225.20458230618684
265.64915076689806
253.88335336947813
77.11944883603408
28.24248147753577
324.4467594312246
338.73002949987995
227.71764055978196
181.0706798510194
11.270588862042539
34.745760060062494
241.91840422084636
348.86352425204643
345.99222612154415
61.76934961091352
227.023157995986
133.3140329229358
60.96142212891599
168.57395839453454
234.41615993185133
205.28879013143975
273.8319401601504
61.26440469719303
225.77755177088991
350.02014927842384
232.21090331641093
221.2044506008847
116.92610323837519
275.5497392269678
163.23822924270564
281.80164539984463
96.7929215937907
325.1766278207181
295.30453261087
354.14099945848614
108.75392573852767
75.95219547855424
194.46718078926264
63.373132518933886
132.5253685368025
317.8031299923706
274.7260195811323
320.92643644409316
357.05339883318345
11.652887602574236
299.17158713397663
92.02686756506695
48.30503340308353
319.95099006588805
208.12035996979222
63.67313090132769
210.59469904171254
249.30871786408696
330.7031622970097
135.12898004630983
296.0568103244749
122.47870287018603
117.97419495751714
201.1584596895157
114.10162412406365
125.70503275053638
138.46009939429425
257.64401773952517
211.16807990591658
277.5095556537994
321.16962186837407
69.89141962537201
330.81387601795007
96.26912804969886
76.43627511631668
345.8394695191321
205.15965200698815
246.47759702504501
131.5678894817063
69.55667657584223
150.9307113226076
37.37532409970085
46.12843050586371
54.82091451388361
186.81615787178725
192.66830891181107
300.779112049792
34.242373223604844
253.59215411333687
46.34771765006017
303.9574440290517
306.3039888554745
164.43218093922724
7.160059146180577
232.2741911058046
200.85778283344735
180.05412814468846
253.06695414820283
153.36006640271574
353.0293679883168
71.8303740915946
47.07277840062554
173.99536079325526
276.1472302827534
245.71360934918823
207.0873334205017
91.70728413445184
356.22713014788116
270.8077963470574
235.02994712760525
324.62148411062816
113.70641328186808
28.640158371670154
294.1702787438352
112.2055980899085
72.53663192171581
312.66667652083044
18.740258445244713
38.64437364531238
202.4074350770083
62.270060109937575
166.14071026447803
270.93746719210066
176.7882427250788
111.48595756009428
339.60513113382405
45.41242244087226
257.63877543880153
129.9193039379964
57.97228570509687
359.19718479187895
237.0531147028478
211.78981030191062
209.25832871518494
247.29774078769884
56.76643880947602
248.77165035804458
156.0080090835279
291.27836003026647
48.36728392767269
83.26932283773505
22.944049216625086
152.1431087209659
270.2225627381752
80.99805262617859
111.22225353258834
27.86934951585682
321.53634109684157
305.2136963908477
68.63952969687479
85.14493733372257
49.6277013375383
159.66368714462797
161.43060506728398
105.2128733287931
253.42689517818312
193.3071673013482
60.828618648623866
335.32852454916707
104.35307493764695
127.07882629676163
16.35366726597929
330.18595950884594
35.151145991536204
151.44788141888324
217.83241668158263
161.77186551515746
287.92897653059833
73.24977264895975
29.441134470159756
51.45663611153134
244.5507221208853
121.24502901065105
171.6033286299753
114.73421475210671
245.7056395928502
352.0862142594187
270.3623941687579
266.8734747566521
239.38613501240954
351.8503833363715
8.888748187854905
56.84571117928964
245.17279274731544
23.02111004741352
42.06982401459478
357.2443216047243
277.63800833575203
2.7806448750819612
272.67059215231524
119.51426583291759
120.34419244130608
275.69944082320353
116.3411326518068
326.66045111391253
301.32639859504195
342.3866833934755
2.7869885264677086
39.70598853229175
111.61326522498908
205.39210391127406
331.706982221452
79.52232026260593
290.25441702894557
314.6260610651796
264.6423597021398
332.2554310914516
272.4862607770236
116.79108043700587
47.670051287325975
314.4233061117534
342.0824392819801
56.79501197917103
184.91206281708554
202.86183481973302
244.5990767663411
263.84224708678016
39.12187529091576
345.04757488778955
165.13911020415833
320.87609763197383
323.14800285025035
156.9276411331882
212.42402526849625
303.27202846683673
184.8637278836723
128.23830720994118
280.37541685015157
241.15791490751465
218.19130276581933
69.39560590619648
339.07277424519316
149.4641519003232
354.13770053752637
189.3927253679429
118.86809336142906
300.78295543987485
78.29838994320217
130.74063959255895
34.601763309714535
128.34273029215225
105.0743269303085
65.3398334554988
171.2785691117537
159.8799955450228
113.88670926750721
294.27268424110537
298.22627096046887
217.91795904098583
98.96293364687833
294.85750133794187
315.6737693970455
177.93716657873819
101.80628532499851
59.906934507529414
225.8494620096816
53.150644581335904
304.25101809507055
116.98485422139629
220.11492908802137
73.0719910294948
60.04344868423923
159.5575233506406
104.31260580049221
22.79187467498251
234.17885931714434
47.28633862762273
246.4207902174303
130.8547139115186
121.76292993195288
239.3110197478837
203.77273761309186
275.8539702506369
71.95564918479845
232.2237189026329
291.5112875939028
25.341008236693234
307.5945693890803
43.535985182137985
309.61399408629995
305.3690798730217
187.383379162738
331.79222754175834
212.7381282829504
124.97047800784483
265.07091859570636
176.0847672554791
85.29893528834943
67.0916076022671
238.83468698037532
290.57712077705
173.60838782259873
165.9870992028861
214.12198417254498
43.74388715248583
87.56603866572526
80.8007629051521
224.49104055372862
7.386892213993552
56.30742440803685
346.03786394201967
107.53330699917511
37.08914298238439
105.37957826209336
211.85939387479021
176.7473535265321
323.6193879167892
57.427386798681
260.6059962952464
225.27372655845116
333.9018313201667
224.03831315276565
160.68550775527643
323.6893695394851
280.51712132673464
353.3075233047196
194.934728654851
31.598972425309007
320.3021580140039
25.848970498972776
97.79255687941527
31.550083940240373
85.46794290006278
331.39254883107463
14.098208295785772
133.8374247027631
194.75625935455375
68.77107323121434
332.0548698761657
52.05137642830899
237.50742454057908
134.0153443910721
343.87552573083434
31.764225616452578
290.1130146440534
154.43909508374836
69.8544430485827
88.53718503828905
312.17908957357
151.01021656345614
25.084254775472942
276.4700384729772
218.8267842644325
146.96832937473982
92.76524379112458
344.80439763780566
275.9088885694624
307.5629618007422
114.02972391707571
107.630671062099
36.522589558463345
193.95076270816804
231.43149039254442
330.5377779325231
90.04999543731586
3.704014024514075
311.72622383096063
88.08384629700546
309.05971573726976
171.0470476312286
243.295912571739
167.2551209300803
294.7543321432549
11.850907004614548
74.54645915082044
264.61932912608233
218.25011733555243
61.581007580407615
191.83444368172854
8.668941444265737
232.82695280031263
168.8062897247006
188.95551639125935
313.88869519260186
131.38791051747006
192.54273328124827
114.95345889970976
119.37088254465544
23.719639158403037
108.61777182866544
322.9854549643045
302.3409744156548
29.746098402350334
338.4067173460305
300.20585745244244
285.7451555796571
247.819867745193
292.7058293037712
37.10695143794527
59.090452286523735
41.196832488632886
34.17114256077423
334.4822989961696
203.01721745364785
231.1914443602016
323.66602871953154
27.15415494053927
290.6227735409282
52.111514595550354
9.02455871127501
225.83373394999967
52.34397264626643
230.92303859254164
259.15180822481517
101.95898269346361
16.245773158416558
143.69685732852756
62.04634507152807
145.08156204183226
211.85168151466732
311.24093820451174
292.24410849092686
208.35115573292708
113.1911176585287
87.92327990744816
311.34706197600883
104.8715990988902
215.52793478644043
310.5421299876301
14.714003290238793
106.18024403645721
170.27308776768805
188.2018351478308
238.05497326417793
263.8281943885678
43.873851644122155
349.5040725308721
9.584743597535423
226.01585750022826
59.01077049886976
79.96589154814943
116.55506564202672
113.46465440177604
80.22276743168737
340.42743112245233
329.39924956865644
212.1823726821495
81.11982273883496
116.31390306600022
152.38672604962622
295.50627515135903
116.6316837189346
287.9678746862203
226.5995313388263
23.784366625596938
121.28018971996595
333.8694073878702
299.2063467531058
87.28224884833352
43.25176552961715
21.413373953179654
352.4241132283908
276.37900552163035
124.08587878068522
4.01458259300056
216.22116140710196
242.8426263291184
265.08401631215526
328.6630980869901
90.72977868359838
36.951664130730194
344.08316374486515
144.65361298667008
357.5004825643714
87.45664132964248
340.0265147005153
352.0642711799002
63.14390097698753
94.85105859061369
267.8033981082736
297.66204111747714
234.5706841117419
173.1486611279763
182.1193892416436
236.26312070668848
131.95357775328364
21.34000491641403
236.69667556980207
47.178466724515836
63.70004814712549
292.9279328587168
343.89377297996487
108.22630885735963
237.13782639874037
100.41827625662296
169.872717261198
3.8946972093807597
219.27986000990234
21.36847853366787
141.73107769008087
239.58901370488982
333.94912537505377
223.5735773337648
315.5550015896995
310.50078816295814
204.7079487634607
39.19531075425447
38.138676762266314
131.48583923425696
107.45046998288662
171.11702598472226
50.15464211111735
213.4410222155479
22.180877134197935
69.5332175440627
24.848419680377525
112.02098672774157
310.4143108446115
32.75940967512137
193.87006421648098
176.13721377830288
72.80111499842738
143.47448945261843
240.64413415199508
126.53381020634478
100.98949260933757
330.08430381307636
1.718881443640261
178.83558374578942
128.4053601883611
122.62163082870327
67.8243376647411
210.81597116337952
326.54255848762153
53.574536995632734
238.90806779449383
180.23335301105095
166.52035948407638
56.26147937629182
321.2065210586854
27.43659155760918
110.07958908089891
276.84802832240126
79.4488349158631
166.0414088335499
189.8523586939184
80.82693950615868
273.57913737588433
335.33150496700256
105.6548794222279
220.7594148544965
136.92234539339896
179.639259966595
201.71654273687443
99.30250415080137
71.5076076149957
352.8129431796723
319.1726897486085
90.0235882305877
266.3025556815535
99.97850852080461
158.81262949808934
288.22993417047655
105.40058662258195
184.1558788224708
280.9882532220629
255.01754510713053
305.7424728049171
101.89110543218519
172.75294350233978
329.9702566069512
147.74271760056632
289.9172674264955
86.71441827681755
121.4165980149445
137.22998692571213
303.9586845666007
241.74914122326462
37.8783409421967
83.40017478784357
151.14448194962114
192.64011685640023
120.32141835442958
215.01962560355
359.09911626538883
323.8639221197959
172.04636750454117
185.90515574028456
167.62910537124853
102.16680286580772
261.53195543937755
200.74643743979672
193.02663705470565
213.23386771328848
173.27236403102836
63.625684457943194
120.36244679903255
129.6693069124146
302.6246630785374
274.1282087755761
305.7417741074179
210.66979912318192
72.9101003886171
169.72687873707818
218.34890646964226
78.18721142764322
196.48911247360638
58.16235256399661
141.2072522009561
70.0407658703942
246.2565791537778
139.82999203382718
39.93354167227066
277.3530500859868
289.98043633385146
267.723675767841
320.36624928144215
271.8480054043087
327.1333557267301
191.27543954353473
128.80001530333772
77.96356704164883
116.3436212952261
40.469259797152446
222.65915350878893
45.39508540428835
131.3180034639394
27.896110735944553
294.7952495768036
149.60032648834473
114.06611231964916
278.95669520667417
131.19509401576985
330.9604797986801
126.48186899221925
224.2071378171224
279.7369317298192
257.7058302784676
254.8148775905532
22.882031231399253
326.734545777251
163.3788576074699
156.29046805677467
352.9184733202914
258.360213023594
126.52147970471748
93.11415886376676
320.34347485009346
45.63917085201461
248.4372899539974
256.3226912064139
89.67643824981916
174.55980957001506
284.29364915096545
160.4202247690052
277.03735820538077
26.945258084174014
233.49266239851764
289.46516162163715
258.94051619647655
243.0837953219275
237.15398509210397
36.249327881154095
292.29237956595443
223.71686720021933
23.716543536572964
258.43790097778464
154.90167554761385
356.8352179735467
48.080361764404145
39.015169645574986
220.84850523126073
183.8350742574111
105.37368704439145
3.1075571360551413
161.34844424840253
189.9379917236637
327.3445828462509
249.23203374348128
89.28679773849434
335.37948607036856
247.54053881368196
320.2445829067608
64.38696827581698
76.7231091352171
50.853188051133
27.73994294358584
286.0162707758872
341.7582730500741
3.669912946996776
73.38041851195445
101.92131851464006
316.791564353084
352.78757467216406
201.6080241659498
33.724248056641215
141.74299805271008
204.4081197431339
150.42105358074983
3.8003549812274073
246.31013451981633
208.94966155177076
100.37230537599154
243.19623804459033
19.564477261504546
43.07073358363175
16.67321174131044
6.537287020491833
305.69638751129287
257.21942085081173
75.26429801375366
17.41176155280669
100.22593728795665
285.1833723627252
60.93932174831549
356.50827329055915
343.8490655142235
131.53037902693868
64.08652688557966
284.8222594412234
115.18968574015545
183.49363613868127
342.3376603669568
225.53621893601988
89.08010796132321
335.76956528237844
334.3912512527283
50.71744501484653
13.59359967769866
249.86046667831332
115.503796083558
292.76619154828984
246.9046162320066
334.0079042847952
187.6187133876635
5.586193479910437
284.1536089677886
85.42726064501343
81.82963035097144
16.738444334836306
254.84498876570422
103.46752337478452
216.8510805484861
239.37838938593887
222.90849237305784
0.4848344873536714
44.396302231505025
151.56556733751566
334.40541902508033
246.63202739004822
120.83833349376647
140.57388610187368
31.963214347672974
125.43067302032769
214.2571860903085
271.11982217700523
90.37308419798795
168.90619254433767
6.952452560665523
8.964775630884333
124.3870211305353
164.23054634523893
105.72724551976239
235.13699072673515
37.6022573085755
38.23116199551486
245.7259908138533
41.0574151728038
100.42257507409839
151.7888600450823
208.3349651011722
221.1430265454865
285.4375552913939
93.06145774815865
69.63142015683086
357.000202208709
310.16240748842813
146.63394400082979
193.0931365953558
156.10963294196824
59.93259593205329
315.11010341957683
238.75744988373333
67.94357402089136
7.848880426128297
120.32450797280828
100.74475603714457
191.7451342846005
34.02033791908468
333.268003535485
66.03854531288754
312.73832802888614
232.95392427671175
314.9835685343132
249.6402573634143
357.3268851292219
165.79130985533232
235.10394630385528
64.69394522193707
82.87860206214748
203.19481401568422
270.36602990409267
10.902347096293067
133.98136651901862
235.03602124899365
172.3513889442409
330.532360128254
24.595726285024778
214.64227511680136
211.86625813356372
8.534673757790511
224.31832399996276
278.2077210994973
336.78831473701905
341.7786957320031
337.0091866528938
14.07705590894257
300.8718070555137
152.13062067737576
241.3251744901187
11.961939255415107
92.91640938275478
189.0789701545333
215.2409893991603
58.751340534541804
178.86957375934043
39.83844245770323
170.42786756693704
25.428807180429494
183.84580023857492
98.33969150540105
257.3996583853611
208.71115270206374
246.71072170758976
79.23892915386293
228.62455437471885
51.374612080015545
136.79163016163722
239.05799583894108
344.3400984876926
206.83608415633077
90.44042663549462
323.79207324121
314.5981987543986
156.40873391077344
4.588680022282765
20.79872888521027
351.10555416998193
271.75253829232355
355.09893623418833
232.5086417952039
333.7145240309632
340.3922824324101
189.6302713838229
130.47474211192156
338.95802784467213
218.77675041661783
57.89997998383329
130.50327111539033
251.81141664961072
245.20459187093365
26.637843119552656
213.08669647276204
206.90326110801348
294.0438689593963
142.1929048023503
198.08502108567205
261.68602721005277
43.02388767084934
210.6672215694285
308.5785612502335
311.6166139467331
156.97930281480726
43.61477404166563
106.0418804391793
96.18600927293622
64.27840360432715
206.75803969781157
207.46509330178293
334.6760817950344
96.26860033714725
49.838620424738586
344.7753077413817
211.81088167793212
55.42410546479824
227.6324401897005
337.88755117258466
246.008664839793
14.482116132610319
5.324152146095029
264.9411302805834
96.72998961618488
126.7053773970101
175.84932214559743
326.7538408708468
102.45641260128009
86.51076067837973
122.4771536910999
177.2530707518667
207.12314407398478
140.0548029511181
276.8204728425253
107.61944701073567
190.36830186089094
246.9689199296377
30.623856456813925
189.10508176654662
85.75032637745943
137.28841568830615
299.09471279309844
257.96527906356505
231.1242682809999
71.72105720519814
204.20641612351508
65.66880903517496
66.65662060362703
178.75259165864858
108.31633387935717
138.52878374013667
58.497600750390845
348.68797454176934
281.6059569321526
173.12237130278123
19.918634523782906
212.57884324371918
71.26420287428873
57.34447738475786
306.76200538934063
163.08918411674378
35.999177659736425
51.6667805665989
200.33869790838608
324.70276983313835
276.3775553178886
91.15029500137787
298.4494543704871
332.27751981543605
209.6549928589747
255.98616115066633
353.9930747195363
9.803438238609754
147.17495130241875
166.8157729997078
130.66530083314626
355.3223510297679
153.07733021798555
230.80810994301157
166.54037341405657
233.31940271708433
114.97251201103182
335.4485937100078
8.86663825455054
252.49747780235106
100.40035107630234
199.22037514527557
267.1965394047677
264.69765628206557
267.3077127631596
261.83551680103386
47.010398966717524
39.83015255144622
162.44240002542034
11.400139514092702
212.2825414833256
72.03172585690301
338.4750311188395
281.87406203507663
242.977231873228
113.86734772388297
88.82488893929634
231.41216859256252
42.25107992581994
78.24516808037176
98.57957827388083
350.65115356700875
68.17759772823403
151.8155778187604
340.56233821457033
29.73201066939874
216.09857024158202
248.97675610244488
7.515186641630702
133.82500170837406
80.2461837227834
342.2104621842386
64.52989053648992
219.15062429907655
217.06858812932177
212.3235685830037
290.27290750965585
344.966461867734
137.73097649904648
211.27237189895706
251.2145119036794
61.71651014999445
173.5530859274326
40.59818808291446
279.9864265358171
121.51606880424498
45.683199943684684
120.10435518701773
287.15614426576354
324.37176861152545
209.09767609315276
334.25639976821884
325.12053068005645
82.01311733392214
271.05438446130256
157.88856934308154
323.4850003671065
310.9381947956908
245.4170264587298
338.151487646298
7.2088527044272865
277.2529044770841
96.80683040561213
246.23751285824912
11.961369756827018
88.1097545802698
192.3269176091326
110.27143610627792
185.5472226389458
338.0284746821355
33.64369213611596
319.85632059199156
89.92406486754388
133.10768475732007
188.49892398097873
253.11531905495826
275.24882820591307
212.11307162707925
278.2648836871308
258.6722735237248
65.55383588987706
80.65434367499219
286.9442073364141
7.86511200088833
255.06739826529784
333.1395765431073
57.0552444114703
56.58794954404328
104.8579664936378
136.92229951763355
149.13247808892814
1.5091155005571721
71.39479634625167
154.03317143038015
264.11095369109603
82.01403539096373
191.78229597425408
178.1146297261506
121.65249243543587
187.07333528989128
354.83906934817907
187.65346151278956
12.510646488100754
295.3382825175855
162.85696838826206
281.3329106569985
119.3203419372858
167.11699946839954
175.7893840739865
187.30230871286034
127.73736634982917
258.48668332290714
347.78208720118414
45.38900777442589
28.641654059087433
180.6484749106796
255.37402810717538
229.7536882776476
62.15769230651209
61.733203010708394
117.35958405825214
269.2169925884311
35.53416683811062
43.617889336448776
338.21769580089097
33.461699637378096
359.4642218727725
222.9143017585718
10.177536527684325
205.54139051037222
91.2166915869996
263.1425951499903
43.404351225578914
214.60311068291915
207.9876527140645
144.20446176254555
239.45312809198862
257.4580134190437
340.1709080270906
275.6218753574935
0.05191834766153036
273.6106014125401
231.78480343973433
201.60907453892716
351.4406166652414
275.58369107973317
104.08214791215337
8.896976711206799
163.90505005274977
74.85293324813601
238.40872757086842
32.33075016275764
216.8104485854247
263.4310130519913
305.66537818766193
258.6128623422562
221.35215386615985
152.1184594168169
92.26718336055532
75.16551379507366
106.40581730454748
308.66452129245283
266.2827945552703
338.9378468151089
237.27306814132805
222.55796934584816
92.47579322273025
189.084991411643
212.7829566115452
247.8944302197257
61.259040686341734
197.79742271705481
153.12347269157738
61.74335488648901
204.11204011224243
65.16088110606337
68.9413093603537
22.664204477114676
266.80054710268524
236.7784283046415
71.66245177571061
142.4981905564471
101.77639974359572
116.98795940144535
205.64992859337588
334.2882401393651
22.425045201484064
85.85995383333237
114.72928536625608
250.15659491709212
274.3668445039012
184.7618840748419
198.7763244523803
55.19593400164115
182.80762974316434
193.12712268127828
170.47584637770626
136.90650014386262
209.9729830787738
318.1680241531831
308.0239662455557
264.43826063309905
62.94955670742948
99.62402419406737
296.46086485599676
247.87368349496364
209.7961279731025
73.23759736034057
318.4847844910006
25.013294719183495
130.57601840796767
319.5020765184202
115.01215517461955
281.6027708852696
150.0013752374207
48.327273254437614
86.41279915689385
70.66676887070957
49.6692624790615
75.62002393205262
307.26324694662196
277.59144020670607
120.40818974748274
114.37866985652536
260.6252323296699
59.82398372445212
289.0430900945131
150.75188717080763
42.27052910893085
13.53413384375813
38.92552938580364
44.61379203917059
300.93729858566974
344.3093402213086
119.86522073151951
44.55902029830838
107.61724864651872
144.93144097015374
110.63789686661349
58.82277778526893
5.036937420276142
210.50972773827866
36.03357761537486
316.48262748795014
357.9105565613317
329.7215046729233
130.44850007448142
327.400233937813
45.20573733639337
120.63794944742818
161.31287655148208
204.71290667352815
347.57784331176293
110.58963326534648
38.18580505190874
10.286272741073086
346.29231326407114
91.7525660995775
337.1377037087931
141.39110101867712
224.36871994233957
137.61236086441852
265.0796920104448
95.96865149332521
266.3443252223251
120.19031010158187
114.98835509059005
154.20076195407708
129.9687074214045
323.89227875142427
140.51353336934264
355.7021614803018
311.3055259587779
9.067308927866534
207.24565276102615
354.50433575343544
44.13110037703015
256.8397887139366
277.9583478699189
258.1015531745119
165.18393160085736
6.505470900760395
200.43104543205524
82.18149273218623
298.7330650667359
77.75811329887354
188.99536854509756
99.26426456901143
147.09744136336857
152.24019996064692
24.738200432542236
287.3253190865437
198.16234389393176
132.3877544080644
104.3332617407821
133.5791886688005
336.6031693253442
280.26567176107113
163.76235443104832
138.95269121511816
192.44076846373721
305.0667271193337
230.7261391672773
260.3776853176193
338.7167150792562
195.17397986689915
358.33366480279955
180.8850410536282
179.49084888494627
39.162655558400765
122.69879597866293
31.583167260635495
230.0276121256126
349.8444138949673
248.36079950803418
324.9557920317823
282.9516386285788
136.43324814144367
217.98528735404233
275.5154683030051
77.31721568473924
202.13903085382313
86.59106369862718
141.70070905158104
101.95023116268655
317.9710807632946
115.5871022349812
162.0062242230645
190.08531976074136
158.260843212801
108.19326605146861
358.68741259181337
79.23500988979245
299.38924011983084
145.35728004524455
183.98156817745115
38.39164979445795
140.4308788343509
110.06956135468788
246.64026546928193
84.07702638209483
342.903849616846
268.01660298332297
20.668320294940877
337.41862534655434
146.5403156004582
163.80259304460665
63.51699233209945
116.34560966535217
218.96986107479563
154.50818557397574
137.58001879385114
290.1614774567596
339.4339270916079
236.14411589312243
176.69313580944026
208.16464323738694
280.1263090252895
63.596725497522385
228.43892672224513
69.65213926027462
93.48124331480949
180.9513501237621
93.41070134646166
289.55559379666136
159.7072740160645
66.61855767510762
294.1903804312498
352.12301864723906
196.0914026648599
216.47741077085786
359.6472314414389
154.47359157420385
58.07485096204263
298.28891778574877
164.26561119851314
162.51700985547532
251.828219814767
291.9218945809165
297.5615245211693
113.6429010541955
309.030301903985
322.4725276890899
195.24943025199522
143.74988765111502
346.7815664189169
77.14804605469631
121.67222039622476
130.5978915396549
49.05970798780791
111.82385260328482
212.10884692031038
91.13145976278966
280.85132915063247
319.47265734870564
223.9256472401141
7.335838301903905
222.07034025920697
190.20318274506712
327.1390825794597
203.35160244852705
205.60023239454725
281.4349439266328
227.80897769034738
35.987811291748486
42.27397557375882
16.77491878572812
161.78305816879657
111.43753608557296
115.33176597556006
103.45071965859127
141.66510779092647
182.91387754490597
247.87350328096952
260.69415213925447
286.480632873644
277.0885005309961
49.04944891840608
105.25802474578981
271.3654002515702
281.62883402647657
288.2089068253613
305.28797039831744
63.70396947260634
1.7941415457425691
70.95367230181813
290.0605650372305
242.49664941680888
200.96478019547106
77.01905980038265
50.63751187913995
209.33511887457144
58.14285654289642
267.1324568074657
165.2751241626708
92.21837455153948
124.87680872499988
114.47543400927839
53.46730419708479
117.54215374589444
44.72629025340544
6.102231234985687
163.78919707788253
0.9468497981468538
90.29790103578549
350.64405982697053
253.24784377876526
244.31008054541726
96.04630098967274
120.85497562991938
279.63519688328506
4.022006916082437
179.44947505777407
53.03195175207529
143.41789490613203
134.78282499909852
108.83062833340924
240.06802036829197
261.9873628125785
33.51350918843534
333.0137496615675
310.874256294627
96.63263417750551
49.57244791226445
176.16345686432257
146.13260076362812
41.387702476992565
10.32219429719509
280.5741183645959
98.81835922851523
42.9439017220772
195.1919426776451
250.83721136219003
87.65759533280045
232.1071579525831
156.73326770022064
174.7298818261748
312.66126031617733
69.81887548968935
293.7677740594148
29.33180223877184
104.10455533313088
124.54831002072905
349.577302154536
85.29153978299219
39.79635329281952
42.90335753277332
157.18849620035684
137.82751447503477
310.21034910099036
31.59579673821755
304.1554812453578
199.96290879069193
17.025970179679778
116.43592154703005
220.84563357225187
31.65786342629402
217.8536709613946
182.82079015136839
309.0852042562818
67.91626374088922
238.3959215909206
132.2192044650492
2.1230850325487616
349.60867782596824
303.02160681060013
330.44566709744987
162.2223695406277
352.6668741254354
5.708196302407633
316.0545994160768
98.7913393135694
274.46956437138823
115.53259465409488
0.9752313188835604
167.81655297110342
210.6530069534449
164.36817244636757
10.546517511140806
112.462716509752
341.2440866419976
279.17194806210676
136.4006469733706
225.05535839465284
61.92781825487324
157.22257601982494
273.18259110173153
92.26387829163205
344.42490124628307
339.89625668514446
118.88242198997321
328.154212996037
169.36933113998117
259.04434326955237
58.59596719578392
223.88189919612654
85.74006324836694
349.76283983831905
102.81860940091197
128.14773697551777
292.81461925885645
4.320764798512724
273.9160019883509
59.140090759849144
353.7768000969892
124.24060753009701
308.20454095923174
336.53909723685257
14.524675262275002
111.00107600315414
206.11357761035796
111.25991644257549
176.88894196793078
280.55845934668037
179.19027458314056
200.96350399526983
142.38603751051832
172.859793902475
70.247268904349
90.9651166879428
160.79429969597751
254.74757288545416
41.74209407705634
133.02210175130077
287.25549638109834
323.13198910810115
117.51670739443732
28.584433030474127
212.2682935424646
105.03377920392374
64.31422389470305
298.4425396039606
40.854095579084024
42.07678494966514
152.02924419554856
177.309080100311
200.3399067155707
39.23627237142974
55.437073254408766
109.72241602276718
110.61675248318977
331.125398568554
155.18630462672127
2.7612820151007345
316.39647341949615
333.8289444673787
122.1282126050839
51.4119286496413
217.9036244184223
86.26979873538409
286.59556577785264
254.03005151472166
144.603270743542
82.32051532921606
143.0323779775679
158.1919483900593
15.979611943671781
273.34842663251277
60.415341748027345
321.3305471037561
224.04439466292538
140.60983690677742
60.196703537614
355.9036418344074
14.16810726958079
77.88504631031691
186.0372568428456
95.44318923960259
253.99104771268077
246.9724851998543
203.38748592182762
45.68615899410886
304.5853869417034
252.13720056284774
212.01361558877002
154.08885205567458
63.70350671196905
184.33495794480365
230.85468335503685
161.37836287197885
17.861748857661865
172.01025041869522
322.13561154271395
310.39623923793323
198.1730563504765
182.4927385485337
40.45041289727518
220.34102397406076
164.25576861343066
46.4934659460433
242.56868987757633
248.6179456166243
141.21010068783647
167.9284720160507
335.0077158740804
257.85564671923976
6.567826209428209
12.274337004589908
188.95127814158852
302.25116020555225
207.2846927802027
78.88642485700295
255.88583069840888
345.2562623409908
241.25925397166415
176.18732219787427
232.3631492102067
159.7195202973888
263.5258098198938
313.3596061456476
28.588208269151842
201.95028818232976
74.18323794315859
358.153352180182
313.0696496038788
212.7721340381565
53.285520124923295
27.64571903746754
94.35953865885214
61.48489794889544
207.33385846960033
177.2662707028527
340.948081330301
272.7562569495033
222.6743720465432
93.12820458187707
171.66800550014435
81.81495722367816
83.01936736574146
213.68255905845925
271.5024355557745
189.91967469062615
1.4742074580053588
328.9386034606322
341.4791038387432
359.928955397277
141.86609006870498
28.970476345713415
136.37280113299565
160.8991568290531
179.83467356627878
158.15660209753554
220.22713862076873
100.98904464359063
141.0591279487649
77.57493707368533
97.24557387024694
39.55115461154904
312.15966521422604
45.20379833221295
294.3908066374589
342.14150175983707
149.22612311995087
232.05435776992445
322.0708673533822
296.28108872889004
49.58997946160515
82.08770062504654
220.5789281330868
321.15383883579415
124.3703333406804
334.74575387793476
212.49328607429206
161.0274081123993
192.48841193018976
101.15197184616005
145.03280331877625
350.03486516011037
191.2592820289803
358.51428910429325
201.40229269807438
95.0566343277476
224.33348282405925
21.989332373808487
26.451235858152234
23.793859273354705
224.67523902912671
9.243528996564194
69.50849383734538
346.7257523119153
338.4282340048636
310.173254254473
316.0445671392781
124.49516698669771
314.93373546345833
212.72270551845048
59.85204129719948
36.36810569242977
218.83006240976638
355.464831645714
238.72403430192637
110.76449424646322
182.0764085393277
18.587171983691352
359.1493953751922
225.4591011083855
246.90810361151378
227.15092442536607
89.33253029594238
92.90305241311168
15.144435971333884
183.96834706851965
4.88475715042338
115.21790391224235
94.93427832982945
194.16991995499305
7.823205003572089
83.76589725453623
262.93875128265034
309.50938895499684
327.05233319761555
89.80146990504389
198.11426624814465
47.681384224771854
27.292031299065677
205.56070237071378
152.6733452431443
250.40280981213996
123.45575843572828
209.24706061533476
166.4646781951946
353.7357515664662
158.7706007348426
222.7231071839147
202.92789030565467
55.10634408680323
97.47089687339216
127.31961627871758
167.94267763444617
293.70039121688376
86.68548998646031
101.0250813771901
47.30589405639164
334.39329958669094
337.17826817664223
19.42006697310335
244.2342876521704
160.09829379579332
298.8903098597578
143.0723895889514
255.20472314697594
13.393573399222873
264.7713278678616
35.7110070285671
170.60763706933395
105.51553627269217
85.17682358996983
60.347450724864416
6.103658126528049
29.28171451454279
135.14690540780322
204.61590167975976
41.23738991475054
152.23392137231284
168.17124355397408
31.95391977589327
203.77626431493636
27.268142776747446
12.584057473901504
281.84800163435017
51.40665748221843
80.24492048896153
180.52211190092976
50.219101431295464
106.83334374186526
37.54989262058228
164.4174287922288
210.1253946997228
197.9925326029348
61.30123827551567
12.285887633515436
63.31061725271735
122.00270233066152
125.87703681523372
60.61164337500007
144.72827626408886
349.6416392332281
116.66218430356138
102.41654103887291
275.0233740073844
96.55197857625706
100.39113989700184
98.14269782157639
170.05477389692126
148.04180748459962
166.18920482921646
158.26541479412435
331.89328979525385
176.26076521401643
7.391840186093397
179.0928285728987
282.33155002194906
91.69624842065313
6.4476930058941395
196.9975694970903
177.79388189451183
225.3483693703619
78.68802540430706
161.3649240190358
223.63546696565024
203.60636825220223
85.47146544726955
332.8309239090474
46.172009345533674
14.763273712955694
323.1896337336252
90.92291848106169
282.3824820080893
334.26955602199916
71.84601543507863
144.00434596934574
30.07905927011123
315.2407969771863
45.39645145516904
14.464177276137562
305.4401613451901
121.39817292327288
225.7669279928011
343.3810236441871
120.1537438822421
81.5349546959314
183.44016699629685
341.43040912874835
17.01988134755708
317.7659351864415
229.7296288106647
206.59337627553688
250.71287497134622
124.2309890050446
289.33585672404473
214.2630856326695
229.50514625806971
88.5880393775927
306.50665644176536
141.63562896237653
344.10622648781526
355.5445871270021
64.09923473233323
75.80983160696992
301.3721470397537
89.8411979032171
182.0689221155215
153.81047425501794
73.49185469396944
105.51431909596364
330.3858178212568
312.7878438346895
247.35886445232967
348.9298826028154
181.10692932932847
169.93597319898745
314.18806965880657
294.9932580002944
215.30837814901668
184.21084226063093
156.038967132766
59.1050005502542
192.80840951800297
355.71891884352397
63.75831222463002
221.84625161499528
6.088805250513105
253.68545288657305
99.95671924533988
9.041259712356858
254.54857931406823
10.200972501530462
340.98517582149447
166.75897767925562
151.2007472209494
114.48363641091561
213.47922089617626
178.9794780899024
111.14916724443428
191.18386293124962
23.8898728551085
235.0650612547362
289.65920908485344
206.29717182163137
343.5221341869614
244.8400966717281
237.36262190661583
195.5397253743176
356.95333408216186
340.99752321245614
121.11331453411795
52.58051662875263
208.30522078500974
21.71413105164634
61.23759314365449
68.3130395996355
27.695221923254152
210.7707819575018
59.39865313648677
97.38831311954385
9.293900210770335
208.13776571248079
16.022074121006938
164.52030557851916
242.76711854703464
170.89948548605972
62.20522876124779
10.613773809688709
91.48310912239796
282.55697871284735
98.26035215095368
37.55366113071071
83.71609725608795
338.1604039306168
159.51749301436695
100.53418060492663
137.1796949383563
213.38828008157955
299.7400676548935
98.09484570540538
312.57498360572794
237.60363554795015
173.48249284086975
322.56978180843845
268.43956775128953
134.08194360879523
90.94562298639399
217.4455993018886
47.43553356169755
245.0193536235403
172.36260804007682
103.16231344178874
43.31592702260855
144.59387702931306
343.6741788145546
339.180828274294
338.1606929708597
220.2664464887634
51.228883711619275
127.67938878158981
61.0747521423111
330.6724968763702
10.470530752525736
333.0308120974994
322.3923936386425
147.86914669625523
322.0514628821397
131.25101208399377
181.5338009238391
102.36674495472222
128.5370368755135
14.898613859502907
172.01089203699232
131.28799886759245
165.8431109195589
141.44449526789498
333.6814740976596
3.1615671135237866
85.77491831741312
346.91901951926815
290.2021032543894
57.27141514459891
49.51234503144224
111.68399329581372
258.73162089420526
231.1470690521325
336.6131545523725
81.46524647944221
349.2890193601586
56.69400950808986
100.08218995864348
174.3209236122989
22.770667919742444
283.6276403349351
285.281260681711
203.00962044911074
49.483629925912304
98.28805377267753
278.9309417325194
232.2614773321933
344.1533422170591
266.57725866612975
304.1820583619259
171.74452820122008
328.71542046531425
21.674184830644055
208.71115104373308
218.05755995824214
70.80304616725155
180.34720390975616
25.020928859887206
302.86987470412964
243.69279411535655
326.09771400013136
195.60308739153243
279.3673398160902
112.57342066319448
63.03251460531227
250.3475820868922
225.4532798122814
312.3537256725236
161.2767672923883
39.55890897256833
239.69166956650412
183.82706033365676
2.9033494090249867
83.1666557540943
14.769310050674008
157.86171167508894
216.76847066066463
235.19382361801883
293.29263676692716
1.387850193423077
201.3075567068141
42.273497683850614
242.02391362290433
344.30347316641416
296.25941709211924
175.98044696262158
303.2005329820835
113.02307257080527
277.4506872486595
60.971222796154116
155.37042123268904
24.24455797897506
173.18680394891777
304.4026619298439
201.21535525866153
141.61148814921177
336.45967526635064
76.82537366481371
136.12322988665636
108.29901217761984
174.09625479653963
120.72519376341847
118.80930917179893
240.15381087726868
292.13648461513503
210.1124665993887
264.07557250145805
156.86960814233015
186.14281873162054
253.03513763425144
47.8363494743349
122.7816116049931
145.80795344787168
138.61862071929897
235.82745561427302
324.2145977633125
195.1412016804852
321.2117201081532
359.95513904365663
206.9210728827219
52.678050813726884
246.4444956497275
210.0301867952158
334.9974540888101
150.57165026105488
257.4805610076992
283.67163650069097
131.76773975086525
177.08884038082624
14.472888191651112
83.45356064967707
163.47576569972136
283.9475560903273
236.20861234752033
167.90751885228246
88.22861653754543
68.0963888147804
10.155135811554583
191.78215987782602
335.4855030703939
216.95121454115957
215.59609183830014
131.00082923951206
45.48769816580072
256.7678684149456
244.27263170560997
39.04678395291219
223.3769848044304
325.7438299704337
183.92165469400425
24.0448871640306
329.35139595798387
226.60607812929206
352.3296770679389
29.597528940822713
354.05874959383084
277.85614509594416
132.99700053821326
327.47191296576875
257.529922299155
318.50769960496547
308.2339565422758
106.52445860288864
80.30553572648253
188.06583214164178
311.4872315637292
89.78750316582949
267.01098954094584
101.66143461135428
107.92083834676838
90.43241980869568
55.48676442716328
209.66800465311024
240.75318288120621
347.3622180110872
98.68204039360958
231.79239145471868
190.57775554693535
122.47602554937203
321.8715974288275
227.54498492069916
105.87196879133305
314.1865707202114
94.35726594599939
148.1588801322391
135.12498530150435
65.56118423452341
32.66695164829526
329.44172078090884
304.4919900561992
0.49564489892270913
151.36566879432502
250.70790069606096
99.60898331441665
47.61936754245572
237.94467279135546
301.8529143138067
66.17867540867141
329.16956793339176
329.85636036420584
8.795605274599225
201.16458763551265
100.86086944303074
94.61406032456355
86.92832326229487
104.90721042203889
188.81614997806753
357.9774813351105
102.8788760646011
324.2023107339927
180.91334254011247
350.5961789909297
346.8022789155475
317.3584652879474
32.441876113712034
50.084835009968664
230.5844472627266
54.47697766077698
139.75184021306714
323.3559159545921
211.75386787139126
189.67439340034332
120.61752642320893
223.13655548381948
138.56163546608425
326.69395872815846
36.32657828463167
242.9483501799149
178.60385092424622
305.32919007750854
318.0446625228948
186.43012844204853
11.525039455255946
183.30926793391822
178.7947546651826
39.73542263440287
215.75467261608668
196.77236262050332
162.42931698778898
209.83787454756538
39.89346432608785
132.1797567828335
22.262541458987766
146.92934249263143
141.27983049829558
113.5000895529941
174.5689498648835
185.6972427517736
157.43121362485195
280.71962377077676
175.94369795304164
258.1188493588266
70.46874038294274
329.2110014653203
68.55911331902115
189.51218173901583
310.29813588129656
234.21954696839717
343.64080900349643
349.9346352570501
259.2334658730941
340.7026996169704
51.02598784725658
94.62170885158054
268.9146147917434
275.9846948383006
151.45562138017263
90.01027439439136
119.78348331939866
41.16528151298098
328.2910084828805
165.99207076877707
244.04767218781961
196.94774301471514
186.6346140124014
40.394645263249316
234.97482098826254
0.5280152648427716
150.37390267533348
328.28871989331566
58.52462248842072
152.41335870965227
301.4560252512444
236.57240498261731
127.73967653362983
235.51555801525072
330.74035022056245
213.3842351798082
115.9803431643412
93.59017586839958
246.0646957146921
92.24857822851504
112.00292397732403
182.06987901274636
310.70050914398524
22.458623253137503
298.04448994259906
171.56668786963755
224.16086668240672
70.05352292828125
161.49165452310524
152.79410827200294
7.3647064235132875
167.84807758954025
211.3749492676575
281.387196228004
135.4492899244011
248.3246113363989
342.8440470744083
332.0746779358949
214.06244894190033
269.79858601059783
335.94369849623797
243.88415358150118
318.75474869708506
4.120767967161236
249.42378520056133
291.5378833977878
92.13112597551148
333.2805152249511
115.9813529318829
52.9230367393609
219.71044503280413
242.62622177731308
2.2463083748218438
298.49720716030936
102.98053983331639
180.02053852805315
284.98666405327754
65.71613367031443
136.92531282316668
333.0996167561851
74.42314909774842
20.047572722171164
99.3396118133202
140.90704344140255
246.2072239026084
23.861382889092514
130.5365964872969
1.5248356342471103
165.5305069365845
35.46285805825879
24.591408136863215
343.9253666261076
139.9975782971604
202.76258743029533
347.0539612554034
320.1196620921333
322.30850689542956
139.5528708532759
319.10285716788326
342.7790438141961
39.46107088565527
157.08721428709993
264.4013327017238
183.8586978718741
32.0971724474711
29.636021176843865
302.4553159886182
201.35334967287764
325.78158047939826
339.9180559063928
211.0627449682796
234.16659848158088
105.41551504649635
138.78401982416847
90.4822476682719
279.17735557830815
184.6514978196172
83.25494584233142
323.23845700430934
359.93801439101645
14.089934063709073
107.99473876843928
176.02030945319854
293.0408311760343
255.20212298652294
277.5228722151479
113.91754920758862
36.040465024050484
1.3381707167384382
39.94959145337352
92.2800568887407
119.92209700526257
72.84272500532543
97.7426998526617
117.77328929680412
49.45630445766466
90.21508235650754
47.0116096052055
187.74253459697573
216.3832157549379
117.41462992715498
254.02064896005672
325.7875093054906
293.22016974825675
86.82650481873061
176.12050723730727
191.4879828603872
339.5887072128381
8.06637777444681
134.01297991199164
293.51021547147064
278.3080412906103
84.71739678606285
3.240959488713724
217.86291732467132
25.104069869516966
316.25641387047364
55.02197032179182
136.86070241660667
103.63422834621653
346.8405633719715
160.02034673660154
229.39185656824793
46.63028082725725
78.28944881989803
133.37947036704134
279.37647117486614
74.31252984572164
251.51221456315824
225.31223722154962
186.83994144064087
212.83064548876482
178.79276222319004
328.77437197176215
64.81605348434104
128.3377736316156
38.7605833119595
104.2218452145844
325.3326324044003
106.4061284426287
186.5386514470075
191.18013030300338
119.02220551597355
321.84402984348986
183.47381331800116
227.3296870028667
5.438828024464688
100.57552360923418
74.0193836818635
168.03860076238357
114.95151176382035
113.0957740316229
151.7534780831929
312.7497280494133
158.12361497951687
78.11659238194406
342.18083919813324
299.35655791817584
244.77678984996498
35.36813745088936
186.87990641062305
123.67824092149988
32.47686667540753
208.12455733153467
281.7210189593035
138.37100667256476
32.96848985482406
78.87261399806702
141.2955176811066
344.08967538976674
285.12397861926206
305.644093619747
312.3598432201181
225.43958505443925
94.26133676887952
351.88441220650884
261.0125539724589
345.2356878730293
60.22501932515226
149.33108499053338
31.48634184888032
132.8123379115187
290.4125035538975
321.2277439771926
278.8512970202611
145.603677228369
278.9684588461241
342.30047155728244
253.58949402239747
67.94110993020503
69.65751781211337
222.2752304134887
102.91519195390664
276.99106793882214
247.465804665435
151.31633555519733
131.87909966477392
152.98268437104375
22.77015468272612
38.61776203621224
76.7089363023949
199.35151335465505
341.9533633681803
9.480538866064204
343.5028142147159
228.15219221571624
179.6326182059149
181.56096960641727
317.30598570796144
317.06935928227847
220.20739077093833
257.5761469974839
9.765527926877198
236.5826847612611
20.222234269422287
169.60464015029177
167.97153752422025
139.31856471666978
98.07882479073176
29.221880904160443
312.7576155766345
258.3474292261641
223.92082594967513
338.06130683325483
331.6474035037709
337.1623475917116
120.05397370150371
274.9938822952905
139.79795614187492
71.30101084085497
151.05319552816331
178.97020512053544
261.7048890783364
340.0498301283787
142.74725481767425
250.67095066716797
137.09824028455722
6.395508626468032
260.5607686600599
321.46292311306894
36.372044838831
124.36582022693948
180.23236966401967
284.75964767561675
324.0547146510679
275.12808314426076
37.71680620034037
132.7369304493631
193.24142649388685
176.6902153776145
50.11808309108365
330.4553600321421
269.57356699567947
356.77607980479786
95.78934377053515
289.7933217087974
290.26472086761197
184.422959005766
89.27487706037577
97.19570312736722
121.8363023118068
123.0760530745198
285.558095592206
322.0949023806177
289.64041444824335
336.43109205245054
218.11876725797129
166.96243971412514
152.91127910665233
148.00285003752174
136.5917321157178
295.3009828383886
311.0007788999881
206.37398259232026
122.35842183252646
350.4881697899491
169.61772649963817
180.30502185750044
124.1914970672871
56.235091532646244
150.30443319819645
1.3630268442687044
171.1120179378194
268.5240813463192
232.04839786916867
246.4529134922081
185.90772632879205
349.24175558258344
50.840711202605775
48.61207872039181
260.29987613409594
33.32495643360089
251.1572058680035
301.65548831085914
281.5352798708781
124.08883624703728
342.7520862821726
242.7348610355244
340.21927882403287
75.50776244216866
86.81804549375678
196.60236403065124
320.4942640814229
285.5714199341162
177.48094349703905
186.34556456095268
356.2076817567652
331.43996672226086
57.76102397097771
17.587097847384584
110.50225151115188
104.97363689474967
353.54689998917934
126.61897655745922
301.30046996593325
176.31391248968575
64.79244628840631
227.66813548553273
71.4442332213913
323.5446630693522
200.06093458297397
0.4662671872403479
89.78972198505276
218.06351483933165
298.70467054170825
46.523588106573264
308.3466368195728
68.14510825371838
174.38259430248203
110.98281567298724
130.5899700914144
317.2794243767595
114.28221679399931
156.65609355059905
47.361508574816696
349.22010237972904
320.32651466677845
207.82420728588016
329.3174338328607
168.279037989238
21.81026774434497
73.60404654942458
248.66729194094316
1.2552535726868363
303.3245134235
314.1667106111432
17.988851381305313
226.48750694870733
317.49187786131995
47.815387330982546
60.19227137493681
255.8717549121434
348.9494650776665
252.90849760115063
321.2461526151606
137.28603335513483
44.18016606447311
175.84032713054083
186.06709500275244
27.716966443950746
341.20730975323795
314.76784880950754
118.01336401322966
191.48372044773674
63.83160208068857
288.49904177820275
53.71252816896692
83.30659112006713
187.00332059599378
200.93451243877985
247.49174518120753
262.56921683055646
73.08687345280003
313.680827213209
233.46865562090568
152.97478998931263
323.18893765764165
302.93061248121006
98.39969461484527
130.89832626255966
3.385268983863776
181.43079905647497
54.67193917360681
136.08845455733905
252.59547754216445
112.337261174049
330.3634486608024
149.97400276674
137.01918092943504
228.9804289262058
252.08620644917204
79.68189849052936
285.46083095305437
163.04309134083627
6.364926206817967
219.97480346666217
120.53468049671565
273.37821688695345
46.593872930716714
180.66817853546422
232.65552447766876
318.67109182802517
265.1529871432477
163.6881733073823
26.884573161660278
289.3767042040599
114.05378137850501
351.78336851947864
47.114357989089314
267.83985700213384
112.52428278401096
10.004722582071249
227.74014317276524
320.23203191653585
306.23165775886287
61.419950706392385
299.8798035648797
259.9155825548469
240.3799636067857
220.12982582372655
167.3678462311313
219.0724291083235
157.70966697518944
327.50566178398265
107.1635462822914
203.91101782298253
272.46460757291754
181.66874858085146
179.47716776215174
268.4917264204216
222.68117215781052
115.58396580391022
294.83225354757883
23.187672002033043
125.69341712795077
225.74154748800868
138.44599964573246
216.02426527277763
215.53703864491717
1.2524189310226008
236.7240150097808
288.61746568472967
65.97412592730869
272.2840064765155
346.3295570191374
113.15738148690437
99.14964273772247
127.11526193749688
293.2014941190769
82.86011705671302
247.4297411720931
178.69086794723353
67.05941064271418
315.5377506296464
274.7609236798699
94.40638459933979
266.34820924019374
298.41247295622344
253.92840971361585
116.9576083396739
9.23860011620414
252.02779790893436
357.38067381294456
239.43890941780933
218.214132902466
142.0861089986095
331.8267296128904
114.4769552285648
28.939202270215034
340.26851090392455
70.60133293847656
235.03775071778858
8.516815202515007
268.5693848326873
332.8326048768569
143.6464946238357
333.9086499322702
356.404801633972
124.7355488935131
47.111318761614385
118.20437282706386
135.73020631010667
35.89401601953923
75.4435307364465
160.59089376006526
256.629737473371
312.18271940817795
86.51859350214951
295.2864987498798
304.31574768998075
287.0199463269857
342.1234851952106
225.36886059167838
178.20387056479214
63.93079066333935
6.387911957187282
209.33983675257255
334.7054795372517
165.93961921526164
284.1980864899362
221.43427150106552
37.60591281870478
321.0996214941204
5.043637502587663
271.0938516833578
303.3735328137009
238.50646626834975
246.84959639290037
2.691205953362088
313.4709834695058
265.43197139844386
304.6969933754268
143.50362275199456
11.71692452807871
83.75284455256592
260.9372999940984
226.09957449005535
291.97275942412324
182.63862782643798
326.0572850109483
120.71558080443549
129.90566739763784
334.5020005784085
113.75259461518102
113.86477636797945
222.3056775897536
222.50370677001538
249.0198551954047
201.33267320178757
248.4111252727927
120.44336119725654
304.6787513516087
166.8798413748579
239.92348454778482
29.65649997137362
179.5868384082469
52.38499065816939
59.86885940053865
332.5774208160674
230.91183202942912
110.8262383680285
165.19042491764108
348.91603419797036
153.17718976399146
270.4123208865968
263.9321636636037
177.93659757827243
118.39882191516492
86.33959343268742
55.10123234935986
239.11465957633368
334.4820146940868
36.0646607252759
237.7726009261911
143.48811063509197
343.1493027148842
224.64666382103715
35.7262386285185
179.30689948748474
144.02167209690097
28.627138182389544
44.88375739874875
98.1253343039462
158.076932731035
320.07969523368666
193.0378211587102
201.2697851390187
171.560690507197
116.87542703372726
44.84444400414463
71.65371074248282
90.52694874254742
320.87450592248007
309.7744855297234
272.20097437184586
26.53688686473755
152.66801689834801
96.69768235709022
179.67757232874735
125.64594843015695
289.6585083245822
45.99871492372672
161.52081076141368
125.66091787022623
43.6815635837025
78.60156218211205
213.29410289751175
280.7502296032605
15.034896372007989
251.00499840260196
75.68471644872753
27.842414791624993
51.69548682414757
296.4084445745744
222.50064150179153
185.84888335945058
345.6692976993233
64.23419933302536
194.9120345278549
56.599148967984355
192.8322413699544
83.82851478157322
272.2216517268831
135.47794693733903
128.28513230474826
32.85043727583784
215.73765273442453
80.10523135233073
226.15930248691984
186.8341615894136
159.8615468149064
47.00182680486081
0.9738508235674193
323.63693159266955
93.29260204586578
209.03479065853833
7.059262319383777
214.96127014296994
333.28966948730226
50.53828433262363
263.2264575838276
116.86685403253468
27.21994316243665
342.3573185261519
71.77426861360102
172.16374703330914
298.1636086766444
45.66315436135896
294.09238699707555
39.80558758939108
345.1321371619957
261.24088218706777
249.53096890208732
49.877522729209055
253.49719765276728
330.0511507038477
239.87210358540057
227.5005542283687
227.5161677000119
261.2195566627886
308.6523338029651
194.95029386256167
264.3793140637624
95.20893693700337
22.749689998790615
8.514882707837046
67.99268346741157
242.78117237000876
253.06249839504713
215.09319948132256
10.749930982997569
34.4567280115874
171.7715224209577
263.2611997944215
112.83537195136726
310.5318454982327
135.59091753862404
34.510744741967954
81.13941341888531
278.3146680904662
67.57750961215294
232.59175977174945
353.6568680803447
261.0933038887035
64.48217526836736
322.3652385747635
110.27751742518424
82.45027964718322
82.2909172030653
84.30114457806548
257.16737929421316
109.88947309613594
89.51746249636923
326.73181471278616
309.47828206981694
23.343167544947644
145.97319716193564
115.19787553731872
245.91234939619977
296.97837559566574
104.15427504624286
236.70063789412978
68.7069951324589
346.82324362351494
321.0499969348935
156.401037590621
93.89533468086452
302.0857675833741
350.090306023168
165.2821098183802
359.23557567479736
4.638792306719761
56.11460456689861
319.5183240479044
290.992454928012
248.99664948127878
320.6579745702375
175.7717437220151
195.79255703592213
284.2105059654774
80.51504453642967
351.36164299981135
280.06449887940244
89.46093780249164
69.45573399515659
104.2305838446215
187.11402144337504
106.7278668754027
191.1312120395442
354.856594167913
160.67313530107384
46.76957128009263
100.62249671149901
180.73776623094378
13.801527635242902
38.74400182165409
312.7481075705378
323.8019868375874
303.30730656592993
329.1572289448511
67.16131093194505
302.07115346704353
162.39357848507717
112.42537814352556
63.43154612378208
349.1358015289694
248.02613515999957
13.188021568242018
193.7186453331688
218.47256737594108
334.5565868765471
39.61250750452736
66.31257184313742
204.36365071531645
151.4246373059523
127.28028855833458
70.22547832060643
107.15364078391751
0.30179830671146934
54.84791620991026
59.186794193187424
347.8061546552458
215.82838367043624
215.52682685628352
352.80645423545803
15.198713141113247
174.13429207956568
352.52771197212405
103.33492207624502
349.3213922543405
104.62341475986804
71.96679389157
38.363359458543535
344.52091180700774
183.0404042337618
53.33285842466802
122.97073074484028
199.15868477224734
77.62771458599013
65.46549044431745
69.2391619779023
241.52772308501102
205.21976648580122
325.09653824679674
296.7227352514302
326.5999929901691
270.4103597689858
45.358327163635806
354.36887005696633
204.1522833296489
288.46819436202907
173.26379934801804
232.55580796725036
206.04518833708397
31.464762994455228
148.015204730201
63.32343479473291
188.9066217909287
327.1177341357164
146.0996959956776
347.53896295007667
198.1973525257709
41.14206630123421
74.48151753470786
339.65301926999257
70.6131847611017
166.4401044247685
129.80226685606414
323.865611748043
204.0044976252149
306.2511487139136
339.35211546655415
29.935775912558313
37.47073589574909
173.4197213669409
178.67650550593987
42.532462457311986
319.01382088733635
174.23127955715935
81.0343934512593
314.93850039110544
34.11108297381287
182.80262637657967
95.52564124504869
206.08344976922263
125.79488893682687
120.80387928348178
153.55679773342254
19.295279520686904
335.3027018286177
217.3275563617384
47.41594745731444
311.8247417608903
192.08780931564704
115.0094593846899
150.07901778545636
186.11052561941437
22.957613837190355
351.0453600707029
271.9713390248924
6.917278220107064
72.33285641061156
255.5360771548552
58.260026775077534
232.8925496860874
309.0977566790889
54.633094324089576
179.35400554708585
226.75297477141547
160.23762853108013
102.24557804069731
57.6403816288691
135.22391294234663
297.43701431520986
331.6089206530692
125.08728554190033
248.02083569969182
70.03806637252056
56.80382991897385
339.1947873745632
134.57492637006442
226.2352880548631
164.35422461278137
218.87719199699896
197.86930553936963
354.10958397654724
316.32116571039745
37.211505778526316
356.66638490163405
325.0807558861183
118.84903269393563
344.58856109564636
290.5710245415788
54.58454854588715
213.90941837766673
213.65449762610976
296.78793539817036
68.2566026959806
127.0271035041128
256.53239273473565
33.096315405121615
316.6323307205766
130.06161183121998
85.16484915704717
18.478194577582915
177.34847316155026
155.65688347675024
147.22036807153293
11.001563701351325
261.05822336464837
328.7607266590158
252.85753561831115
321.97300261648803
95.74893798535143
320.65460990200796
11.742933008228103
316.03883815433915
203.87746388065779
162.2236927168466
145.06989810302687
308.82791517687684
307.71510992099604
335.7357542197094
183.9272091184555
206.8928944309313
40.52057495282757
98.18690143166575
13.217980515168115
219.12135981464093
244.6357995041027
74.31112323727041
109.43086611501758
84.45193274196305
142.32634724905753
113.63942472315156
270.91707332433555
227.64453001657245
251.16434425242787
233.5338514459457
70.92834342679724
113.01828241353071
322.9786333850265
328.91031118005
56.522618996969626
15.484348945625914
333.87344492373785
19.403481398900595
230.54556303072042
348.86519865716673
82.54324717633207
126.01605251920424
229.24783381492466
63.40578803557059
25.08821501502443
21.83345920175269
84.6994486871107
127.54624778743758
186.7612152659574
5.174652654619831
259.0141821922941
303.43975717983216
184.55368857869456
178.58823403246444
76.4985036948671
311.3632434924603
329.2546349198766
83.39236826459269
160.191076976875
135.08274704950196
91.59307568781554
96.99625387251412
0.86058797122051
208.39920235923208
314.3013609382053
29.029475400187145
349.3808908851928
302.5146146288984
190.41293820640382
92.34510805703317
87.50436383143085
144.52248778936132
47.83481570784353
276.25129463784157
317.40575716362406
19.240630812850462
61.21169053182613
311.86496666875996
296.97038229401227
239.76833423956697
194.3250943820468
133.2707461709088
335.65215074722306
96.56411946328194
359.74746117264084
83.2067739135921
294.8283248844012
70.50417036797262
47.19775845460565
8.28861638093767
66.9297414198365
242.29590064658092
278.0217225111578
76.32119798109107
139.22645054671656
28.784753312558095
50.44636365024558
307.03785288105684
281.0005826667533
26.106816487362202
168.7349311441391
237.64480257434897
6.939625843866786
240.30361046685667
299.09518781857173
85.83810444098317
284.9349748375613
137.9295711355703
346.17031524780697
225.49954721872234
253.0721087550595
192.34685730564962
116.16826107955906
74.0667557307916
328.4502835693885
295.8161015917231
126.16220424649673
165.61192328351095
309.5713811024875
153.15573473983298
293.82095737781793
9.95274571261187
334.3888348292688
329.65682085781384
177.80504527774787
355.65799107641885
57.709293793564
154.10403915935916
316.29052059674734
123.5993793842531
74.49130968288901
257.1678831034457
189.55937030492797
77.74049888105128
199.68666702456593
316.0968396053999
252.32160468180075
131.14235464869736
240.62174673741208
298.5527935392541
142.41106490027798
87.70445926785445
44.517778611226205
271.5965184379735
174.72321969944036
353.94934007728614
351.60044393739025
66.24456364916155
252.7400067482161
120.19726430701874
213.3507994436556
203.68260772424387
134.71322497181197
306.76731192949603
325.8010795559763
216.1346888759673
137.55452413352066
118.37973915363312
219.3805797268337
353.55149794687014
208.70673707383514
268.72382794679555
39.668185810115254
216.69522719587854
4.747734417602656
307.1943095109265
47.509922788113016
257.86238128704446
225.20455896402373
281.0886528135738
282.3112815308783
22.40010815498851
281.0321993564445
359.0965402848066
188.9156776933315
147.3355838656579
309.43800608235824
105.70179746764498
326.3319984832981
207.85211441805916
140.20899213213144
151.1563201772657
75.67582768611268
188.00966797269544
233.42633492825902
167.97436837785648
25.04023149933863
249.02159834738774
164.42745470122085
22.43489320547355
350.613924467412
176.56339161307488
329.10295951514144
358.36839357745623
36.21583745519891
128.00330860688965
61.0920595147486
330.5440682205172
97.51699436791708
231.10891981007535
332.16686774469633
136.2619276934311
342.5718783878666
87.69752073741948
88.07233503024487
196.2937457218004
46.88326911257009
228.8624635074676
174.31527021146277
230.1056215359358
209.07587209131296
292.8217045413832
169.87237367671048
95.33413863861516
182.3559289206264
152.09856616790617
351.51392298513605
197.7770933567408
287.2851232713071
83.6590965662509
137.41601848558537
85.69881832827154
62.99915967854683
353.79439898111764
305.9612829450011
241.0392632009377
106.85251008634353
198.95020399492816
294.10402978973053
310.1549222291628
186.57271461134704
124.37022308863739
189.40276287034862
278.00896868536734
124.35893058190257
274.3337664829274
160.79945963169627
62.26673220221378
288.96126341423786
230.93225367480534
305.45129582323574
167.54206386114438
309.6286309596232
212.7431781104163
182.397554058762
75.078855392937
284.9148238763315
70.42428549645012
178.57055917592683
29.441295353862877
299.6837301591787
73.16476456084281
108.63630097545023
181.32535344020582
285.25639534349847
328.094183272729
7.376979306479909
54.39315475664704
120.49410636804447
54.16415641081614
91.80400542180683
64.07089361363585
175.71320438713587
162.6816421051072
149.9169182767854
7.540004151840907
206.67901089891964
78.58692565517707
194.00003945245075
106.69040986276195
52.52769543697951
349.733324031153
138.5751125545508
159.59370860521824
259.31653481685714
15.839814864834496
206.60515653131108
161.09325884700556
20.004572138567557
144.45171955574247
252.2707892334193
69.39700545328122
172.01724279389242
228.15878779210854
334.61740764648573
263.09835624740896
105.15009461313022
195.48394486950193
123.59757541026991
11.838889825082433
225.41825782355687
57.27014230826046
148.5101161153648
213.86640985737463
54.559967884815364
171.0567350851846
108.56352156773491
215.03025963018362
0.2539476583169975
237.85092253457574
136.26805825502188
76.29549067236508
308.71196496221506
8.863852248437052
76.58751823573171
0.6460216701242905
229.15959584405837
194.1949273780704
198.25807890025143
125.28631328565729
138.81960106364022
111.11221941562194
88.40822561436983
91.3400388976736
17.364125066175863
346.4905067356338
317.5904740166766
320.78330855977634
181.40310707926025
216.13299150852683
319.56190540259894
279.13898368857883
312.42836565195995
203.11643989546886
88.62733452258807
182.49788938500134
135.73390342456713
7.96378036130974
197.0853576634382
218.72151201880087
113.18484843094107
25.36213836161401
356.29410041846006
35.22009710071866
119.30890552676033
295.30838682658845
47.10016153331353
39.48892265368364
78.03563357334681
260.9784059396005
228.85059175744644
3.6247853099963123
226.51081650095847
81.28014738545511
0.9345701278376639
80.33353653404401
202.76417338379653
232.96496880473077
96.7777789668481
65.47882638835549
125.61076239771552
55.33527763262265
357.4391967607529
221.0111509024691
288.01770189492373
180.0011827346165
140.4364919986305
242.15531770910775
259.26940143886645
88.80239250112726
129.15282941732693
94.02367729098371
126.61621629327828
34.925950519458965
99.15439250978797
95.36125411077165
183.6928384832984
5.414459533969653
309.97459374739975
110.91833132442017
30.844368678611666
297.673259413919
44.39738441075416
28.98476432834329
111.59961293233286
28.249475037690075
131.99871837089404
86.9095505158783
249.88257726991748
9.069513801136857
189.6817735716093
144.968273307782
294.15492233714633
274.4860040902709
229.16810398552263
257.72990876687464
77.5334422071468
241.89892541125317
19.88338152858269
52.11378200280171
167.02839551546816
199.38001639544035
75.40306540449376
212.61633517680983
60.399949405555894
15.643299879741921
352.59987301863066
236.7265219671783
355.7316713172996
60.86907580729129
194.86134340779662
357.3377583528584
6.671464463127257
71.30223790688628
154.22261215515718
294.00322193921517
285.3919707830674
86.21029137740756
291.98577967474773
171.17059379547828
345.6739866669756
152.70031779147342
183.37415418674416
209.07127323587775
70.11802880452728
312.0581440748017
18.995786550098753
211.7281445886739
78.34074288324176
10.687221273650911
64.36778689369123
166.58504456428437
327.11443087475175
199.38854606888404
188.4789539494152
151.55031419474682
128.7594545837256
36.63723803177866
323.34525806853236
217.78551773307518
130.70091147435718
94.67532987424777
168.7389761179973
340.35984373974514
116.95256968827442
41.654328027149425
129.74897170708684
143.92961020633555
251.39252288764717
218.72543573459174
249.5561895870812
76.89121777949045
63.046580581664465
187.8889812401535
295.7849207844534
304.9953264782963
195.19717466943496
154.5790455065368
216.01697746123568
264.1986413692318
262.9867763103816
248.37314786907598
296.53259900937
32.56911225811362
328.2867234593341
95.88086972985049
218.06822141012282
212.34927265994213
225.95369247511758
301.7795294970744
123.35810310495953
295.82148102330774
302.1977727237351
167.12893002215142
33.45313428259885
42.40792877188416
173.6374271163823
298.5113514126101
233.28676725101602
179.47737007964346
204.7185686523508
337.2069871582184
111.68472177154906
75.61954841019465
51.52611024893121
344.5290433815415
146.991447358537
202.6873198259117
151.618197387102
297.6069435609308
316.71301561059363
201.6956799350851
92.36484822832092
39.31990882301771
298.05280485828416
37.705785839899924
244.37421500036936
206.74743225477306
295.94246888813507
150.1112166606012
221.94124553287062
334.4171694542447
306.14786592440845
237.28284646317883
29.055191667912197
51.794800309523076
93.25564791325786
238.317602496985
7.353892199568075
308.87452704707005
256.82298319157434
29.675559174602704
281.51421830499953
149.39287316864423
73.69959780790535
100.77887186766013
217.9199865524227
68.10260522157812
140.50753221300909
250.18511845958267
314.0496827674692
356.707576461759
37.49095993345541
192.73657803671708
318.8784036777429
182.47337268650543
253.4246172394068
48.12623207977921
288.68964551820716
334.1927775558424
10.996263923673691
152.61008911290452
348.0443444161234
52.09896717805726
53.05496568019945
218.13481212388373
112.25594751717492
51.483613881353016
252.34353948739016
76.9383085482145
235.57201211827982
194.1910188247276
250.81030996700608
174.72035751100145
258.36436682443446
177.82342084250277
259.3214910448747
51.769194790915456
156.98131514185536
219.406841227731
54.57248714274342
158.9691270095131
231.51707737370344
288.43069532704965
257.22259225576954
214.40326297494366
199.6051093915631
193.58865067545625
283.7544985698199
196.3045464981535
198.44361643531906
108.21215666284374
94.28621207431257
109.39733869935674
232.612997655252
211.30212009074253
129.53983786495746
14.210882476960034
241.84665982369884
104.22837054081072
282.3981374363354
152.73485138591084
240.76810616094355
297.5805166422865
262.95623557674827
258.82665505912667
61.708819414802555
348.3179306963764
290.7026605401608
188.06879511138703
32.072986535670275
324.2805981907383
243.44015285337093
39.31385195571673
239.3167217955482
261.2866719156448
89.78352340624012
288.9438241107332
199.4609428917565
77.45664356461891
230.54823430738168
318.9093120781189
149.158649665912
140.0680405865742
234.06995473287884
50.903479419404874
186.68899391217968
62.15875696790014
171.47202818512324
81.56443951193158
293.8519109383502
59.26094347555058
180.12410514393804
267.38898434667175
198.58880989378883
121.0617759168254
167.0121169924414
13.079619169370766
7.256332490259059
108.4511982673928
28.465952231108954
173.3357849562782
105.83171928503009
233.33091496118672
48.66800691738843
85.63945464075077
280.9299335435423
256.72303261301334
166.59224166092272
90.37407744496585
104.36420246101729
30.130600651458717
249.4999916212449
204.6551646834151
319.0832373178098
25.766720354052662
220.84532385458107
317.53961929465214
59.66999141247949
133.18250394318196
21.41920731029884
206.82030983063922
277.1882625202306
42.988654147212806
254.78850883715867
161.4009990335479
316.0151260361969
232.7792013601155
301.5622046302831
268.28623652085304
49.39866672961028
76.03012286561453
41.74390873483295
9.509696350724987
0.8321313010109588
71.65965081555403
260.4062194271915
351.8633163523896
259.9370590978342
120.10104203793158
249.1491678933434
81.07915836138787
104.3996257438852
231.1527283409085
54.2813901323151
292.1543490886443
183.60593028636515
39.534838647400164
102.3893156350291
18.799081610283146
344.97358189649117
65.99504648966229
74.93627815880399
47.52633308267604
10.578348489178948
194.97083779319235
225.75989754662604
335.6912302166519
159.5265142280791
304.2293999075351
38.81274863075517
97.82691005532541
200.62466829415123
177.57025865893462
8.21777856550462
340.9130038880399
210.25079106522657
278.58998105290607
268.68667780270346
256.7516101118212
121.93151656926507
61.672239710504556
171.5757442522298
218.41501915114637
166.98240240061472
5.780682054028272
50.33056326597789
297.7682870794302
59.66939063855072
37.29598715684107
68.79722109748138
262.3589094803972
135.70133445387071
140.05270347114777
276.8544094224845
122.50490491983682
329.4649317684522
133.89539417625832
210.0473522217855
83.20166399881447
233.2649284941802
117.4877457169244
43.3810206487686
170.50697678591246
320.9343138356814
36.77236173465856
84.15663398110806
328.3527292073309
98.53030236806524
297.39299049222205
344.71208804196186
339.27085234527624
26.43390943899034
167.55503170547357
153.1534437140767
191.3100566244604
220.02227393283775
317.2141828593833
38.64120485267609
93.45914152926306
220.1844292449
250.14723017295626
67.52165073283591
273.181473678388
210.30289970784233
7.372981076920437
287.5701079835514
12.204553478180342
62.92492481758311
313.5553611329504
359.8395415515699
290.4974990425831
47.198904329248016
302.4349357797089
301.08441208676385
73.40830741322652
357.25279439655117
172.99895995986302
204.45639897619222
293.2219770747902
312.0433367438506
235.01424685315286
52.14503976188255
143.93946662559725
248.80603435084566
0.7112246380290799
120.86290435843033
106.86664450387289
65.08758120615039
228.8215496148387
169.55165462051804
314.6413764530325
98.44410912556899
7.835704621893123
228.41161412490627
82.61600670657612
88.24000268777678
37.26112809758452
99.33429267252501
249.0515011079419
300.58354025237685
228.82546800540695
230.04380058384703
209.36867158739872
235.28759884454524
283.98356833079924
37.72947466031822
44.7408536384069
312.8445523710507
49.750924182859265
192.67893225990792
131.6015049925959
239.75673698454193
91.80032183370321
348.39703502920236
156.17936484816673
92.16498143992357
91.9226039060728
201.9229308738272
186.96269398069668
100.56931867822223
296.36629145905675
186.53394211364608
178.0333237660814
102.5377911289045
152.23515170424605
298.75155800145774
67.50017575787173
215.65057651774256
231.03670863527256
22.54133181635634
337.8012113512966
109.52827114463382
311.6387011431344
35.825178499463775
78.43145154531118
83.64486980639232
279.3046796842516
247.9009837625297
276.6942021816813
306.7273573588296
173.1440139536706
321.09105793096927
338.361278055664
243.89553616384984
161.22542081737907
15.917572176706813
227.66747610375927
129.2971769936565
280.7675132735838
226.32957250668892
194.85322634140115
334.84520606126426
290.2336265422462
199.98286950263545
69.50871919785712
279.76517558669866
140.82249815480333
248.30047536378245
219.26165165412408
281.0127901578013
306.7601761549556
42.01811967858029
105.88998554098903
261.2229853157562
316.9628761102988
200.14551454948418
234.7300131157094
188.70332382930647
145.05434141863051
193.75101389834114
308.2891515997046
3.0863779950023718
320.38546750095855
160.70367259557204
241.26204660717733
20.60703164663734
79.61787444657075
103.48322023172598
251.68733590109676
214.57244891167622
306.59736605765534
39.39522917341242
31.771930841849866
209.44377205443735
247.65709865754073
111.00503672739976
261.9483146485191
151.0503882258922
280.15442275014465
244.33092476227242
223.01965230348512
140.80910967291572
233.95940059709582
343.31315960499063
63.78648563821509
208.42198878495088
318.7771736831955
271.30249387586076
315.33793700372155
165.37839273233527
114.60018380162425
113.78799400229715
308.2292904440015
290.6882229348513
18.250523312619812
41.31076263130991
285.05690377754627
290.624881897097
125.88673882540098
177.48666249922675
208.48063917958154
105.85810423561404
129.51326494499628
264.2876301675316
63.532718558223586
312.20835358667676
174.9450932895393
205.2079538118892
83.09141142038095
75.35605132812806
89.34388124199867
356.6680991928594
346.6865304142221
115.19036620738005
138.35626120441978
128.9855734085676
55.34332814904311
192.0840905585367
356.0487469262583
90.46870467320981
348.9598695478425
45.23238441440467
185.2479902931988
61.66576409740501
287.75250165866134
12.29502609497719
191.55902888817508
81.52851398730193
85.59284972889259
259.9331134329265
91.24835414833356
63.22574685042763
300.59880539197053
176.43295974024312
341.34253731884894
274.56898586936046
97.1313151299753
220.46124660432588
199.70741401254938
36.489068689204885
53.387394790456554
184.09731867948364
353.53673455564814
352.7289070633953
260.06930890545414
293.6398253003552
296.59320313887025
124.89421401945194
158.1486311021766
198.28664730268403
168.70923304964796
329.2307020561092
137.53299543403472
324.63854579960775
315.46823974567604
274.9726332951008
123.48260242958865
344.07847959137456
221.65196500157492
28.83431603706361
173.91232505412913
210.43023104455128
38.95291003430438
236.19258563228044
98.25453956373545
56.901443603159834
146.61528265584707
216.7349852286181
247.34677437761815
34.16769190291581
93.08187095877058
280.82484464757994
153.84735575479962
125.55595477665129
227.38823885457015
302.5610276790471
103.97127130317381
290.63723608483605
140.95979543966237
136.48671510300778
233.87756773224018
85.13966836585747
103.63134707421605
237.12809472517307
167.8286351325485
302.9451539456879
352.12269286026094
194.02048205166372
30.280835171152646
265.0339377560459
134.86803031370803
269.6058955185155
230.35482598341497
220.59325961801676
74.01099610870257
143.36259254503983
294.6733893291097
247.10762867813506
113.54096954374103
242.75388578326437
93.34308982114324
199.09996958840986
321.9607901613127
0.05980156653893065
343.89561755442304
339.2943992809697
188.53965496337787
193.88196806879586
209.29348910435678
171.32290864981346
234.11929568686253
295.0885366545716
288.64395369067756
159.69980948958417
310.60544465106506
159.1925632367967
93.05384367584668
110.63951729852002
47.69091024723822
90.6337638417922
44.09747250672055
36.394442028450015
1.0202005039237116
49.160306975809284
288.6584190077721
56.14180339223982
202.92017538412892
214.483553047446
231.44531940149395
218.04931002491423
334.9849750316289
192.60558356176827
85.27072707327106
340.00147342188035
311.2176422555144
115.69561213834196
89.22129036441257
180.5698220847234
41.09482694535874
357.11812115304076
186.13643631286436
27.1617551926148
13.835194548399379
234.19204412181395
203.35179268241018
44.884512699613644
28.316064764540585
183.48696008027582
184.45288739601892
307.5121070337291
247.49687375121724
266.93861546164607
314.82338067495067
91.04480083223473
141.87227264940512
101.79305328829133
230.06134267449528
230.70211192178266
283.39153216016814
3.364685374175349
193.87626056287584
203.79205695803205
119.4451521433823
86.8206575043904
160.86818976031574
343.7507489543639
35.933533046498496
132.68014042193522
139.629875603908
94.74817971854694
249.09665473275606
180.44383598114354
262.90148729925403
1.6073807921110594
307.69782604119587
155.7455727749514
274.04683953685463
156.38599733447694
200.31851132725484
318.6443574518508
352.90890439351404
130.82057172221653
206.93550719353757
344.15189893555765
49.14155209068224
12.935643970984504
349.61545922540904
330.81710561662777
87.40353562181376
276.47113665189465
64.07625881519179
19.165681436723823
196.33968681644464
203.38327716556725
292.0283987321769
349.01942058998833
252.06360824182588
92.52557055374756
263.62384025711714
353.1965031956778
76.89477502766356
281.7182945576056
120.00378803929513
154.82048931007694
195.39252865447307
45.766121878848
177.85087720946325
186.4424719603914
42.26816998446191
29.58538116118347
61.015420022960015
41.40710709869084
340.5453893211811
153.45382843864334
38.69923600670611
81.37025012826619
143.37870898436356
126.49749445832626
275.34491907359404
98.60199442746892
79.2282088700021
344.88062638558563
34.29219565950403
47.68582416724721
297.6281670582198
152.7662928978385
185.42720085403678
318.45103667694224
161.5762545694775
6.96699831508671
6.464712142134363
220.45214874442735
272.60887626056575
170.3059139112087
38.167064121747515
49.03554243092455
65.91751337605837
124.0611235972084
335.71798497478795
184.01017751757138
95.39973568110783
336.4666955436615
291.63327821076416
94.16591223281907
2.327797526612607
352.09609083800166
10.004585760864565
284.35919843569087
146.3568225518968
296.05484168913995
267.53635408446917
46.612864308291826
13.88343554684953
17.261143625532437
203.75039895168132
82.65298282189086
286.3049234542026
186.69439167511416
120.89623112666429
92.53250993915306
249.518139253342
239.34343631202827
183.51966400303644
352.4679155300582
336.0361450376734
142.68775436027292
188.30615073048574
54.741572514394
92.3900056666045
149.89639168658834
166.72927531872472
353.4992962657382
357.0219259380056
312.53099851182765
146.19905345881213
52.49887932847008
37.665091526992974
65.39097903956103
289.8187069295092
204.3421429775215
352.24470854743953
255.24015694327528
140.5225374835129
45.44951939451114
223.6236668523809
85.5061412656892
52.28171562043521
267.01273300683926
176.05541261630393
270.64488370084484
19.22885723426736
299.3878151180134
49.995571818332316
316.7147190114279
172.9661331286031
345.86707074541147
171.96313295467402
108.80559571565283
88.98608311278144
221.49538576370588
167.4307592598449
11.320861796932515
245.04794135742048
153.57262209439855
267.26314688597705
313.7103818834005
67.51669467303824
302.71058735380564
292.0113156471423
202.10553429239474
66.08596536933112
66.78950179229102
23.409559844294122
26.408012154315056
192.96988637374108
114.88552378187487
68.71134055978935
102.73605671725531
9.563337869907112
204.21738685036297
71.03886520403286
282.73318207367265
261.7337644262701
160.3869057338684
217.71072806617167
314.096129291638
214.32204580541924
269.6644092179486
48.55059384780509
330.78030121572317
16.093818450462276
341.7970514423162
207.46925417249292
46.69245405211924
258.29680666408854
172.79424458997937
133.15136442990206
143.28207628634286
73.14374721980211
149.37114761489917
308.46714517657404
139.29432617711726
352.95449122581743
90.20770680542918
23.268555438754305
70.04911418875552
156.35504634821515
353.90721208485843
131.51841039120262
343.96233227389627
144.8453537616498
159.51506743131458
121.23987514705132
185.62684678961855
121.21148279760374
322.6848148336876
244.5631811275406
317.6225143614239
300.67236957623686
89.05528928149249
35.18499422651924
177.32593026017244
356.31480773192743
286.1289640648338
231.84531526345793
170.3421611409588
262.2848792037512
135.9185785373231
48.96567000194496
348.7824877849748
31.36786210126855
332.85527566966107
329.3814529609118
110.46347531803754
48.00272381553827
314.9283074267815
139.14037959994977
84.20436728838027
33.44142379947465
240.75280862452303
180.6279142854802
256.7514904622487
26.677320595385506
191.23874699780325
207.8199258358176
288.45965154304645
242.93095346102737
21.760698071243397
226.2514874995088
337.7123118248787
240.89568829711388
259.2047075399996
250.33012160677853
208.1637559253763
330.6095636008496
67.99491229346017
171.9106033881334
168.23806801186186
225.73391197350531
240.1794430420492
346.58784229146704
8.921289491370764
27.183408395834256
236.88133239635962
227.95288806324618
83.73474180943323
359.4660222225549
161.89701111621653
95.09678527613953
53.878942218157505
306.75576784983633
182.95144066911905
104.93555473595077
241.88920536911232
112.63483426645044
92.09535626440739
78.46899275518633
158.74565186873158
175.60609069613636
93.95690495048316
198.87476905965346
312.2316039095329
171.89075707798497
249.03635351476458
119.37860835476486
28.43635355830979
47.69020808830914
358.9591491755339
130.13024200423996
83.64944264604618
25.00497571272763
61.57913126518454
335.85393713813386
10.495439416009308
98.26799048013463
226.05040395417325
329.83141285125197
170.00957743200345
323.46318067640806
241.4627628412637
294.81419102861764
310.45632529756926
77.06471607187214
277.3622388464815
217.75125364716467
284.0443699453281
349.0460785066717
140.4548038553863
292.75707772167874
144.29325462503402
312.3723561683103
319.01801922349887
285.5342159550117
199.6582213153298
80.80305319991945
35.021692454819096
242.5035266091291
193.12165316063792
127.49704850812357
213.68543690008931
9.18433246599459
332.8108067141766
248.82502222554942
71.17744394797165
14.905792935438512
295.3032854902155
60.95906315167976
113.38536699159296
164.71986288308233
41.13319530367956
331.2230150086446
292.1667990537654
134.42520956928968
241.11241168838941
331.8513844653352
240.21336379567776
210.90069243949597
112.43314319308907
300.7184130172747
141.63906682642977
17.48577664836562
105.11926199608567
321.763302302258
92.62995963819883
212.93472494258796
162.24577330285427
137.25135519557327
244.9689851154194
32.509936264582485
241.4470199360011
334.67513323560826
284.9761089887738
311.06953503240044
110.58597538760037
213.01343295118087
1.380783286380245
70.54266075694439
77.05861292110981
146.23043543981603
237.8699391026752
187.9755510497115
238.05860868503294
346.31091826394135
89.53168691437966
5.370236647951123
328.2295356505502
103.79189976659237
147.14110389719477
358.8269017746121
171.48300405877308
90.66488784104335
359.21122351891455
312.03986474410885
35.36294365717265
188.68715991201066
268.9590230184856
357.98639423167975
119.18772203800938
35.55432327074584
231.81240007274442
122.6864503898468
61.30327180538848
102.05080882744299
8.811171378795883
146.20065121664138
206.13212531277824
25.2085849685946
182.2311945025426
168.5727124420172
308.3046928876611
285.66887768173484
111.98774135323539
352.21178186327535
329.0107408632213
11.855423016750276
84.85045068887598
147.24898227207294
318.8105450544568
279.2319760145058
183.22891533563157
292.69182043553894
161.49684421780722
349.8308502706905
16.2645574926996
303.738813316473
55.20009955238565
265.40337352783973
53.190923321120735
4.406132320085736
109.78143145570782
226.95701132960667
197.40104691342827
184.6567805290367
263.65880018755826
224.10829994031403
279.3872975586171
12.512132374728452
148.56386929123715
219.59442907114934
87.69543557938366
214.16463048893257
117.32837012877069
207.45067093098783
39.261378241399775
208.899442188369
37.6504290886788
287.77477039346763
333.9755600106663
310.6720676407074
3.8928772344071527
296.66347636416424
123.04648496116917
24.477839454577293
189.31700855645562
96.82049408973468
206.71158769817282
293.18839374643
132.7571240133751
332.49919170845936
104.06990177112833
9.319198433984543
26.592249651175763
1.8574769005516245
166.28804295170508
76.23132625949083
126.9735955610385
320.46625840415317
94.15695379078136
344.55971301686577
122.6173054785376
41.62703163139203
211.954053700774
262.1991617381614
175.0740982282804
342.31815234268817
301.791476083918
179.96855576352283
101.23853714127158
138.0034589780342
236.1080321372199
230.112553682064
87.96257717451758
335.20098697055545
340.6888159498165
341.0893904976672
208.9893745456384
107.62340479006401
56.573116082657286
269.6322237955698
256.0250658547927
189.86619968573484
326.4377525076142
159.8607711310079
158.61756579027124
342.0333119368924
129.51957592324072
359.2587339041996
311.61330655373996
349.35432972973535
128.86743984515985
152.62190598505174
94.31408938201791
142.76116072230877
75.69042011744261
157.62068849001437
32.05804061410187
299.55629945074276
77.79576029450573
39.40984979261898
338.7999941357053
147.7188218807309
162.58650336107374
186.75755139846075
268.36842432411333
353.0583439335807
29.81526116058104
48.45448731009516
272.42739004051055
255.3411490459478
175.2673570041919
316.30333671208825
334.77369517525534
337.6769016302582
273.7728924860346
219.77750751558253
24.450857632070825
22.86821787399562
278.42397338448666
27.477424398828553
264.263327195764
51.089699499708075
282.599920344465
71.80161698898186
106.62548037755238
325.176825299918
282.37979854050263
345.788768776882
225.28207633892495
312.9692943285168
49.14811254562066
4.876301419740057
329.28785076129094
110.56758369040685
295.6762534821859
221.35972089960092
284.7359534658634
296.02524205044415
193.6885846558337
145.6263006898139
150.07615533649007
179.91382797822746
76.89892851154778
25.775730220206295
192.46554467732378
227.3612828003561
0.7294380859864669
346.029103795376
175.44577794348726
85.5785873919439
248.40075735988464
84.36721369495376
32.34285332680686
281.55370010932444
192.80854864597478
101.12767465236732
305.13644321159467
256.50583718464003
344.57844169817156
252.8297423495966
155.14792521922845
256.85706763293086
58.91764536459597
119.28472309604892
179.7473529560697
305.89241876781136
277.35831745208145
157.08887906531513
338.38150911152826
35.943759078458385
245.21406747812281
168.88472407303
121.57647974429995
47.84662639519301
11.547941524873853
165.31594367278504
8.170000608347578
202.58337303220188
285.6762616024309
155.38987327210174
128.88018861081105
119.44001241744905
252.70971642342948
11.000821851622158
8.418913522577895
115.66830619550169
200.35947404716572
312.6563994512844
333.7096435559649
274.5584065702797
200.21260876732592
355.98823071653703
12.371161662615684
191.99186544733422
98.9077512487891
82.4173117368465
303.4800222864602
345.9585108800311
28.118491070742383
72.38355490522758
161.72634951857327
119.18494571197068
96.97851284414982
25.83789754555276
56.42893950611495
321.936395561073
6.559079628610869
112.23460435853612
128.47736285590685
290.21777938452436
63.23603298476656
41.05028812250228
351.12025510095503
34.0139275773208
146.2599469348287
83.89546929870535
44.62048182859321
160.87276551743471
244.56993616313784
210.57319545130042
260.1495843786097
122.04965840784261
18.86765388359409
23.978767269871646
274.89531030252584
281.59482819431923
307.1951531218343
252.52320994857018
208.20767329499367
273.18014099812126
295.7364506773808
143.80254625952688
337.71066621719945
85.12537398504969
181.2893492393739
119.52384584802554
24.657947781648865
180.99818902586625
77.8306426545836
59.23801270126347
249.41288492668588
161.32630595510958
66.82430583235245
59.218560071362745
10.784477890787088
121.37408869608097
19.39894926094659
182.8644100683416
97.05250600438507
200.60012925437215
288.24731236538287
340.2940521905978
151.86662027385293
291.32623059672693
98.07707844162847
127.3373053712905
214.80586787219679
77.31253333871368
335.66900441076257
217.92006859689687
254.23651801984244
307.34722279166164
54.07477225837374
218.87648320525918
109.20766925149435
114.62369774411249
120.21368120954126
122.51195142530278
277.4758259753463
349.59186416929447
171.10359697061577
69.77968052044706
128.35085281737815
262.1344623856279
81.188583273462
345.7221741258672
221.90778424616548
128.3331974739688
161.7016609653366
128.86853074049836
240.20997465974204
167.7537890089145
112.72818801932824
27.56716592139924
101.5410267779305
219.09283060167473
129.61160082973507
338.77281897394863
95.24442834367515
55.19357698260401
247.5699099979551
338.5956375380406
262.6211967536002
322.8518609220888
111.86802699815533
198.95938207488996
318.43765766843336
248.49720909723834
5.617330764482391
1.0046004783085793
237.94683348933472
257.7486099840072
193.2506700255935
303.41191891269335
25.928649133441116
155.00804880941894
244.94735836325245
182.6094987529114
177.10557306231695
218.6694202176904
35.759523525386335
111.86789172104133
51.391985732053804
128.1840956176875
282.91741733415023
247.57448172622682
342.7870871188837
171.13876658873835
355.7682114123545
123.51882948366156
217.3226860263166
1.665113886118612
65.02902898047235
137.80926113163002
13.328879880601644
135.91493749922304
331.51180306936067
152.08022227364236
316.3820430682237
55.998444484349115
329.2039444960305
48.93868015329498
101.65126855491529
330.6975191152353
133.56538722703516
251.13737383011016
157.9608024557017
189.42972604712608
283.1292041026008
34.751300837995835
210.7377664097366
225.35298837854316
220.9695664838213
128.6732859541619
245.11581094034227
354.164877379177
322.327185553691
104.03324233968392
15.81711593454135
337.0645603686212
295.65924494690097
179.6849983342217
57.036515108242455
9.509441744660156
126.60709830421627
23.693525298395443
193.40327986023937
241.81265696355575
177.8518145947629
155.79450834468608
2.1974656908588397
193.29167407129745
202.5540215707738
292.0871843605653
7.349506032142212
48.59216124154894
275.05114234627365
220.76060591513007
237.35306487015652
22.975565685763865
269.7118057894457
76.44233708707564
272.0728999721193
72.77273069420998
127.32343393271455
230.79780434032722
77.5309562159792
47.87001863126743
218.11606175964442
238.29756513343148
343.1055647978764
15.008470486016785
81.50141679077993
8.608683352892829
12.18006663215521
123.84054389189791
94.83352211221427
220.8557610796734
195.12875574649254
122.10312986056734
76.9729368484624
230.03582264659443
152.6298099198354
91.92953732434643
347.16396988600263
342.1607511968674
17.646074101432283
56.237125610212104
55.71027462916151
32.23965021876632
186.01646938120436
112.29160686330768
40.16103226216018
248.00289848975268
288.45216654563256
288.96265495142075
119.1964981692896
142.3084132241708
240.83321274567237
114.85002894104792
216.12807447351878
208.45999362017892
335.0530539816146
126.3730756586509
84.90494091578024
255.20648573817326
359.2597648883161
78.08066553037303
213.74541951866297
151.97960854661432
324.19436540437925
241.85290431196952
344.9882588914343
359.96738473632416
321.42829622882647
57.32955117972098
54.48520648210512
60.90922316656402
189.6536947453531
42.814618557821674
259.8330989681181
323.0375826243913
216.78139403040106
54.07044658089621
133.9700353061191
42.38039903891637
258.4534930658029
87.82850426762774
129.13685131121292
47.67749030814328
87.67873081322827
267.50859754246926
345.9317832352852
278.45309321412367
145.6504431148742
60.55181664208332
273.1625258819568
98.32583592958953
300.4084446234956
199.93688593879
136.4267059105847
69.42661960142024
137.85789760984161
176.86354710781416
206.82817509910703
248.83363891539003
68.75953691853377
217.2507000205342
355.9631841942152
314.22325165925156
15.657384580114089
311.61098190578076
259.2870017882977
343.47406079052917
285.3116058986473
256.0277669831222
307.1982431130104
181.75089605405466
75.0555814245795
221.37430934936773
161.65444309227803
29.634410187030316
345.5981057112554
178.57913838626953
35.859308607787035
57.15095713738849
198.14289245207388
9.655576986540929
15.538484805395662
131.09653790325058
340.299344751742
247.37763301181457
2.54713267524445
256.8377816534176
113.1099859570055
70.89820468203476
145.0294404791191
240.81177874412697
280.6215824658078
280.26999480830995
83.07646256030922
216.23580084454053
113.77847656189132
199.7432770698928
24.80548463068146
162.07691471451562
352.01834936482453
97.87892298802574
295.01049455611985
64.12069231194009
158.80198817942977
161.92897964265498
167.01009125316114
317.0171044014844
161.41037916328358
4.601384810765579
338.0454278952698
107.47081022708824
40.69393084736311
153.23926513485495
139.5577662008136
291.2823148085062
73.06022142345098
134.60932788700862
165.90135509076114
320.73509628041404
164.83813827585652
22.90816542909222
18.524211236926043
173.86334799890997
258.258012129217
104.25902819119199
297.37580152807897
223.4237441030478
48.6387020428555
187.88585978222403
67.27722516952888
80.93369572191763
13.974408883445403
142.31548834284803
304.21605142510543
339.9278966030758
20.965184145866253
54.372815358207674
5.004563010715657
182.62360137498928
355.63715473976646
279.39794800282414
123.46661855883556
45.47458726141077
172.04951434132136
293.0283120308144
37.295050538278446
41.632441776398665
19.187387333687084
28.05285925149284
291.9480069222419
12.123143137905771
53.99080494194668
284.25942336172534
151.42912959785647
122.58577323304355
297.57196688712276
354.8605470465119
170.52316530780328
278.7094188831483
202.02426343946817
139.99691323872645
29.035144935350687
141.04324289031183
26.828135552482976
115.98184057181581
155.80767101047428
178.6439480783201
156.71060996666063
238.3641388549762
218.76763641069942
171.0636213361093
286.91665024217207
97.55084461342805
286.9801137018373
329.4704214316958
357.2020968175974
297.64529881465654
261.66378376801754
80.23321377225962
312.4597791937003
172.32019846458257
345.3487602657663
138.09063448055372
245.74142706953336
105.95923238096938
351.8343724193462
151.06394595851808
38.540253454294074
13.965004906788977
154.33083485468404
205.56219362766768
133.54986532653828
153.0450469609814
245.14548910782312
77.66724544974939
316.7175554885742
220.45169362085005
317.500690758001
25.375211674050057
68.26075984425214
140.56579325432494
18.547168386024047
96.61011357324455
206.41774606375992
67.87810081620023
122.36300717614102
179.11429508815917
193.0546805429815
277.33649466455586
172.70524437283885
180.85959181520704
196.85301045029246
86.19096774176586
227.5073652758032
323.41199248243583
337.65254505442124
275.8826833449519
100.59272796636711
155.72177398236258
144.62734235126504
98.18713718450707
200.8004519548529
192.1000360416796
271.3228273386537
56.73582189719548
154.696854005626
85.68177970223537
242.18440980589398
13.204690851977357
146.27206598448734
127.46455342075686
338.0591968768262
136.8717389548428
35.49813196960079
11.050837945835328
102.25404562029884
316.9102933340153
267.3512527411308
264.51154162301714
124.08487341299927
128.6984013436347
353.87762249049274
3.326700335041286
133.45345753279707
8.588956035605747
224.1087448779125
102.14888498306024
97.83980653396605
345.9992395634482
270.1086472058702
158.17373944851994
112.19949069641245
267.3424894582337
232.16207538131812
285.191045150481
92.60706966668464
83.23834123731707
42.089269561565665
234.9289331130009
26.088212029387613
258.6029296414116
180.8994518499712
231.09284199089416
111.93467165943996
264.6336085729147
125.47172995014357
181.5399048213261
73.89797467281493
22.367113264388117
338.6787825810156
85.31843988982095
28.008968996283564
249.4043473678416
78.3450681906302
353.8414277941886
37.372293796982646
274.55873281727156
102.65804790720684
99.25181085424437
233.13605615445334
269.5993487353941
253.12731253558775
328.07648504291683
129.938785872867
202.92404902378578
340.9132598486885
334.55504907168836
354.4872769211862
186.9117996539133
348.32327240996665
335.5682956324293
117.52031757794401
188.86757851384652
204.50023302685958
87.88059642711696
72.26515639556418
104.88726858881472
142.80438648746133
78.44935926857919
76.59478543192024
276.6339419748028
257.1165306037158
119.84374022646247
51.44600646237733
182.93104596400727
265.26676255053707
215.35398037098653
124.6595838186593
61.24217736848659
100.01969285908216
62.16165452159124
7.255399857491565
328.5209435747242
221.52370248952107
15.980353259875804
148.25719053652912
356.57872758279586
359.85809875807496
26.865155848676345
14.532854124602682
174.03203924856953
352.2889481286591
253.42857574070086
283.7179999530911
255.05537760065616
277.0706405408545
51.4894796435025
101.14190180740148
194.57939306274073
84.10687954372405
333.22073440588366
115.7766692916063
200.23838542380184
222.51153218270673
104.15029374322592
95.58182112180577
233.28512218249725
46.085952521047474
347.90945307732835
49.218303926537274
183.85505232992364
199.95645589639656
222.41126328474195
348.9572597786737
70.37605643009385
235.09163632686156
116.18095383172218
118.71063188053353
268.58397401841466
242.14630046960556
89.84930562512082
81.4620825280433
282.51813366148343
182.05499627974365
315.3591212740187
231.97847998903384
288.03524772756055
58.024751935787144
324.2238790985641
273.5335222093992
288.79399041219057
322.05335663863644
106.2166168189059
171.47679580228922
345.3268688317785
58.82593404486046
281.15653811265815
111.8331124005068
289.72972718165744
260.8190622354135
138.99936466648538
289.71844990687845
221.66356786187012
220.6685065535738
227.22698306338833
210.2104465805973
215.77733868618088
160.33285214852398
119.57072713507722
323.41302786780193
216.3243187746843
171.31226591604454
346.3918348894823
355.8060997433674
51.65894133565548
36.15781288471384
4.581538151462468
321.57302081681286
269.46482574154317
18.73360006791634
293.6324888093696
140.45002827868686
232.9790173611314
129.17041631873263
304.57219722648966
212.74338517146836
69.14118441311078
89.17611278775193
219.73810271773954
127.51152388420208
181.5110519294215
204.3447198285914
303.9132475262144
26.511065582981942
53.96094178157887
352.33249842599133
321.1302276708986
214.3572009404811
335.5646727011977
39.246075625948095
296.4905250315102
354.4504113642249
72.76795176352408
41.314092455663356
18.635074247102406
220.57304214891525
161.8396386645117
214.89051523208587
346.0411763324964
205.66097052538746
112.76706018747151
225.06422959715215
119.10986052025578
262.1069040819616
205.17289767074922
251.62616414568518
50.04684394523342
302.0537499189806
37.495040449400705
300.8717142718001
243.82937759023332
1.4876656952744138
122.58492807671144
222.6928177841396
276.09020136204316
148.54232101553666
46.04396640614179
344.64061828512854
97.53906552230137
274.2772792942303
218.03168316156646
188.11606861333306
9.581128676278169
343.29491613807915
54.94327479073064
106.57271854108552
282.080845609462
241.91204916147433
44.268345675737635
161.59205385682023
261.7587619548687
83.20383835033124
254.1067278595519
289.91873336171125
248.49795084822952
231.08919617231538
328.23111731315515
173.01928611897242
76.8756776951718
69.72838615312185
138.25065998357965
320.4546943535129
71.52504077479549
349.8552079481837
166.34337652776208
79.33360680873076
7.470453586078554
230.26757595082375
245.18956600763173
224.33963653481996
220.36974867477596
180.5520087350979
246.15234097280427
306.30270055864804
76.63485886327719
120.21890367541846
122.41543922982844
282.01091416111257
69.69207337732254
259.7773385867846
260.7026189457658
113.93623466574238
216.18191816083674
240.87935611037798
173.36702143132243
135.77333837363918
304.68771268481794
25.515528925312996
12.052761977597758
148.16809661756074
99.62110483121755
78.34502327252845
4.795305753266144
198.73842533285332
64.18165677162293
321.59494872389763
110.3411519871324
291.4667266747508
58.84692104691931
278.56543924560634
26.631350244931223
22.769996559538413
275.6383075822636
279.62832716019676
64.80749338966115
115.02998906923953
183.44711797366347
263.7089733193723
185.76295477445916
253.09239064085142
245.99435941404582
88.59227794673056
293.1760692369826
325.2207960482472
191.5367462730949
324.9955141629822
245.1261276979153
127.21745024009314
222.22063429484214
12.202190953609726
265.80708273987045
86.89960914036274
231.02440019547015
37.15267500916347
349.51784938057233
205.84671254660367
45.519211947190485
144.23885656333638
211.0223424920014
316.310265226093
340.2167838295092
49.65182426870474
349.53619575875547
313.4048678628574
313.06208281816663
81.98289985996881
218.0114491315423
86.17521155597717
346.66794935883297
359.8800810389096
45.05422443002332
35.86084204551195
311.17748425816563
307.91345178321905
23.724883916515047
15.656471234854825
273.1793922185531
143.4046630740004
79.63376424407869
213.49274720549116
33.890295849550135
319.8272067694194
340.1600845304951
327.83859765896455
329.8572698529568
346.4857239989153
67.28537408952323
356.25289813352236
10.722704930272254
159.53413575959425
188.4468898192981
67.38987773365515
21.133022845168515
255.99401637251327
342.980807650108
319.38916836050873
317.66131178333256
200.28611943156125
276.138527288109
101.05791093014393
306.65359806450596
231.88955225034613
138.32412376177055
266.979004018563
235.19702232984258
263.09471420990826
224.11441508913845
13.656046632452155
244.94757674229362
197.4175468910423
193.78773354655777
241.03221116174976
107.34398094503415
302.09437760157834
219.5010569354119
342.19665931145727
158.7733990752239
132.17796477795702
268.91966611180163
23.818885674335153
205.54369006930534
309.1073037201017
121.01720242904257
80.82775738823615
51.056007042492254
263.22474707003886
101.92825547775044
71.07870066732454
131.36066847538055
57.56620895725081
293.14963975249213
359.2289992009549
90.3180836247515
179.35116571739135
220.05052783981404
63.76773005424686
221.87589410540738
115.95124816945894
255.5657422491984
87.12343759389358
354.51219670006645
143.71739676652524
172.110526697342
355.9991921861341
31.684166080138098
250.89735037580465
324.16914388870015
47.56127307295476
352.1600284871231
49.97668567113573
124.67384690846644
166.83425200351937
215.40181686644016
70.12823211896549
350.2046570960129
331.6317895247499
9.705049772844955
197.0562373665361
333.20456424095744
133.57916097925002
184.59085287889445
5.373272879791711
193.81881062259384
217.2597926767466
303.98476883269905
227.7492173346272
289.6309092626839
14.245053017944592
203.00590890417203
105.42363676072591
178.48221481596502
324.74273334219754
8.728874047709354
226.2739454555623
157.7258533661649
56.82649587788493
114.07014022150194
319.48369876489727
222.67993079965748
131.68486513163447
233.98951546144795
139.95669837728693
357.708894079997
243.05523698057755
304.48645121896544
280.9742162125042
35.27620917087707
219.98455161942138
87.40997186137771
260.1942746187555
291.47526915244947
344.28521366947746
157.89013341695807
291.9433599477041
330.959798867436
357.5310914226145
356.23789230142785
187.85259061650953
169.85889997105883
217.16522654997326
142.44935193169022
258.2419305426367
72.1760228321822
87.26728078677431
158.9895061716721
278.2575397144798
273.3352052906163
216.75542912060538
86.31955597227648
255.6189680291139
313.9519579191312
306.2738863347183
45.670891490256686
290.93444936192327
347.5702118972038
254.74387944170283
324.85819607789546
16.89406695355926
118.02094517383131
87.53239509435728
275.46264456147776
139.2522639132055
125.22197711684859
80.4195618612669
253.50591220146734
120.36251677283136
332.65261504625306
7.0222439659018
10.774156010141645
165.12877488329386
255.4008222160942
212.05782681908633
70.24052974877773
189.58967862824767
164.59477436813904
288.8087160365774
16.573849747153503
253.95316284533232
132.19444256503135
156.37484182133494
61.50996062427037
304.75073729090747
359.53334769973276
170.77783196696006
23.901431626136098
74.88203603150335
3.6642031732444513
3.707052568606213
155.55045099858788
35.67212934505918
257.47662600050666
303.67452309880326
6.468576765666714
301.665296878773
72.71891882140217
56.57200324861689
36.996302353382696
36.73086955109151
199.4700876484514
6.100197249537498
309.25429273377506
79.15799744084403
191.272295970707
79.2667697863901
206.6873439037277
73.76803622175788
332.04803671591986
8.12604553412215
338.00106838641676
130.67453368337533
239.09031689746752
206.16023972816163
140.58039828863593
43.17267242193063
265.82830475112405
166.17835406534354
288.518187713643
111.3412993506579
288.73482101907086
236.33548986961196
231.67099985455604
193.29236114328577
174.65626901990615
81.85203208057929
44.69848209993123
142.60421647603135
108.00952898990184
252.23848189362198
248.83166374874193
88.32666420898951
51.70445759676328
207.30855329089823
264.1546079916151
353.047233719931
161.3147564868586
189.98939954779863
96.47284981237607
264.8597983947745
48.93391647568457
29.91471780177287
320.38127626379116
260.6781371882072
241.3170766740567
39.01280739383265
108.93295435906147
181.18862855090777
236.32371369593264
98.77830533745107
100.3496087925394
281.8378641563395
232.34014339765443
278.6429144258004
3.503556977041975
189.6024021734095
7.274710055774949
345.8369707918741
146.43980444381415
181.88967776323344
36.88299579119831
89.36018964469687
25.996188385539888
231.77035617099577
326.5939043540711
204.1566593682817
121.61854479469882
172.84428849407036
106.6720482957948
326.31555655992156
352.75680625043555
287.3934673901909
227.46561416096384
356.09567507146187
346.767163548049
13.077299291360514
149.65299826260932
332.79847003139554
303.0343120449037
136.27666271750408
293.81570618026353
273.9907683276823
89.06704482493508
194.29522372842155
154.3289114683883
81.30504073222258
85.60934145778354
43.97764498612856
34.47515061582009
206.02143282265158
50.34832525788018
30.906199274574476
42.850827682074865
139.86257233638045
333.58946026962224
111.18864245943121
265.5491270155164
149.90864590430513
34.30826582756961
156.95184088753788
114.26697763404573
331.26663111380225
171.27725837344263
77.00732126716976
107.3979801450585
327.10441698434954
141.50548906543582
105.75626844941569
209.33695620824915
202.886983533034
47.01734779635138
16.253139062406632
252.63619167438912
200.12819321293813
251.03634832305937
97.4487881504752
298.3171282811934
194.69869053299752
175.9286045131243
300.98526930448725
131.55572791970752
5.706586102146067
197.79969178601576
49.516258654902465
243.1234269556438
323.19444461860513
286.4279951840119
6.37854341521892
91.37991064845909
226.37250324133393
264.25620478463026
75.54154436867054
175.27787157494888
128.83460205650573
334.45210062013626
231.11347852281193
355.75408804179744
273.18004953833446
255.5886815921664
347.2842395296208
141.04501622782487
124.69097218582792
139.2826315111686
172.43675489223864
140.8794539875598
262.19138137128635
197.16942903837509
85.25995010490514
275.16459980312993
33.940797344736005
304.88224938433405
166.04832072714197
34.69609699699947
137.391757385642
23.241000243014227
212.97429844042762
334.58662707992045
353.86702566080015
40.64684617235628
70.97145893765028
35.521661787033345
202.68913293592487
35.71661368318156
259.9680476180009
33.61513850127592
194.0211519556647
185.4806087704336
189.56192650400433
136.55178796972837
15.65437829201291
42.00638884384429
348.8294487740501
271.86693298590154
266.20500527954425
29.100051464157247
122.81261636534117
352.6286847509032
245.65858830892822
210.77578316970678
111.33014128035387
36.45148801495
193.9275303382651
14.473345290673386
51.10978540831472
55.68396048201572
309.0634805314318
294.5423481567566
148.84085119773223
49.7782742928466
278.9929815615173
175.30111916837248
20.597231429673467
175.26200964082403
164.12140039437398
78.0171544329109
222.18309183934895
204.39784064780048
312.87668168118637
92.44503771752605
105.30464235547826
30.530282615084463
338.2409439011434
41.09704926365824
326.07321646068743
236.282777957889
350.5446482334421
123.21034938261762
85.19632624749492
90.18258261444365
110.27457964850755
235.41410974316236
93.31491157788207
217.95488144200846
174.37330154426087
147.38871782541526
250.29662852792427
86.64164266514436
340.484572940969
143.34839878033316
343.89655335110683
62.864783716328
25.82554420101389
83.96757579708542
351.0482208131227
0.9673335427955632
250.84325322238485
218.41043810230386
244.14955576783754
202.4302572561346
232.53940142991686
42.41217230131801
285.05961338502993
4.876683178184273
228.3240804538892
135.89944369401135
191.12402845653926
287.13946134591487
328.4855365218544
222.4266675917497
80.39801400014852
216.28186259012045
133.8397045517783
32.74382640921602
107.33797747174609
53.1253777551145
154.84987095950956
46.10049241320862
65.58387165374813
134.7526648852561
329.48318115361667
305.42995220968805
201.056235452843
105.61771290463037
119.29752414657915
56.34615705090003
46.4433486985439
233.30936684017735
126.7286960765552
304.9255923482514
177.2554912901772
100.67842761299703
41.27436944722966
125.53487948296971
359.9749124140259
352.9525452032632
328.24802879134455
317.5042698469262
174.43157619650916
176.6273143443996
61.0024294832022
208.23615650975688
205.38639939625946
76.33587938868847
65.99894366128642
150.3766670471667
312.4052824401154
56.56363016156134
339.82538325683976
241.9676712950549
262.45865535143525
226.98830080555203
188.24185460459177
331.03547492702324
146.28297624370475
53.39029918295382
329.56040000081805
209.86157804421256
137.39215462496037
50.49170556692948
338.14093315392626
139.2198409155971
131.72825696557896
18.746743709348653
278.51259109831676
29.153672589380932
346.2927583757586
204.0204915800986
356.6059170587155
100.40569665788284
96.70083555430199
287.2566351958103
171.80827619894924
99.4014976533661
276.45287893491127
170.64913944494515
172.0309583831564
99.72823243093848
244.8190694657308
117.49688440842485
33.70343802266627
194.33768503229888
215.5842924067866
44.83412766609673
349.58661535959476
205.24272724483248
225.50217414775827
21.09405733571032
209.52335544685903
231.26487582936386
149.15889119166985
165.47641501683714
162.72138327660457
219.43003619802653
176.04849731964964
61.354479867615986
334.8900227210603
61.89830372086921
356.0135728904886
82.97071350512417
219.5289088945632
187.85291998076124
170.8061202323432
332.8342741384455
109.89329344249741
198.56246553537855
282.3755599528556
236.64790011475029
206.63718442632617
223.86952614273133
2.5919441488311845
203.25559222881841
45.86215060680336
79.64797217381386
184.4643331179772
89.01660569954703
43.27599163961859
258.3102526161703
231.51558255738013
189.17530889847072
82.39237127884654
288.23498001136943
39.826550793711476
233.21056792027562
228.1787553260861
53.02424678424213
126.3642844119319
346.81238808303567
182.28671093045833
107.78928239810017
37.56006500368166
240.04757470759196
131.97519202861199
267.20174108156016
93.7051633148923
309.4401767799791
262.063975231752
248.83751772541498
207.5833443569205
301.1066897468799
277.7308891319611
55.378556200792985
79.86091770351258
72.74994029856438
145.69323040663585
150.52751734894764
79.10664265771754
54.22963206589457
342.2901224242956
86.02899703205851
280.9153947391321
359.59176107077917
319.20927585819413
230.98025251724553
68.46096880028936
307.8528107841696
181.07811428984914
159.65331952315162
145.90511054084462
45.49921960425073
33.8657776960338
110.3394599231388
266.4412582567514
150.57613655056798
109.01909160227567
135.26612501554854
28.35314651808084
96.40395563420056
195.48222710440635
120.42533797200335
305.3199976042692
22.37493101992729
0.2262033218812931
4.1918951129509985
211.30150493937194
159.94640735605995
207.64100684821486
184.89843361691678
115.68745295443054
173.861101492731
99.11977756566117
80.07382783605462
40.998319351904804
321.78906551239965
346.3907969109415
323.8400930794569
33.27483151477675
229.9999583951469
45.629954013469586
204.00240537923514
354.3960003069238
108.33834441453621
94.11254623521538
286.655604352769
245.91658883634142
264.68876493930287
267.1401097284364
193.66974961668538
235.6167844252349
227.28144154118604
230.2043890815523
227.20640212344304
20.808170744001444
282.60344223869356
259.82721886111057
255.45619299148683
106.54174848240311
27.34435484975566
6.241547903564557
105.07751397079745
122.21540518569617
134.7194628921997
252.05544898045608
168.3551289817772
206.67959829756666
308.6773838450848
263.2676307594708
266.8864441365253
39.79178739976648
183.91349846869113
232.47921764966048
98.64257245970553
167.47153818647985
325.27425403693235
38.8735663238811
351.5399231687376
97.65994605611354
247.05165810443697
135.51199321441817
234.1975933790702
76.18839933446641
230.83126325066513
221.72028679448545
233.34455075419163
244.41350963054757
189.9710311667897
26.817033917349473
117.37981002631146
274.57630871001373
149.45258137581231
181.1616458386423
326.8778002758749
14.19564725698104
241.76030950556014
301.47641099702497
85.37034398735537
107.40712783666119
102.60794376661372
29.62351825974506
107.52542045635832
279.01048454137424
264.7461888345042
197.49442137235852
116.8823506453381
246.08997254821188
73.74915687558925
25.39567313451427
271.591678484209
302.4237410017303
186.5914293704896
217.29179189722842
114.14746567089988
342.49994916760636
301.9914068888196
233.49233223237684
9.888536310266026
254.80869037631456
290.91106337825266
99.84682101922452
339.0843322820485
58.18050138296628
186.26584627035436
52.237954506108565
38.710148184679085
0.2938682484564925
152.81291138025873
276.1397659500653
92.55555778190917
84.07546302801104
31.349628692442003
183.23429525756092
162.09881671906723
175.56865236999016
135.7686398697201
70.55666677913662
15.619277562405745
215.94722445140167
237.1795534405433
352.3650849663903
29.30870703180038
150.70297115252438
96.2216376212732
40.90893441315874
161.68159193371002
280.63712109325905
182.8557553085143
219.49454536477916
321.37357696016613
152.1374829675271
112.33801049259377
99.72488572680642
118.45613175156615
78.32439562702172
226.74150183118786
204.51602069084058
250.68477193545309
158.0003878471009
223.30678137461155
269.46952330298944
348.6370262489538
355.9399254333697
254.0654829077681
127.4069551147423
307.48568081390613
145.9071257135368
215.59581780695228
214.34872437215543
48.19147271780794
76.8909997091549
173.43275926941834
129.94643794385183
197.18900050131907
243.39927561543618
222.56940493709996
261.35427312198163
231.17817876504904
102.25337284678051
293.65068242481357
156.75164147825342
2.4229600666652873
141.17883767884487
113.87399438653388
233.20573200765054
319.99797603037626
88.58683815383563
322.2759874057549
123.28932752538643
93.71282804265198
99.29418811130883
60.99826932568285
65.84563719604635
9.98279294159747
337.5306316969071
137.28932534906454
108.51869111876607
82.70389920615166
206.43395602251994
75.41367812947857
153.1440969225467
267.22920761088676
262.33482182647634
173.30348819882946
359.8218435133598
81.83227112535074
42.48500779331019
5.7019282847323405
171.46915719434176
288.5829535201663
346.4840075778696
73.71159524742112
267.8781037608462
64.34956116901671
264.5109030916504
130.07541857753134
266.77912358952375
302.6805374081947
159.56955392481115
110.1814428373886
239.13839289070418
48.607968142038224
166.3070109496204
50.69706099874257
296.8931204374005
20.954178392810107
205.56659320323396
240.90230035369746
43.556015335344966
320.51175145857854
111.68844346991347
166.20566083266158
111.59607881148405
277.50645036425703
348.6721091947941
48.99043161247308
265.22997946815804
278.0414971482799
191.6672879366236
8.853062285873182
343.2344909469981
6.760758898985335
251.86023931042757
12.459509440733045
253.61719821907337
331.7574340436989
225.67514737738344
62.659434651455484
30.45915201865437
237.7939730390415
153.31115696094966
327.1622320575664
102.96980478498908
225.18790927013538
196.9873711098672
88.9928285815337
87.77104718253686
234.25740487724826
35.86973661026052
74.10942975065072
237.65376078491798
189.00943927195033
302.505202578657
35.97930504367034
123.52681134793916
158.7924492466672
14.690226805497577
332.5727961149778
191.00511794102562
272.9245179161774
247.05207849399164
338.1498872335052
319.0598042480062
250.8470845011649
178.22323828585013
170.37758867406893
55.38010258878612
129.14335382650322
22.340362904783696
302.7305816927419
11.573279236995603
276.79950645244423
7.701275146585007
92.79154312112021
251.0553009489493
171.3759732982785
180.76467779778295
208.98170549384892
193.46165351429462
221.29513668349563
110.27899009617592
261.41618238560824
31.6341815197703
83.24070806172037
64.17823455467646
236.99277378719998
310.7163608852156
38.703285350456376
90.98453930458065
324.48686936894927
273.61621911115003
99.99554447710321
97.80823398168725
232.33926235608175
353.0723028053328
333.59964800202704
158.63821519834977
229.987749686024
347.78491856994594
137.4983990266522
309.46676338334447
83.007314402873
238.55142978035644
169.18095676156707
110.89456908586118
42.98791448069853
200.07082301009646
212.30268135194902
284.2132610771944
214.99290201308094
105.05939644866135
172.5180324562438
233.56434948985995
118.60503962272341
139.5459896692408
286.7943572230591
94.62498486775378
2.981460558566349
171.69176609207807
115.55343197453443
99.37251903256929
192.00259263753819
281.20597797234257
283.2767895397114
36.83157365193731
262.5143857872397
2.405941254247832
40.749945483081596
341.30846385603917
356.82716676598295
241.1957390466834
20.909497331096276
332.470034068108
240.04856474647212
334.71503067345657
50.296338949877565
325.72479521565924
153.49183233976774
132.13557733255814
359.4072959270339
246.7164264334066
127.31524713902422
286.0599767307454
87.7763310660864
220.3409403779815
358.7120353654022
36.203442105796896
83.4058375676741
122.55039680908493
56.38448994954465
120.51610802265901
51.207304619630015
202.30776421044706
277.7001185748583
263.62987244235865
71.39995393367202
201.40891258697923
301.8413719698711
48.49047076372964
306.3548352901629
81.48943200520833
350.42489559393516
114.26174347055235
103.16098884316884
270.3854047632386
306.4803263961733
22.066084852593946
239.22939576148428
184.11889171730036
173.3422596092832
149.85109720799554
29.539385804861848
306.1305482286193
356.9237800795442
178.64946489579538
136.671390540655
111.9830547311109
128.00335106237156
114.72539090128728
198.55878036430062
215.61099321203082
105.57134299692694
235.57757079863327
253.93086596882353
2.29405065319364
137.94638108634527
212.49527182192014
81.70786997932078
103.88219069374654
105.28578748595478
188.3405201704838
18.148074952909386
3.402798860125036
325.27839649745204
216.45621948303574
254.33621212001813
69.0316973446087
13.22218687441595
75.07622447174454
46.641168483504664
251.51104967609984
148.35321984964543
341.3403224808792
14.060392308343154
54.449121583103256
170.20626261108012
259.9933267473815
28.907255158949695
123.5382478795357
251.95186913950803
334.0743458531354
291.08660282214845
18.578916598629924
32.068371219405904
178.37851972575137
11.24314101407817
311.2994599262802
191.37162897929352
171.2004339420646
354.35597990145396
52.312458200372184
339.33925796492747
55.844651631975836
112.89190236069125
192.15050569417704
41.83008587185824
80.61565561659044
307.41902717812735
164.17540144558063
161.71392540936026
124.47579237185724
272.62156370511974
341.2567104801726
314.5903557316704
215.286626870689
217.945196899215
263.46678877539074
203.68978933977706
228.52548236319
274.6422346156104
320.64138318600027
91.21372240835245
36.595527622801384
134.77401835592934
241.50602431139453
87.78539246183331
282.32452174287914
32.76780862572797
330.1703693683999
217.34603605635033
74.97362703421278
296.4139765167693
141.1440126975012
101.74596904479809
333.0544229849867
201.7285699998809
275.6288414162993
127.44395867894276
185.47879242145254
204.89542567062745
134.6947353906385
346.1420316656363
151.04287661149053
34.540916053314945
339.0467093996305
1.8474888386645372
25.972932465907572
8.883674023136505
120.44347427193196
28.76731347303394
160.23738253517547
294.8404523397845
26.42869415280403
247.60486627340183
15.555949037438502
169.95865011593116
277.8878937911059
102.24225052965693
211.51345840724812
43.08475691214392
318.0455507436649
104.45621062617153
40.912172475070825
155.96731651637785
51.86837122374889
291.2292974203998
351.4734460808545
325.53197172733434
316.44251339525147
147.38207281190506
108.22567493354674
235.35504048177228
325.7436923768703
5.666311646886646
269.39238388948013
164.90155226972595
37.32128103201507
227.12317544518606
28.32071290633916
96.38223993147058
313.76837089415005
126.42422757633642
314.9670650931461
221.62340588393496
198.45184787000434
320.07763082283316
352.68348163940027
345.1325653929262
232.82795257732818
219.79533324911762
229.52454902570437
64.5816238272506
31.770232683979742
328.9818082791248
28.02148350821858
66.21879409801953
23.68844754014877
227.21830912229575
103.34645182623905
280.2591099524356
353.81866061640187
5.781174276274794
7.016744034427069
280.0927478576242
321.9161201830631
286.6464252019787
241.76514113080125
219.18934589975237
139.68416264835957
258.097285094583
182.92909446605753
180.86546185276845
88.62405607263423
351.9649510356124
312.6882179338716
268.62155011142494
135.59201516914172
350.6972957180041
145.7058806615076
128.5438328218561
161.201502361666
286.8641991569116
38.207444864495464
350.30540349216386
135.31015910810316
3.3720548089902147
307.2541643154009
259.59011057496457
114.1824947113115
119.57437178956755
182.94834047173657
112.30174655045971
35.520996925648156
356.6292217879936
33.53185405046891
229.71022259808257
30.409786126647873
234.86845169441193
161.8168696675024
253.7252786871945
115.31662377850279
26.6075644243818
311.11391556211447
292.77756121699827
152.65052361174855
289.7394223011669
199.79924875571268
191.32581735219094
34.97392602481565
200.6186610596402
205.8898810808549
49.79811847754751
115.81978193305355
49.15810360701447
226.47125496272858
326.8139787560802
99.16564898181282
54.72233484878248
221.54904069148907
291.8234131395114
269.9682636044098
28.317687817438344
17.873276156943298
343.8379049133341
139.76379468190234
224.74198245003515
195.50939361710888
130.7174838611802
134.19042726849608
277.7714516484114
148.4073485153753
173.51703013208427
103.39153468843385
112.1261701462717
339.9467715110984
61.684041602492755
271.60927580394343
57.86975340526351
165.41232394784842
277.43923009462657
38.87993702620102
96.06258740861821
85.58026282721265
91.46019748084382
285.59403146414724
158.90256913395444
209.0736483887845
147.02768728477926
149.78565205475758
13.250738932332675
275.870245704727
156.08292079827766
127.36700179672656
353.3538610325083
150.3237291524433
128.18349135870258
227.1259931322942
116.7395590326962
309.285284502574
62.134479859410824
115.15581268765538
36.67404046496203
129.38939660151564
250.1104771945146
27.487452291995393
15.236267740210895
277.29409281330584
235.37317854913258
195.04734714773744
122.97669270176007
347.6424678292049
267.22843455230054
91.66407873199655
184.29256933436216
235.73888514602612
330.6555635053657
143.6995795964958
32.065930335099154
215.40988810040258
173.08087826139453
68.98183276050378
290.77462799022913
357.24627987599183
47.056396080472936
343.06756647708687
254.20047543793046
288.39952480731864
175.14377840522354
342.4652491198815
182.02297760358982
42.33209978991208
102.0926309818164
327.2998178260268
189.00094202127502
75.39798507902161
289.4413401788599
240.00265375951128
121.10856175220175
276.8562140491813
328.95764482308505
311.96139914423804
124.90628743031665
9.896593491055064
163.8752570294515
246.6661472818226
179.5912834822539
293.4837759466989
230.67196988794234
205.73986749379796
115.58593373822816
128.30191442563182
189.17350261479663
243.34260717792432
229.1872099156987
204.8090619703228
215.0567790198165
54.79044212886886
119.7136538420197
327.38693675310867
6.365039592678907
286.83199449688226
263.75072821898107
125.79808147618455
24.43640107926977
199.87648408089206
100.50955970461324
323.6392812453621
329.68668511981394
96.56921974728073
152.97788644176984
73.20639583709907
323.97602436986904
236.4617681550044
311.4563652314947
47.16258326048481
53.82829381409489
343.1257383401244
179.2371916263284
339.628190305473
182.56098280898226
277.91054397369925
284.5962692727749
212.7873816051247
144.42262948722905
283.64722424903584
198.9340799206663
329.832991858391
190.12372591803546
191.95182392713647
167.81458027703897
21.047717075856966
340.6860783548259
59.38351097226632
39.81534987157148
57.046250607869595
165.32487009086114
130.56406900970921
227.51650587187643
191.6797045306857
349.11649188254955
220.46708141725085
235.61975485520253
306.82995005619296
297.49442416804783
3.4365360586869675
183.10314038457588
182.29833831845556
17.154443403636957
133.09631993210692
129.48105923238506
86.21964348732308
256.73956263604003
315.1634922432591
129.65314063309984
134.90874395529752
265.7140659669905
254.27982151585087
187.48981051268112
145.77403081232728
256.12515481388505
36.32768638362216
215.2161364118694
182.90817610902556
169.48979578428015
29.297974113942153
333.8199845928798
212.19341683342756
219.83327582488133
228.62913006252145
289.1242131165618
281.23500528490655
63.94525579048952
177.038090255466
248.8269092398924
339.1632537575108
141.20798550008556
274.2155700622633
107.7277623778863
212.32085111664347
127.89049908019072
218.35929589193697
101.52252900638376
314.0790204108074
124.59163051523225
289.3709384417924
53.9618423472854
230.50230582166907
180.55385478060768
192.64348756275203
277.83446771109516
148.30874022731106
134.85884057303608
352.7178372395599
257.1493891020802
17.548263567513107
42.05474364524906
117.68854160739363
196.0549382611454
88.64927512765956
288.5545839029994
228.0905452824534
49.4474717749764
191.95930735496793
256.1835047634952
198.10009459603944
350.8859210795475
117.63281269603668
90.54248775941305
112.2346282263948
145.3428872778981
264.695273770965
184.39467845398048
197.3380867453053
297.4867118771997
80.33960062333549
150.06960411725066
147.4894703297095
300.6032952716924
343.9872943309758
289.91991280098046
78.57432579997105
136.93023589270686
225.37334850635315
280.1539415816323
129.60997269962297
57.090202662716756
301.890586649762
40.906721642713904
149.51738384682199
194.47424275033586
237.65547167066197
214.20106977438124
210.88364263567289
189.83998486680818
285.234200282973
231.48937680575642
116.36096920646732
152.05370663981728
330.6943637547431
263.755889225583
248.69938586561744
42.819223617345024
63.623955609699195
249.69821872086726
142.0121368312396
66.40070421862995
135.98614362613785
51.29597227540554
219.72414314914914
69.76062634196387
197.15490666230187
351.11350996409175
253.75551422375426
34.19793669014834
217.20285147269155
21.972597518386547
249.84376082905652
266.48579347359623
176.48951531165753
7.170284837609748
295.5097695115732
35.672208691423386
326.82463351695964
88.20584306231355
340.0242073008427
31.12094583447366
297.9577684724038
47.02020419920523
189.83269985822744
138.03412968571203
132.87189824347797
291.0398960026192
318.24950084056326
38.61210644653275
86.33552497805803
201.85690888796222
4.831056875473445
250.17018687877567
313.39393262499664
172.1648816936098
277.6924902661912
325.9457389362985
207.957385481403
310.61089436610774
131.13136651763236
149.9935867823036
206.37002292818536
120.51148018801948
51.27487801215168
34.481259103616516
146.82021377967982
215.92034359821687
164.06812566157944
235.8600171256917
172.67947470759555
127.32444835378585
322.7725546726928
25.80159616589821
206.33366997520673
309.2840400294348
216.24545850964665
303.4545250738559
359.79674554755377
113.62150547638014
144.6226909201227
317.48807272575357
289.37396165502594
94.302682348943
195.62860697237866
219.55595581309345
243.86786253742432
323.94366062245126
122.58863707811648
215.22585239331943
239.29707962288174
146.91484359973072
234.32140522363096
334.0850106700116
177.82448556141136
10.303334966966275
97.43910039600544
107.64618924244061
134.56771632050425
341.53374343498393
143.1860938094871
281.84224812613127
143.1918232570552
280.2364029571597
43.79761543553333
20.311784358400477
99.66020589114643
261.9912504257396
177.46163691452807
315.34230415211516
353.2466152020975
152.86461548604382
36.31878566262044
195.25139514346165
4.887638424795111
246.19516252071222
88.53681501845273
40.150529160404496
165.1814649679314
156.87440824938588
263.34731970224675
52.45008042197456
237.8155007490482
163.40619060956618
7.034414796913495
314.12833141125896
128.9318100189552
174.31856114111463
358.21632693794976
259.70119750701485
138.9159989872884
313.0407710746038
312.3625980627253
121.99346440411912
210.32169776105698
284.1467681874512
288.3409736981099
127.2265315880996
144.11936428617457
283.9060544980803
253.88990839397349
126.60148639847843
276.1846724940126
129.37153291275413
92.26380109576904
273.47066555531495
86.9183747181417
342.77320982116066
218.90002138505878
208.35466446490125
19.11600426183214
341.77554251469087
164.80798547215946
78.47599475928662
242.6823920787222
291.19543135486487
32.48249600152833
354.14460217234597
269.51254558037283
288.06679358464675
280.49469498919245
51.24449214011812
267.8370258849734
179.47676916355414
164.51589314900696
307.2347747995311
172.55637461661172
171.38771662829936
315.38093329165343
247.4925933560087
276.56590300282863
156.69810316607834
208.89933386465427
319.4892699519676
277.79861540504663
132.08458016889657
317.473994280054
4.205347577812941
107.69055060350473
65.70651826779695
250.1889249322695
37.353941612275214
78.99953734922927
241.643365361777
185.87882503757265
27.39617407595427
124.38477163504918
201.97426944035286
22.795159198187328
202.99632110296056
231.8812789963467
333.69841604255174
28.834589931201297
39.47843195676108
139.37981286994358
65.23366648205405
217.89765133386044
62.01038301870488
327.4494404899322
146.0200846417856
200.79659613787052
42.65502247523326
348.31640698964554
302.7940432358616
303.233372648662
19.092598120235355
108.53971534503572
337.3876279266258
108.71990848438784
24.73234125187611
323.9001041019728
173.4471544088837
270.9146679147422
93.09533101369483
227.24594810801258
353.25364005744075
7.700859449514681
223.76479177398335
133.51604657185547
230.86717281700243
138.4333438712955
292.8640011965371
170.88573221887225
4.106177678184846
16.132752712717725
197.93610508936248
172.95950868404532
215.4115577788878
118.00701312833944
125.26414844234279
74.15985148986528
190.43493158377532
30.531915135948434
77.08373339927338
358.9383255140075
233.22905599592437
139.42397509073464
296.80471649943115
265.16187531950874
98.20767210284195
350.1904679826307
262.2725490475285
133.0036317673179
71.58113514660423
21.54290077102617
40.263741673216146
42.89404744097882
158.7631323022956
31.811985671254423
249.8241353879886
99.56501082391108
229.2829425527432
237.60351996335658
147.72276294939172
153.94578100627902
357.02670903798906
164.28629753276815
226.2078715231034
90.64642914994758
51.17025276082445
69.50463933783757
281.4161697321922
205.99102586893673
121.95512718245436
263.7597376618281
170.20005716259527
60.03907508910877
325.4984454338541
116.20563360124228
103.80174216400742
345.76072698932177
3.116385363181915
199.15702054703505
288.71744320968605
219.5074423273717
153.17996398598947
11.407816067466152
178.2585866895518
59.14659959220315
27.3111848688152
348.3110341591716
222.73122925154254
159.7049460222396
307.7662775798601
295.6717208130479
121.81886398794556
1.0925392423721147
159.14211982359117
334.85681669546864
309.66793915889434
28.45515171620532
195.0808639740684
198.12677518084337
221.33933759232164
252.92986296364845
99.43688124937127
26.045909417180482
358.7033137555606
89.05506864017443
91.40920097207238
92.92945649795028
214.51921810437685
14.812648605126641
65.43169142478607
81.63740274046751
125.35561298737626
111.2566384885962
269.1522222691299
205.62625352064498
187.17037155661671
230.90941417753194
326.62127212280944
154.0218546068221
1.7843351230136761
137.58267547077057
228.8493246902415
194.5776310785808
348.1462729523974
295.0074338678425
240.18154972524033
129.73440633966328
169.20091975977476
297.6335362415754
266.4773316537982
2.599347935308005
133.33588350708334
234.18583321331406
139.8713283757649
172.51329915321634
148.79737511162477
313.04080502038204
134.93153472259007
303.97720563795986
60.12867973450938
58.21384865596042
162.3193299713346
98.06000118531654
57.59932929731738
145.72413570874244
88.59512419956566
242.01170980140606
123.7572087033259
292.3303966408356
264.6025880725131
140.65736011476358
285.64956144087034
92.10761946409599
329.9032674226581
322.24862772240266
136.92324472150023
241.06123823743732
17.022704503097184
221.80176861151955
0.928407696089053
155.95183295112528
6.808030381080168
56.55196936659313
304.1139566422708
340.73003733349105
84.98609251232405
321.00587301536365
18.417218706803457
62.45790622370765
240.05046836262983
203.17539439935229
52.01422810505267
288.31944549452123
203.89440145151553
318.92783663117706
179.71113218627355
286.2997574124665
269.14607320778094
97.98845160392287
67.42141384076726
204.3386000513661
60.95156065692639
292.9835995235755
199.58738808940024
236.24087340400396
15.989851918129872
102.01386525234805
344.0688433342621
297.35316046241525
227.79348460473346
175.59824007637607
65.93550638758688
268.9917166315933
134.98727515694378
200.43206824255557
89.76418062970845
347.8342668305177
17.84682070354341
295.25277022904845
129.45548250024373
254.96419348980217
68.6173784360083
278.20931726650275
35.24905617779397
58.982505388204515
32.32294540510572
90.4825796262055
29.53035526149835
108.57930472595967
117.33422502222155
127.50554958960277
216.18607146397056
332.1833050643087
328.75345857036683
296.9838096303117
12.679272971805208
225.78426579944414
302.7129838538325
212.0182925664599
69.67956281227639
214.74988481434374
355.973464920032
317.9838643870388
9.997431188480386
221.43535971878072
52.74694683475878
343.4188686216141
216.73623315061826
197.61004976390015
49.45877717178268
218.0323533044912
209.98906413124374
209.20275938555446
308.2015805465494
355.0371290362611
352.0720676363334
310.59310336891593
130.92348794364813
310.36865872468496
113.19972119971733
316.65358463733884
18.932035988162017
107.95094585860309
352.67157487269094
272.9730904936027
106.08394041952702
38.022484839311545
345.0541687292938
338.16940151434403
329.07026770950904
214.63678915611175
286.5058313059594
46.92466274976344
104.4955153520593
98.80346092876383
73.30604387617156
78.35447990395686
319.98800624093747
275.33754650771533
132.81537321591017
311.54775685840195
195.36840655592158
334.3362595826067
246.5056248978526
308.591003676833
309.94186661283953
152.30391463640103
115.36438974950137
305.1174015172425
263.26863348757774
33.29731102709775
279.8918795886165
29.39749850673987
359.3068771006944
177.06552276245213
120.07220508422297
293.2148569461042
17.610599857219075
189.0094427896976
25.115121267548627
221.24674927187385
80.30459029033092
235.88815244652986
358.4286131414174
170.39633017410438
239.84734226277283
141.5506787120903
230.1964367608464
236.4994319967144
180.1320793741764
288.5732108206097
128.09904488942962
193.0556123977145
342.26485557577536
204.53349167293513
186.13021845818957
75.10971882109354
136.39808637943202
285.7557227342477
252.1259573133144
211.13671785889284
2.2865988358538525
6.710617968047088
346.5359890247797
276.759105095425
173.77253136162432
59.857151600102284
108.13268426522927
336.3529215342875
126.19455497256773
8.56386450188758
156.7658052512824
252.07469294888975
320.7556465822652
214.8492152244524
48.9359692930738
314.56842260623137
286.1730688107584
64.0320784288687
138.8734644919931
285.5882421203294
215.47302248813034
89.98501445326349
305.97338579278505
359.9987922899197
304.5815872327214
147.53446631733348
88.85180285567046
293.09214997900204
179.40270881148322
122.65367042384389
156.95207647636346
178.8865429580608
69.36276466995076
176.44560145388283
92.54427373064055
26.048668842741254
207.9407997658325
185.51478020601408
149.12475732676367
200.30808174354326
34.49199610696361
269.17840560264506
356.63711458407823
105.7085895758995
96.71155277923438
323.0688839406225
179.59958701089258
121.76820048898753
269.37476298589246
349.0311622052125
261.13834694345934
119.59568079915333
52.52846169310035
322.82019693294274
4.089871061730914
47.23845910104094
331.0979158851597
253.95504313709918
9.74982898719173
183.01304027390725
147.9123633728218
46.18796342353286
195.50997917747122
225.29567050467304
163.44129277196947
162.39828379050465
64.538554690448
218.22773094185476
308.07303889130634
14.322468235164102
223.8237158518004
165.01665381849065
156.55575110437542
155.3832016028746
121.31368449190037
293.9898447713869
89.26037482069272
33.9821783533867
138.5513805261408
157.2857133917681
31.2140259937062
344.97245297531737
192.11519833776165
58.04232665827242
117.39138217858908
218.62816060990815
185.34178161785954
39.17086816713308
261.5405704871682
209.28066737397677
331.2207767682384
65.27770957892656
305.85942556046615
209.89198735207924
338.0153896532892
209.02520049670778
120.12663193107507
184.18772749459782
311.07688405128
334.1981763921721
141.43175347445603
54.57345597566607
17.485003830138567
269.96956613457473
199.43684117393013
11.909965711627226
284.5605007783978
194.33497342398647
297.1416797279788
162.32436370850274
158.96003945407503
129.41290310512537
73.41356052318335
316.58558056080204
319.97760062684335
337.2836260998545
241.0816812260339
19.174521365125226
158.84084544277522
192.2663784879525
213.18526453268038
287.0303530397284
25.204762376530834
154.0111239162999
280.0035823225745
102.05635743055085
322.70910301583586
255.50763495872496
80.78510565730953
276.82009790364594
287.38004139029215
91.0912862996121
6.632115224683037
9.484245231332062
5.820749632558386
41.75138417333336
254.7860488224342
221.85604507586672
244.54943531946
128.5246295292545
329.598136561535
313.54492332751283
87.50757853773257
79.4826007881175
331.75870816915324
345.5692993537202
335.6751728495192
331.7989596850176
154.89772256264482
248.355166023497
150.8937407185035
287.6085454280017
277.4582458830954
271.9207693307514
45.412061006087725
160.84692864692215
117.78336663099141
0.14298561855877967
269.33350079812294
191.98594281499248
31.646474414418154
316.35277540680994
290.05810642492344
148.55680224681743
293.99356344632355
254.10864935883035
110.97635297026258
111.57942803387567
180.4554924924169
174.84847836133991
321.08580435654926
291.4927339270693
149.22705434621525
23.22170956301539
42.86591555491728
221.90764347395816
120.199025746715
41.25557707811078
352.66012573677017
25.480709856803557
75.76791351401916
354.1103325658729
5.978718326201995
253.43317184333483
306.53787475808315
273.03033911263617
329.5496738777377
68.7165473739963
355.1677524034967
355.1991329983482
302.60916976482827
152.55258318837284
152.90549919378114
135.55834027087934
101.83706525071491
25.052002733307752
315.89136408635204
162.25183391711144
247.50701418682348
322.84275717501396
152.10016499035234
205.20805467455227
242.83494958880968
130.11546390526686
184.83195888862335
346.4749297980821
84.17342910861764
154.2199060860826
324.9498629467663
141.2736580705625
316.6138283869793
132.9233031821656
301.6022405825159
320.3386648600724
137.72209157552453
117.66739273597497
149.956181609821
186.96325827955843
131.5479126839895
275.6382017215207
14.507686394143118
186.2715010509194
265.7114362333856
193.1886158710027
177.82347424294127
89.5887090110325
246.28530526745388
64.1307273125566
107.1081486655173
123.38442839537322
238.35433999308756
88.6413067022052
224.77951617132987
20.113379190264936
244.54878305535428
332.0003728904141
94.27412265579346
137.38126789723114
329.5115284873654
317.10939916833445
288.5938876884564
242.21411717304724
225.17337091785336
150.71228612156892
176.64387073975172
208.8112687330131
49.87486138554105
50.46870224083865
341.200420973918
331.013564734538
243.7869478240807
28.506029013405655
92.38768043329631
244.82024917140143
243.74691246501413
356.8027380342246
281.82985769476056
271.63913799225077
92.54024555687353
250.73250935853324
155.18548673709114
49.55653735818798
180.82285934807757
279.3249284360722
344.5590101427391
97.76496157776931
94.29237627400134
224.27542564899798
137.32417646124577
338.38789434572556
84.38119268019088
304.46327676115027
184.1826879145954
220.29294178894787
77.65810700177728
98.71339677527772
26.8206950516026
151.08577474836102
187.28926770490924
136.76402486910823
354.3146534835328
6.329214075220286
269.3233633445486
266.8790886409151
297.47735672901734
149.13310472063645
97.23010876986916
108.27036519496741
261.6237586983947
178.6123249313618
10.034861313096673
197.4715546052264
140.77546505113958
132.31184412684038
182.55663187610602
160.0324118643574
90.11167308022324
295.5492306664134
10.670470254844222
302.378056287391
118.51361520378593
79.72658501833725
300.17956974128055
143.4049475427916
239.33831571957097
302.0155455427561
274.79626211528955
191.36161114865624
305.0968682798919
70.42041841853988
276.8953047222245
238.78883100805362
190.50127558041635
111.07615125634423
304.11672931416
76.77045560190223
198.3830052383856
288.7393832227622
165.55993430051882
19.47264915021477
244.27554390856852
266.7824634604249
13.224236436273703
300.9258605021414
287.9922251445545
249.6016406999177
187.5157664298863
178.23060835892375
304.31968530008135
348.2026255540849
230.05409950770456
168.84425441501187
219.98642832902368
68.82773400085415
2.676502393887197
224.33310684541087
50.35483818278628
144.84089593365366
308.45145193455534
238.95020685182885
106.82441419820005
213.68808420691863
278.67733934141734
308.6261089226714
254.7226203044931
83.60232994913434
189.25617553994527
74.43630465231301
101.49916383759869
218.82407964133327
260.4963064748858
304.3355991765209
46.32838094293994
357.4592775735487
296.31216038266956
107.92627253788483
284.7635398231157
182.69891802360246
251.9530214610191
161.25344944549917
135.8759156641765
95.97567196354507
303.80712619558375
162.09760973324606
124.35059215712722
309.73444285454525
10.491119348360778
240.96083438523794
146.2999217297115
167.84552531300116
61.349261080542696
218.9198495981165
95.09475714692508
333.29036696435736
346.6506666252382
70.74549366655131
242.30249505153097
335.6018298013218
293.186929073411
120.1648992392697
218.860173011086
24.641934174456708
189.63670809611313
163.8691080111061
62.89983146033034
292.65213788108446
57.97766198283899
11.845520447182572
93.18239098465776
283.1123985944719
190.39034235856667
123.84103615196042
290.8854948768748
162.79699556685037
285.51279172247234
195.238363329889
27.52968693329686
72.51658439963929
263.5683743171034
20.35460750318321
43.11639101194935
92.38761294036604
116.80381784088499
217.1476166705614
116.0902924803751
39.07165616452992
159.83802366450357
234.54231150315894
275.52774212958724
95.27887847874584
223.93687987994713
2.065726614545791
285.9917265173095
335.93144574685215
9.892718991444438
101.20603281823728
86.78335974937109
320.73406655214393
16.101587516250177
158.88730940318166
129.85848441032493
69.50063477641783
31.595432315240117
85.67868141795869
254.467379394253
204.43744930365762
208.20028575551893
124.83250323003801
301.6144240242365
112.68485711107216
121.65563465039115
82.97340694165115
347.7237623063149
92.77107374507281
358.44431658866773
99.23608610257259
144.43596371938258
320.233157107335
143.24621744122402
196.87663103264083
330.24982211423156
20.51193942107545
151.34319076468248
209.858543094039
349.7624502177586
271.3290155890487
10.96661336522519
6.641229216950522
17.549949946615307
132.10583479332976
332.49315330492306
164.37536427109504
96.26986782087295
154.58603872123666
204.55832453469085
338.9359860321584
282.3559113099922
126.67410793018256
11.571338045974677
209.7008076439084
167.71422809991012
300.6048247620848
192.77921230470216
132.7077542250244
272.11986408570846
236.9095518693335
99.94164346626249
351.8024003775857
238.5508034940971
117.24702075177159
258.84264674447724
154.61235857507842
112.48635562952889
222.01774729445572
59.278769164576886
278.66240456509445
206.23545542496012
152.7829312251459
68.82788339115585
212.67065102289467
300.64963340064736
144.86002948206104
67.61653183468006
359.04248593178664
59.114459078969176
302.0689672745045
14.467918228980622
5.8058944529077205
242.50238494679476
313.45439801971395
279.2267364893909
219.70788955575432
58.80880456314851
220.91103251077763
291.72094979632925
156.91878793217845
277.4823301850607
16.99056039176938
104.7348800286504
133.7673153765735
225.9994919211368
183.77031395737896
326.5318629783112
67.15624369973973
105.02269865663531
176.51539842943887
167.87892267183003
102.78476807236717
8.519915049263576
349.9674805477113
169.18987143401012
119.03038159384502
296.5130656570593
0.4450782256597874
325.3173694800673
245.31965722622314
180.66161328352314
93.54175994279399
168.68857496575416
6.043762698850537
346.6766147889047
145.0601059226173
185.89291089993662
74.55130702691005
112.59966540501634
221.92103313266364
8.49478067400745
176.47731448801042
128.2702284188319
130.13949901042218
15.757894058538913
97.64426675991443
198.84395387277047
198.55917882141156
75.13216449726013
148.99700947705077
184.01350309024443
169.89040504909346
5.767865694690184
259.51053037177206
244.62259817138826
214.69698140309495
300.98623731549895
147.73572552491967
339.6530886912779
29.329356227812102
287.54939140106836
283.62503758825187
179.1036965695398
45.40283721059477
352.73665734791814
354.506427580642
172.0684672048076
206.2714621692956
214.6485073969855
212.55056755157554
194.3617315031362
35.0494414164155
86.82327523939112
85.80288711816308
276.32556179358426
29.08371061779657
195.1659102649109
260.8284323259485
18.994898578605735
287.38282706015946
3.35212790994861
12.244349961219921
125.58426254288366
310.35874010938227
92.28529719680223
262.8911107408834
5.299470329090297
345.3398929841179
79.84760931145189
188.1202534051383
287.76628375365954
286.66522475869954
179.10094877232464
168.65309312893376
318.9076344269872
295.77073046090317
136.2570958565148
68.69122362958906
292.88946861288633
264.5312218498366
284.1509212174621
249.4362410420671
9.7948879813549
4.22202208722573
292.6142197951446
302.9028432295084
94.97488907885479
242.81658749676893
54.06203940733385
126.88580643947272
353.5633552039639
114.93761619764449
170.7671729103084
59.16805239558244
202.43290777007797
351.63092639598864
109.7129636844054
147.53347075742198
21.90721467866364
261.23278908899704
261.57808628639833
291.8748371862495
320.8345577421986
37.953097788324996
2.3215673534597903
75.66361004478412
331.1664935472765
101.39816688109735
328.9999570346999
46.27513011342751
41.974334521911615
218.10867659732995
125.86288451347352
247.13899905331976
27.87553554609595
245.289741520345
252.43719186971893
349.41139677591656
163.13083406635366
107.26158229807636
72.22387313439008
336.8422489792517
200.21230632888378
226.76115391750992
158.79616063640816
84.7370134706881
70.43133906360117
326.0760840469034
45.501223534636246
342.38924807162533
34.25482423498061
127.09453656925947
25.631832364359365
18.086778087768714
30.22666117890548
214.70550459652543
161.84854031585337
196.77078446897056
223.9510167310847
304.58610743015436
106.79700228398949
272.6537423674093
42.38253746356297
54.263791293903935
111.2790286689554
272.57866607733064
333.70814852823503
255.44282079572494
22.000088503470472
40.62867295653076
319.3936927297924
265.9363115540168
307.8300265190311
90.47254635546861
262.50816183568895
241.14629110323705
201.67789144644442
129.158315932092
265.22699753675823
187.88599014495222
344.49560193609943
194.54374668043624
208.45516326612838
47.44024981320404
108.58961929656431
28.278817825924385
117.79980945123131
200.1111376308345
19.333463401920234
7.232265383853029
102.66121278146194
130.097834426734
347.53825336602875
358.4804053990346
148.9998869948902
257.4111811853255
9.152426499750042
46.453304365214755
291.37685572375176
52.624827644691926
24.625693426811104
45.559803263744946
326.1529666239639
220.61659079581884
77.18672485038078
57.58948459711621
295.2724165278728
11.055234236662388
247.44773814628883
340.4163226225041
188.8444323863542
266.2391557446813
351.1633686282157
183.0050358311555
124.77650857147762
170.99542896068033
267.6354077211977
171.44821019230685
225.00119274181958
104.69895534963045
138.168803612003
141.73823106113636
80.3779048226988
192.07300292744137
217.14855924546566
167.20523081669228
0.14006812653521106
147.2842512692458
352.72116261687944
122.02827326827529
96.79698502456003
324.94668927145455
359.7282670371343
16.953936041597743
263.68893517585263
292.00050856304256
244.45433812246273
339.3329076872393
139.9331106066209
156.03360549341906
188.9141625409423
206.8116699411002
146.2868748601852
8.464866689421843
81.82008479516566
262.49302344410984
15.494140380618436
165.1099868061937
74.03290294216059
179.10579933803973
91.96956240121386
252.00220057569973
298.2144745967867
40.70046147870961
278.2142960535529
190.9416934461931
325.56413208742094
172.6141902012567
19.146224007402676
267.09920291409935
296.9349158597586
273.92526846250627
260.56663621253256
150.10081380407624
201.2901001659197
51.3433610380492
294.2742185880144
70.372491025249
201.3739544149582
319.4587718748625
129.87647924306867
164.12448808622895
184.6352869712746
39.50040211880711
232.13775992145412
53.207268684802976
286.85616739419254
97.22848796107957
292.7418809492203
220.17230922962298
156.6021013201005
90.31506184812969
86.63680793283417
34.22250065717573
120.52439193314602
6.541358434409359
195.667520748325
300.3385035656154
212.70913824024282
106.36814544577318
345.9925023995089
181.7191276497966
245.68149479075132
136.91142688721598
100.81826045904853
204.77510579819236
166.3380638225245
79.08253337441965
156.27533671864097
196.26736258035564
336.99393852181464
45.62822815011356
145.79848011004938
183.78247831371704
349.8954671918681
25.032994181912397
27.16233508497893
73.58941616244303
82.96346018942747
104.72215445017517
86.36365595366817
344.0233437901326
295.19588091989
46.73119843668275
23.829470946041596
97.89388850331156
142.07302974109717
109.98306892483026
330.97022878554867
124.01657651652906
244.47225837285785
215.5419501736822
218.8856356804433
325.8180701130123
249.0134174461748
294.68834182964855
286.0701660637929
304.06705281926526
93.42016564349679
64.38713104244145
188.2542907604033
271.1344024296786
277.396513378631
260.6966524162706
201.05633834820026
25.787792594510776
177.68183976787594
87.89342453654223
184.9092062214895
310.37733857799935
75.36179003356479
69.56377205181852
191.76508941331224
106.3706360170095
124.17653985502943
177.64015188137313
234.3703731030861
299.5468946987916
100.4819786418538
266.33649721246144
291.4421393312757
262.7616793783023
358.6832543176447
90.16346666745939
325.8664739071723
342.0450601470705
290.3744602419002
218.68115445256228
68.07815428069313
270.89777045060043
151.08213450508396
295.37315129334104
283.0700872517992
98.00140249407953
95.4243106446387
4.0027467403479156
37.02013578851763
55.16027391850133
209.6609029994932
203.03823280098877
148.3118847030285
315.14410805032276
170.0255298550604
7.21113912164812
347.7650248519689
273.20239922811186
285.8923788884985
214.9977174941225
204.18012738996188
271.3726141370576
188.74653187907816
41.790387971361554
233.84159049904835
11.306277255889334
341.089483610232
100.75268606230307
206.41158895838186
29.188210615950368
303.82622967773017
256.8276091119864
4.687022374509575
175.42609155781082
236.34397965475551
324.09594935942744
11.980333167040783
292.13876422214287
170.4069065325339
62.65757757177062
248.42437469392615
13.073496198733734
197.15507236544184
78.43558970797847
276.2903734403835
303.4338868840442
355.9101629864343
37.77921018079922
204.44711753796102
211.20158032500507
74.15424245936816
278.468569102196
183.37871510138385
76.88674717264905
239.96222450147414
349.7003839518486
234.71711180864764
185.2435658826297
191.33254411643304
45.86071577047497
63.03480491607255
20.338757550798157
281.2747300184629
112.36713147375445
92.68216457805516
304.4626032502059
183.17653509057598
156.5892838812033
278.74277870286613
101.72351090876931
57.88742335243005
32.83363675982513
258.7195106554448
88.76882704905752
232.11921584988863
7.604341525954732
100.35270061744282
77.92600861977445
137.17885419809562
349.82913446985447
21.011385149918198
62.159932293619924
207.71210396586102
310.4653453790003
5.387064166868778
236.59366357232003
82.05140070857496
196.87810107954803
110.7589979859471
277.941569937168
218.92475370332667
49.608934543705
142.88877270360283
31.05514455288791
109.6969108583881
292.6298543269618
150.64111001750274
140.88372273421078
60.97803746819075
92.90442804859657
23.716915050635357
358.50338182114433
329.3490894815708
151.05390927663288
345.4235458380554
281.4694382587015
168.11727644115558
12.153125558899237
271.19652986850843
201.59902287448156
215.42897915792855
174.15730657273465
13.62577051251828
127.39205049508907
293.73159874533616
321.1876999650607
156.02858590257608
43.650499993768975
342.48979863088954
359.8801780734553
49.15084655294392
27.45716223520837
149.22578145514714
109.22795575765092
209.36651924274693
77.52706025792452
218.36724821339615
47.82570911154401
291.7851048941417
313.04575305021854
203.05068925566215
297.1491855237726
217.9654876788429
38.4609008437207
181.94177385305747
335.4809422812281
155.47359138116727
212.2944517184037
211.2987618610845
154.31934214797133
275.3106698727712
20.894768345063525
301.91874642708814
87.5844666614564
153.27769494449626
342.1494639418684
341.2706281328128
3.6613582945200562
52.63075601959815
289.5311676103664
103.03306134930105
311.29732740510286
247.92114503865741
353.45019155073305
119.41914611982776
92.59677442767588
183.70303013836568
344.73950396354115
156.0842840388474
79.83348660045175
46.83065309189448
314.1989508793822
245.0772017717382
97.5269774424845
27.356075329750993
112.47741427779792
178.20856470102507
37.20591016032232
190.57739358926068
106.17292039068698
161.37538047479256
219.50830504004662
201.57665502732445
98.882447153025
259.79368132203285
86.74470552247001
53.62565049868499
200.03467427078255
204.75588439432832
238.77720258483316
13.12668624451851
319.6904576365115
44.44336727276651
276.04343051417635
286.2948327090415
64.09747230345783
324.4888553715179
185.78176536202545
156.57680688209112
64.63687405557378
138.39721000389002
300.98988819409385
96.8411064057001
271.90158496267605
53.597393209405844
256.37590393443855
266.6626918147991
286.9971621687136
35.81234428250487
341.537659452501
142.56493656548687
63.75793936727183
182.59753906666384
208.83225362249132
77.87033819011842
58.422657614914684
256.3132720502022
271.8746103989704
28.85072380572503
207.41523360810118
197.45943064558006
10.330304523384477
75.1566436368945
219.22808918549515
281.21593847550605
137.64457535663598
25.044815358239767
213.00688287575167
33.195885481663716
350.57581140214194
129.71142003269816
84.28700413125932
164.83240432712037
202.87858928472113
136.07819173798572
287.4340119543149
24.484712898696564
290.2077908915093
103.66728722717589
154.6913563385582
107.26231666062918
39.29177120677885
198.73999790661054
143.34070462341342
224.730943881388
201.6494308720577
17.663415026584705
115.33147663362908
285.07746161867567
180.60222441968133
81.50818563189618
187.8377915892114
354.97524992516503
250.05902366822744
345.16965707853285
208.55276919730332
86.30563084156779
234.52812211603384
236.84360482255948
266.13142771973514
294.0547964416437
232.03728816479645
207.47708519525247
124.04523265004704
306.1200450551999
35.119330784004724
64.853609373677
225.21269997209762
31.422831283612524
199.74728099240428
333.2613416906021
75.12221148023126
69.64062265962913
68.0796675976044
277.23167891696625
172.764557020089
254.03316009075866
308.10315191604764
96.62498724829155
181.5445273375671
138.2532537367154
11.736205852211903
60.379054955962815
196.4421919991575
148.69583315984886
212.6840320880755
357.52506609527137
129.04625370752504
225.85346654189775
86.31177562035256
86.61482036068135
118.68331153431927
251.3102947823291
236.0291896001941
158.4921920616009
85.71846319667797
1.4206066653805216
274.15691543219464
192.38057358771502
312.2043500483803
264.3821936892313
129.97084560216183
261.54743899154516
345.4070473300369
224.3288435081584
123.59759113493548
72.34602199420863
11.33904910496208
214.23015650832298
351.6608524769089
319.2231593792118
138.28101587438053
188.8012610508145
139.0548277649756
268.3216375650338
84.37548492359579
89.2887255555959
60.94741008083201
323.59407638428337
98.727426550619
343.91324831878586
90.09263764227714
101.88478257008038
42.04796113916865
30.91376554824
176.7581690604955
147.22492598707257
10.72924217862326
325.5514652974943
102.05035565208739
89.62537605134912
27.33991163379262
358.09658079433325
120.14591602995085
79.9408147304495
100.88231707953153
6.734607747663945
40.91575687679678
269.9175113389694
261.7540239832868
77.4928784672254
1.6531547511897005
315.32655639682457
199.20782319000978
102.70226544968631
355.09505949648553
0.12309817803518808
233.20602607154362
180.17306896528558
300.6516681313725
310.86132741132246
177.91633648894032
37.17807318747336
66.7362659049891
193.134060364789
0.6981506137113991
116.4998592569867
174.3135870738604
115.5947782555062
128.27980031370043
226.2134570472862
295.2618671759753
52.15897203720738
320.9286477218213
50.539648987460566
303.869898110778
89.27090044965186
265.767685408238
186.01813510884486
185.76735041481882
252.6606822939805
191.9936633434092
345.413822039156
75.81293462959809
206.80592854501063
283.6035605978975
161.18378507477593
284.94163873691707
130.35105000354127
219.33753988830537
260.9962099705495
225.6988667699558
232.02646671349
124.89827323379828
19.706922580717062
57.165750522319016
284.1490461163546
139.1079829379672
95.36304264888922
202.20660873935847
334.57412742281616
273.5161222808848
51.217416143178596
83.44596057322502
133.00849286361805
164.07223886542437
291.40155789477035
119.10924177247973
13.88292274658236
113.83009176421031
114.81880318688779
135.8376398536601
215.52167838012048
67.25055291662656
119.98357740789513
332.8143902581656
124.13568775061722
199.5226052316349
152.94663730745847
250.01612885752147
31.20507590127586
88.423146458578
81.11022883844251
53.12963048337884
284.1056879921806
321.58784480761807
137.65120555469605
128.65078641558594
312.37351067823
278.6670285426024
14.4341722353732
84.90921663229608
245.7898059084089
115.6920177122249
125.71078420157485
218.23850193245244
345.50887233281514
28.078802704061193
120.56545977412269
128.23850121498307
205.73945008388947
39.04780962128506
108.98169936455312
332.05298184317326
131.02978285147626
331.8397439137335
304.5673896772169
234.81209048284327
172.9954668387997
276.95921194056507
156.39148700408734
61.86596685230779
340.36830989331656
279.77947021693063
183.04850737014516
268.16221661141685
37.53329736922293
269.19300260302737
353.9813355225311
271.09668806294246
319.2601436580135
224.5943579117292
26.25703700196261
305.39333770342586
273.1246518344499
196.33318279702672
139.4041081704889
12.045774884801578
236.15435649305104
53.87696311158955
116.58410290305181
328.0794178883426
58.52194094066963
96.27451244185497
317.2842116272915
219.8699362400363
244.64901060010666
161.11282116709066
54.88175320640503
159.98004609287457
130.87171227597605
291.01152460254735
331.8454443519099
65.95354480733754
58.85901465198529
200.8006748975366
356.0022873619336
339.23161240645777
135.26330780621413
53.879142884899444
23.21329223565411
23.333496784931413
270.6221808614828
162.85257016239126
124.96495073213877
22.66983740881028
124.31908902832521
177.40123640505206
63.797673724730245
226.83354396832857
347.45007911483066
111.42993141410307
175.15638266366219
349.93998335421
111.73232549130918
71.90331415865691
41.16254025319426
80.5642962797995
220.12967457982134
63.37195652054346
159.97093218502084
185.05077167643657
313.6592085164513
275.0456746085164
83.78857823539863
115.44525516019756
218.882106684663
131.3725266471003
339.2972625937629
43.028542239134545
121.87097585636151
102.43315062490235
136.1351851062829
349.40504109138436
326.9848828740278
67.06192488909632
332.257292028124
219.3276278335687
62.57266545086323
59.45782728825597
79.40800052732394
292.9161139690719
170.76365996592168
309.14955139794716
257.6039046974644
109.65344447981025
284.79456716775917
4.530875370681202
24.43833422566401
72.52016836979973
174.85991602013715
251.7839742892819
33.18355765062844
37.854338088549426
12.262657334326965
343.8598216795455
193.08052750321139
75.00057485150366
81.6807740548157
338.28646384330614
255.87010778593842
159.53858879784107
322.6543397574281
307.9274500415711
254.53379641332728
204.8579769117525
123.93717591572981
275.41434123900257
253.37606713044144
99.07271814812988
108.14564124542345
49.82866215735808
232.99446757806885
297.7453852388092
149.17671323236314
153.31037784534726
149.34754940131572
187.61745481230795
1.1562041052422467
75.62143041391435
153.04516805464738
82.51903176550658
5.217284261101662
186.29442878964053
193.14915611018978
219.85745308218074
339.1982584965146
246.84823894036015
359.1870277455682
54.56111326658252
265.38796133367396
279.6536575255364
55.7450464478174
17.08121370540964
212.73583933205308
325.3840993968283
215.92116340032675
33.030850624214466
302.483149198257
357.5875056165705
163.08248480741582
54.267282498843514
49.960529848327134
160.7675726504448
184.78581115716673
184.69993717600832
170.336443111267
317.463718860216
28.38404312888376
138.83306636173856
202.3899455732444
230.17085868853098
124.7551808715146
27.02877813030124
241.92033402247546
5.5416456590769325
154.75474387558052
338.7025057295283
325.1952434970921
91.1653403253569
72.40648232807584
13.139672247094257
202.87801682555778
59.319083895529445
129.51042006761583
167.3488384854913
116.16383530523476
317.4388227605926
128.26115098565612
311.3431848835605
169.3936555468085
231.65890562746608
21.633505763688365
43.468697053188166
267.20366726248295
257.62059973593006
125.70674212715319
121.87406476812137
309.3072085582157
181.85170635715443
43.76248781786962
132.9438246489861
52.29520537459504
247.37074123393597
208.90559348342768
243.49282753821228
115.38011136124
248.7707859749267
10.121379824866477
50.74664973533325
305.7974428192725
74.88979515641567
296.0965401310764
172.60931280817744
9.618196295019619
171.27555524379807
211.79526400773722
110.44589468353287
115.01418897151572
350.00509139625484
94.69598289849174
187.58453360367312
127.55788117665361
291.0198975500775
20.758409483090496
218.9686320302639
120.92678267211689
196.99002044802214
344.60450020291637
240.8668701191627
221.42205182483823
142.82138398481206
344.0609777890245
164.2748329083569
210.99966340774134
261.2724561958373
296.12528041299436
171.61911170730474
31.051785809496817
227.74792244309918
299.5807141402662
93.60083981153568
357.9648706317308
310.18852604461966
198.90064244359027
81.49243392553448
281.5202377725256
254.07783268342288
174.74584182586193
69.92791287978407
128.4918110167647
237.93816893633138
28.27281707122616
166.20351682344003
236.3348578021779
181.28978051255368
139.63536777703976
204.332112885881
35.64855430535274
54.89845106514745
165.47536128305805
105.57128558095789
65.13430880376157
52.238715924081156
115.86309450465595
71.87178544475046
79.06087148547182
291.45118443931716
118.06133791460799
4.669230235551516
174.78619802278294
88.6740954702054
172.65156520930833
168.6689123083789
266.67525718185624
16.4808368791125
96.97459265603786
288.7497990194419
182.791948430078
95.25662757217214
191.50222921690323
337.84054330597536
82.03224386757101
200.69919545014918
276.67033310182364
204.59693738004202
301.90508873981224
187.22985591769387
150.86799285195056
261.93655065224544
70.95616663789701
84.9528765276267
214.691285597228
70.9631894206029
74.86914024839533
266.90269895133775
312.2345314142715
9.540066704950352
171.5677532063833
223.67002379136778
277.105647967474
270.74743115201335
288.18137658298264
84.09937594120863
319.01648713825773
153.6866510933642
301.5256415387061
43.602418775445514
166.2131165652278
147.56962278846248
303.7887337893433
5.732722292921495
269.67486174514164
349.7586529049523
166.40320783081737
168.01923530170836
176.92525668426364
59.39877554173088
57.62206369928752
189.6574667512691
76.46190817542106
30.510859449437095
23.106890395500542
46.508724111799246
98.22641699085797
211.8904155406678
223.87510188474778
267.959411469771
351.1996343106381
285.88380341025794
262.2422124558135
240.54402415826158
126.1214167876509
64.08971619073871
253.93417952395805
294.83691324492526
229.49830642013723
325.2608333136379
283.3339013040486
84.96944856013549
324.476413291615
29.15663792659059
208.86518191506562
204.2309958156551
234.82111610397212
9.825375451652544
106.80618076086515
255.56334780632181
300.1589443886871
82.76931909216228
154.36385538226455
152.36011333330077
13.801299225852581
232.6744573207958
336.62961561776217
62.83393308083444
128.88365865285266
61.86185573561112
337.0756944066741
250.3160424241451
304.2179376625282
214.34489657255824
137.54067887486147
262.20426689937
58.169795147465855
46.352899126005674
51.191760172489545
81.87703828481074
227.03671895245293
231.4082979571552
180.74034803752593
300.7426510454012
203.816745088589
26.521157817083683
34.22662212749396
291.6945042447504
163.92185516582896
25.791173744022707
321.9779361525002
250.59463240626917
106.30392686730312
308.68416600980055
0.8846476846341211
339.0094470288291
51.62549240526416
152.47636496893648
225.9264504360535
129.27300958339316
263.5212555488032
241.83648818744652
293.9209577275732
282.05501811618984
294.66076666158676
293.2421299533427
80.75566539934857
196.9619079911605
286.23636592558444
137.90364935541396
160.903232813788
148.3012820001612
347.66481329417115
174.0950264837843
76.80925428548818
150.99132509407818
292.70497484868594
188.26810838089
15.780679691496386
255.6985197920241
188.85799046647028
174.05291386387677
293.2921147614913
267.6383234673174
8.830517774416634
349.2233357767888
14.166324248519713
180.07538331698274
276.0055084711206
242.93427901077882
206.87424609069558
71.41109362222988
210.27933527996083
219.01246094669403
321.2389968357549
273.84800697948134
346.28777623728604
155.81021012640224
6.117348597556207
281.9722439899706
72.95776174421748
179.10759046826223
261.1711573078979
11.196443508182146
31.485681094488477
261.77517651775304
225.63046241720153
198.857462220744
288.2571371374142
122.38613100361542
106.98884257561446
124.8646300994801
29.88706748803815
174.69289249909588
263.860808295089
54.14581131449351
289.47329528152744
100.86030692707057
359.7700261688766
109.74015182813645
146.3206226736838
143.5735875650827
38.42619302667474
313.2380112706453
345.8064878342415
115.61616602560002
296.0875787283457
38.370006161697525
321.72352359949366
210.23881861046058
122.89511279814178
73.89880079355794
290.3481981167437
321.61831968875924
172.6031323355661
243.56868104483354
63.64894303201814
271.93015443212624
118.92089287821874
43.71974851675218
58.46101056818399
130.03661170174215
46.71802955222229
73.27477453014636
59.119793274625636
296.5179514376215
147.63609079944874
186.15874507523233
102.95776732374733
180.75107202887068
142.18770031235945
252.8123477221734
121.23493696330416
27.966494469449184
354.21337005070023
215.3123496877154
202.48630912740853
87.69127728153528
218.60566631328334
159.713407990306
310.9340260288904
129.71170289383875
249.49911701683146
49.57734864190287
309.52607230945364
69.66649839777381
173.66335243428873
126.2575613314355
285.32729755275227
323.6076946388052
162.6261664376327
304.3576805691486
334.4026646962512
269.34277600296866
237.09214354553615
254.88529789326984
293.99662976196413
252.09850220744673
328.51161576117516
113.9730671261943
171.72682897501775
293.0232208303704
285.19369189263875
281.6410112299419
134.67393208114493
241.27102682122907
64.14628410053066
102.92551738137112
285.66397807186803
153.88781109916965
54.864991203341035
72.80204632168457
29.70331464407534
312.44569369837114
297.5818793174711
56.680015018640034
20.440461620454997
291.34891180918106
326.0241878331346
69.8500995535419
274.69315141540005
199.96090803312424
203.52209366598368
12.115596890004374
252.49301361818402
229.17871543021926
191.3436370495643
7.941048425960346
200.76434016845346
342.80758960863784
29.42411799044569
257.803086432114
170.66741964790015
205.06499255997923
22.196268649386944
83.02966025605464
321.8010317198463
307.7701243258066
326.01649182167546
144.26580044816447
20.872813528896856
114.25122060025961
29.721617122421268
192.80528714669023
108.11003242511865
191.72983087278715
126.13978204791178
14.379318427323785
141.59775711013393
279.9175246228956
249.91771198449285
166.59485968951728
117.89510137412475
200.7873264151329
305.8163159579761
214.06673214452488
26.694419192196573
12.958501157446939
311.6650896159978
29.389412742922726
27.952552820550043
173.85998340855087
91.45506168452623
233.4455424969172
161.83700460867485
93.81435102538252
316.58921610580416
155.15039942464475
34.99417875413086
188.4107085283152
327.0980776459135
38.58242551855699
111.06083796639291
279.01143218594194
289.6675207462074
174.55205079989815
229.00393701869524
235.96436724558222
205.6147178918682
344.0122356953065
99.78818601994138
305.06853801900854
69.48729480994173
272.31597571394775
190.03455667725456
285.0680018961636
177.74981378584886
106.17733709328023
110.74721513331586
352.42516489609005
157.06073840344322
319.2943682205473
69.85033168367809
339.3511962763004
82.93212353543183
47.94366529152417
319.1901973084139
262.0480074095147
172.10337515864936
294.4579392711198
189.82236989716893
188.34272119995006
355.7493048722939
234.34962940773104
303.81733709331206
127.37188878454954
295.6821095109037
141.94490524738018
236.48252290151942
78.69985964968231
211.995576329341
329.7442545254675
319.8123677187929
294.23146945070164
8.139149007459135
178.32725997284467
306.142260983155
23.506554002323092
128.19848066686663
96.47066040067097
90.3962807294163
331.4398635128463
41.19806907635839
15.250595730703314
19.982721412154866
237.2965888890208
178.53081128914292
305.25123652275784
23.305291860051366
224.67054096716004
233.15821856030286
172.6036918768728
301.0222507066468
234.45819625189296
283.0141071567
357.43072474308735
128.59943156404537
296.29868027122103
106.08382659376844
207.37412852907886
254.36755368977705
338.6762398305402
230.91984945533983
169.23347030438993
284.2079085414986
43.85820159175768
73.89390452182839
233.34622706926444
42.15487999022259
81.06821811908875
313.27469847191566
278.1910658949493
185.61761589835825
139.77084650508402
200.25936512974837
196.79748106285837
214.58734201998277
294.67041737063414
248.37599245081938
341.8966468789381
286.11083440748496
45.003419138716396
355.21341801309677
3.3497981076633154
288.47464755892304
322.930349083596
294.2236993597144
249.2421347463389
83.95862856622917
339.3095303893272
309.3816874973171
81.13175644903242
174.68161724733505
209.86183305115668
251.77517476669516
234.29460378537271
282.97593895969965
240.71205408284715
194.73816289847582
255.4081780986312
225.89156895031047
189.51892209909917
72.92889798194979
72.96807606749252
322.844874670887
316.8825911143176
50.7932800126379
299.83321424682674
86.09090442647563
322.44488207172225
117.14346724646369
52.64698143867102
145.61218510694547
321.0740619204073
145.12039114707827
219.48322056611937
213.18115460846977
336.7525921703172
270.59810926931846
14.917493729725946
34.767385478495314
175.26289230136325
247.12686625439196
210.82563697112226
316.1247143215629
181.4924853265662
111.8009114764821
61.5630952143988
13.307684280417057
333.15684052566587
83.97605297841324
333.78024867423795
198.0304986079146
89.96433738895938
237.55109932786942
123.98044909968843
17.195959023234643
5.724815399171672
57.56638377055856
21.02884730127797
306.58582390251365
120.62920987701214
273.1615375612699
6.172047412144037
350.6180653562172
101.90492903327076
311.4738820253852
159.7297949699996
103.24068990191024
313.2776431868672
340.8477535800404
161.47169528915484
219.44568023374396
187.14703475210888
286.7642346945747
130.79353960010496
12.550800240496951
168.11057398223076
250.18969671187727
313.1591461530277
149.31102059245148
92.44591608934066
275.58079866312096
280.8754851159419
203.0854575823168
205.38897977691275
124.57250741568461
319.12020895116416
144.6995657710639
336.52156238688514
91.41474321564813
232.24234259451404
341.30674366279703
173.30869493862062
147.51256649024174
210.70847296096022
295.46715464472464
293.80257088232617
144.96349471096408
85.66828823597837
229.82604746874262
81.7565432773539
82.77500448437142
25.964931109605608
187.1875722946852
330.86904910662304
224.4839298737929
141.5171480865524
251.44434404436294
249.60408929097258
32.188992324283504
147.351805557737
41.73705351155911
184.01127473770197
9.54630411378902
254.16690052229265
270.3823917178159
243.1952095576749
25.067044319766687
64.1567518909708
124.52175626218909
340.5602802015009
37.095465886928764
24.932654732859113
52.10711880780147
273.6837836657485
83.13452313666089
49.72373225722446
84.75461900728968
316.6466754924282
128.7253086406631
48.64446863337064
33.160466846422814
70.87775176788429
334.8757361476151
253.66679548466016
345.18775424164863
54.04397038212139
298.0729335738673
199.03618858334687
282.3969265091295
61.2456906289212
123.20269204915803
79.22301428502391
187.70666071580607
308.75258342464457
247.2386866474834
28.10153218376458
265.0359715971536
47.7423349623145
180.35293666138463
85.90087926802079
231.19249522389273
153.98083379572654
131.1382882670335
324.5737762392276
310.93576405591307
39.10913959780693
153.92258239583973
107.5802416211687
168.05869446317348
250.17914897173245
318.6933665943968
286.68517727896216
18.494203946551423
46.3062046694442
57.94091007476655
326.2203107108649
355.868131523588
104.78380306143372
129.7666155922379
334.3624518549206
75.58375904489542
73.73178543023703
272.8926334474199
251.33167775970145
110.43706800853552
314.3262605459369
296.74783779650596
156.01452179476618
28.92617748929883
182.88568474273063
208.59426141300168
5.368858444719704
36.83224995994575
351.5646145834233
309.6971116958571
35.0688113948868
103.31343500317509
236.13267206772213
153.83065634254484
125.19940335570134
344.6672449741326
190.2931812230128
253.95130348028425
271.41235805759936
142.08106571123932
98.2223691574647
126.6581135387344
139.80601283179573
144.1043606348457
110.48657506965633
279.1003051948838
82.89385974294336
350.24025221514404
83.22158266084944
69.28018092539698
234.37770779779117
288.96841062918503
316.43451281679125
288.23901253094965
342.04314336257323
331.67481590090244
84.51562308863616
61.40250913693051
320.94649580053874
183.37853724455132
290.5235924046014
6.401566447401752
193.16403532907023
201.8093731732133
235.53463057936062
35.972953781614656
285.72567774415114
298.3043056503257
55.322291538409885
37.08387990136674
4.957147892482481
87.15502121242967
278.8612940280752
11.21313153617535
233.30601190113788
274.4524369127846
206.62544673608912
285.7608424526763
163.82855443078722
173.13862851244605
311.3761369044632
142.8477940026229
357.8661140502827
217.89028517637283
190.11444322797175
139.30436081375993
63.040912923637165
311.6221072062905
263.09666780958827
350.43817002276523
161.55322180552756
284.81246619297525
144.28935810268445
200.2086093342352
292.86295981411314
89.51786313710178
237.36665761071535
81.72557332618995
70.19062956702571
221.85668094150498
202.3293969929572
64.52854388552078
326.87393080563663
349.90670680396454
330.05170441080463
308.8915254488512
306.46803749361567
258.3752461255977
235.53772990217038
42.438163105344074
289.5789300404972
47.06440772923451
75.3974313405957
220.6405861919028
250.771048508235
157.06833505859592
231.0270584190655
50.31452486991653
0.49160840589132615
46.803274618562234
276.2065132985989
244.01224616406506
169.80609160424336
159.3853253886256
146.30221035822152
153.25404218678307
99.8403789440208
13.534839254096035
345.9908588514496
79.8280388084506
83.17700814638255
92.10047979629566
333.39589290804685
126.92700468531093
71.05442014157786
175.46002917427987
220.75504954262593
325.6801647663281
348.06951774353536
191.46912813005827
115.21396201469678
177.67683648678087
305.18571385062893
49.29302778013446
148.0674406060465
150.36788522048312
352.199872806655
91.37077291301738
106.74638468121796
9.770168059285943
322.4233659340143
335.9250593999404
31.075103116612112
133.68787246450356
75.18391568681726
71.84514989356389
283.8002009483603
358.7041014111598
115.85644834064892
248.4343811006909
95.11883186620216
35.48486821796493
8.482807273632552
114.42767898467048
291.91068101182054
39.47677573243975
152.64166166581296
263.84872682486116
54.604530425431626
67.86882988721484
54.08163290234215
320.6904365059571
298.08698156014765
8.727647706801932
337.7320005754282
220.06638639912734
167.7871949974714
294.5047999567445
272.0572161406439
220.39499556046374
58.04849410586681
109.6535533703402
135.32269700952708
49.34230715065966
97.12370928250375
70.88183696117964
317.19126851951006
345.6632627780315
81.60820816951497
178.60700060834256
333.1707549721532
89.74533898681686
222.8507872941025
249.46713861672555
254.78531038519384
177.57270385478225
228.8592633136804
2.282767213063761
184.9441882081489
165.99289533887745
67.44424147739376
163.6517089731447
135.83339705937198
341.5820995316438
159.82096728918748
264.39914898749663
315.75736845138573
321.06939490665536
98.61581919297102
214.3937725847447
121.7090452514849
98.19408764874898
30.200569625506088
230.7801071617264
266.0486250491916
50.03453398128843
308.50395926000544
93.46617222646721
158.52259507589758
345.2608340843339
275.9269955078835
251.74451744979285
158.95635612603456
177.4278374315254
216.7145587366125
47.21405775970777
91.30518535901237
118.33898897322935
139.11278904014287
330.7088102467801
226.3499878924755
89.6756051860258
354.8681418640505
74.72905171198533
118.17568755952728
225.5001985939263
78.10052706203567
137.90922306952191
298.671889376536
43.906565504339106
340.3096313233817
324.3461428487022
134.64673575383466
23.00345001871711
334.2499928532276
178.1499788805226
13.746656967554882
4.582483297318447
256.6369501164217
282.3696837379535
208.2262382428897
68.23547868275641
258.1222770154888
311.4835389788393
229.71386800305183
229.34989799697584
268.70468908832504
197.93450487002426
193.47051627917102
76.32550791991707
207.71711900505065
195.72925214415181
97.24062927577567
275.5194082157025
329.7591837386207
357.90863666752125
187.64532940623786
56.840499659313714
1.4197504840139574
189.7366533239179
176.17021549271257
28.57855163103678
128.36117364723742
35.743740460674324
17.151096524257316
356.9673006653569
238.31337961918572
266.2996074860163
111.76292776197417
324.14467319602284
232.75225136967265
188.17956005575172
354.86852657645244
27.587780366731106
288.5137625696514
333.6276243464186
355.68548591480385
104.76395617516604
80.32148602235854
23.708615670528637
238.58087945694672
218.65336879704014
166.18190204972552
54.280510089993285
226.90530199755145
102.96295277963861
69.82835599273407
336.7074169960365
250.62916491227196
320.2650504593789
267.87124678894446
300.47266301852005
177.64564028681804
91.95872184651672
344.03828211776147
311.1403876542338
188.95648662596977
215.86527359954576
248.86564903467573
194.65326239249688
19.558190870624376
235.43398811976337
100.42701646480216
147.74288241697624
309.69781511867205
143.9478816621254
200.16425275332915
334.268574252339
75.26911847519503
237.7834439887838
277.61010027452846
358.5893312055971
191.47139933530065
194.6923842570795
178.76959918004516
209.61262080334268
70.45488559244498
166.23749290727974
315.15373471268396
182.9530226647149
161.5280871407257
117.92872537304602
353.93525380108713
233.67252029849243
31.604161033198505
66.26970823414378
294.42317338421736
188.3635318252818
233.91482092191222
208.83898149997148
162.02910462615188
172.87464476175165
344.62196007531463
261.6942289350575
58.12501512531977
170.76822150201045
239.80857047126818
167.80203206229064
352.66867070354493
257.6379909988124
19.432367564882895
0.8593524754909465
316.1995623532791
117.7039533684327
240.17682719214488
120.78758386330544
18.784594875313246
181.64082372504632
215.7359981862915
120.34349538179512
35.71955107003919
208.38534984183283
40.92112833129737
156.7057716499821
233.26866240749214
288.7070533128585
15.07852111945037
7.559988331178777
342.45146876134777
234.6157454035158
320.65968968170256
228.11854215523272
84.86246853058856
336.21842039923143
314.38649717728606
113.67666971716827
51.73571532540939
356.4271979909527
51.30540356603093
191.71913223979686
155.94314894509955
313.95883988509087
126.12664911169821
118.25677405563964
76.34186350606382
156.3557393204006
101.59557826936901
214.98584044416333
134.86223463638117
327.2970972666859
260.2450733553676
217.0271784197561
208.95526591777772
246.25813017038504
323.729528209994
65.4164267125279
25.49409601563843
243.61425251282506
293.042323450766
134.180425484838
306.9512892773519
330.5763236245251
193.27037224133423
208.74920280656812
106.64995994728942
250.88178617782887
18.140908302475406
270.61661051138043
357.11332905231666
319.9560283679134
202.46717351379692
172.57734397228887
284.01405855679036
327.29700121437156
104.7012401103177
129.5314998852735
107.9510004759039
19.125422149614856
217.15382388715184
161.76239050040388
287.25787996812886
310.8817607736264
18.042416869070955
50.757094607264165
127.2746189054352
202.94045846747017
97.38076072459842
122.05339732386416
94.9889591656674
187.95080455377663
347.8240271781873
135.26087492247362
112.68229305437008
64.50284609206624
51.93592174141286
258.3178370856577
60.19034810871141
309.3560378027614
218.94521472579234
51.20996898630746
92.61589159634849
149.25710425292394
86.91100696384153
263.79062094317607
298.8071147805871
253.41287192156844
350.3173269830412
263.0065595416347
165.64208060765003
178.97280797248274
158.4695205263614
6.747409597497995
74.13598079630391
184.41498126964373
96.66628086695968
274.7006668974207
275.6146950286119
339.5184075954696
209.97263185867476
191.0085117586596
159.67453039906604
5.6436704537180615
298.5210637851603
9.18668387449802
170.3747623098337
296.33273431702315
83.6192297488258
156.67955058188895
93.08604414331923
335.7781442819769
95.54440894324745
94.58983051295893
141.64430999546937
11.500540888442274
106.75638854180978
157.53526234109916
323.9364142344778
67.61287734708212
68.36207673934528
159.24877814303022
353.77032100698784
46.338315367754646
3.01650998949329
61.4525676414838
267.8591492254652
117.98839419543587
44.04689646155118
86.70075277099167
258.9749925195842
203.39654811480636
348.4373197780808
190.29920701786435
289.80498136660196
27.841638270731845
150.41386332008835
272.07528959793717
46.768643419158785
131.7847998686375
82.72108685509775
25.684228742129193
249.03212454210998
81.2822700934831
114.28249062751298
251.30298349165795
45.18143427867397
209.7257591534716
235.7892258066618
316.9765107158454
288.4934895596732
102.60105408910842
168.86270947654148
204.5453562674741
201.4701616933265
28.244548338187276
359.78854580086164
177.99760158917263
281.27720245152307
220.11661819987768
185.42057205524216
205.25223656026657
59.95647598576634
169.89951755757033
166.70545386951034
288.7951407662224
196.75649383688733
335.766898579212
214.37995170742295
96.25280264783459
104.6526365993053
106.46082605335036
241.7442446158508
8.90310756927474
139.10540424600475
169.3513952533065
311.01657902643973
84.28653112191586
24.331108592792443
249.44302600343877
112.62587799779645
58.49507607351585
340.8363975954238
36.33062346821549
130.90056149270305
74.38042439034446
347.69430499193936
77.39786524889283
324.9633906853289
193.83687340620503
44.016223108637675
88.08885173865079
310.2437286253168
175.47857483426026
306.30064698253125
193.87360177108448
143.87016293363243
113.44474023787271
51.81624930001492
153.56658910069416
176.30797429800805
218.7305110234888
352.9032118315893
59.94712947707698
231.95746273811537
41.35531347539622
143.05351107434436
251.16884016503096
103.03092477873653
179.8444240471409
212.85725049249
155.23502843768543
303.8772612251318
43.91372568581395
272.3787498863434
129.8555502397713
357.02512291860586
246.91159866314484
356.25278845371736
131.2899115558668
207.56682955745123
106.48594545946584
168.76765314373068
248.3204334630517
249.10697926540374
85.10834312501865
108.42859983388111
91.28828541606718
12.351156905842977
206.50174175421816
314.97156475158505
211.16438359113454
56.51177976912646
179.68150903741082
106.52372268512356
339.9161068553318
174.05960052408943
69.23445812016868
180.58395613007193
130.96981326811297
350.95101426586047
308.62400506928736
339.7228993848632
77.35842735039186
57.31287989843808
182.72382159625775
111.37882499710723
35.18209191863961
297.6681196061183
6.446564855460308
220.8520430227728
281.2992397063086
25.136785775671655
338.2480982420049
47.57732465908439
86.7043610345602
180.64917788152908
210.4518269103735
26.98008415864095
270.83780917031726
156.05876163835876
332.75178522707984
213.6989171650588
157.1120230606951
179.14450536565076
330.9171934149348
256.68344637951054
216.22780462212995
258.843656011822
359.6351809462261
12.653162630675565
261.39302440031815
110.65759483874135
196.59262494204367
221.62929313723063
348.3454449091133
185.0249131419549
144.31192384051337
86.72854805780409
213.12037090265255
265.5575802644413
216.91960462941958
160.13394181631165
311.79280163401376
249.38736363576456
290.94095672742344
358.1345296469721
188.96291856887288
308.47150678020057
32.37754420036729
90.35258483101073
35.54273900233935
218.55800330317817
36.738972452029216
271.7530014917237
21.440896614395378
151.61258301602845
334.36388411654787
230.75664128189396
345.0315059732477
97.86083864350981
100.27969842003824
352.75555508883394
168.83220830615494
315.2007657586266
26.014157581182502
345.5549138395201
189.60538353698647
276.5922435415151
320.1862984483083
321.74266476944183
201.13593184393355
100.13188884419918
65.36820362153233
142.71488779653652
49.22756597748595
121.87290293422144
230.62300541258585
260.06109106539265
90.9991820394264
268.05149586016137
222.2888713887251
62.24034963804147
294.35153678607406
321.23266194963816
9.99239455631685
247.9558168238541
328.51359681177865
93.98984334889627
270.5393606706365
82.36160038069696
282.86724951315256
324.0846325460615
49.2444082580723
108.21261764765786
208.78768703733985
346.71403829252307
306.42557026019557
21.29455100101427
108.02624279556471
322.24456769904305
356.2035287103917
257.9476914450005
211.20132181899703
81.95383826263455
15.409569670524302
222.2248652327277
161.2520508084646
19.652029508322553
22.320179803288557
81.20041916165565
79.24863331038611
63.65713970477336
38.10053097056232
159.1734880156506
243.7421107990602
211.44934249632993
308.2527519830122
44.98570561921384
139.87550855419093
158.43158349987232
37.02942130500882
151.39976510906274
50.76742434489068
322.5748450595133
234.68641989220686
191.4619537570371
171.21795515203888
98.32838105648888
35.61352196912318
303.998398274709
62.57623032039811
266.02641693305196
294.79505804916505
328.8710595106385
297.6476181957722
137.12471229199815
170.71721675929342
242.34649786884745
165.80790061690095
310.95175539707583
114.75240023243532
133.90656913707105
201.03066822237818
15.260897998308046
210.21521471164738
58.05701211714306
259.3233621972838
300.721525606447
98.69886316346901
348.16643718200754
227.10631884689394
138.58859334410906
276.96443805510404
94.09471176336733
348.3583128568983
11.141694157474467
264.57011846275833
221.34635255550896
135.89123406870547
326.08629352212
350.59086119054564
166.7110495988339
240.90535456398712
8.961232964424465
7.193723501581046
123.83013260197104
335.016032943584
211.69835806020723
168.49754493355218
351.8541137966656
130.2314324505313
300.8315159702436
95.06014993466094
341.33332161041545
84.9001972144331
75.45382602937472
157.50012232808078
153.70990604492744
197.4368025685658
272.87364136191
17.17426036158401
114.25624956959243
214.67162446180717
249.02125280738483
157.49595612865025
163.0312787377055
337.96168313068006
271.0098489289157
86.3937247881939
354.4028297711417
337.7370170321866
210.85585940646936
348.57325912713003
322.9106361543455
125.94698132891588
222.21543421446304
155.66038710267162
241.7212947388874
85.90943781796746
16.095200884009632
242.9663679173946
169.65280094115522
300.3552316753161
146.84724058498202
213.53104909764156
313.72321614274017
290.99920437168925
316.3595724250023
333.2635068714966
26.404191058918283
306.75803871660355
302.2051067276693
295.41374930823366
270.2369250268024
132.77448193275606
194.61357687411962
278.2732195095743
57.1945931755386
198.6962968589032
227.48250358756968
116.91588886245722
326.15172360770237
42.197658336277954
50.244844318414366
197.95572625308455
299.0478412819113
172.519397006507
10.26248344404424
5.710434499729673
274.80899692612803
78.84394989518592
299.5163409095234
218.8255010785656
199.81749607349929
99.60967397513183
344.71539239707715
118.32639806800124
234.69664511188327
151.408297085365
66.54849087860453
341.23126973513064
239.40396530395316
69.89841971865788
201.65443409454727
58.269943354725456
302.10285603254107
260.2069588918246
129.9872833941675
269.9197354539425
22.009141877791215
170.579541986211
20.605436729182514
21.88221495596426
22.385738327749504
110.57991560762133
80.51469282218679
19.289173122062152
277.08496501975935
333.9273570633274
64.04693527620547
8.340366102701795
122.51484264589284
56.100496990180666
254.3576350006266
34.739297090654844
96.63202152102272
98.12451306558344
223.97707388630153
200.20775408483146
37.54088991948639
20.49827851150745
17.95167811719701
21.523503356812984
266.5045146157482
15.006519027385457
100.96326069691385
310.9398579759519
333.65009122980666
337.20170284006684
268.91584613745965
82.50986178467822
239.37784891647038
48.628937945108326
65.83106120103326
105.75183633746583
140.45901599891974
255.40651488837833
108.4946609524575
296.25701543151223
147.0350168047236
118.56367878414257
144.1485118819264
152.2543412959235
315.20658886086557
31.57634686469939
50.623704866598835
356.8112473094115
259.62814467590084
111.8304429268311
133.66205862102294
147.26348253222463
111.49921218329733
15.281694548755457
102.77503466739115
266.6310567207369
109.57133347285169
17.36975738864468
134.8403901003032
176.19146369930493
55.26541488333027
308.28352735257675
223.7385813762597
284.0453633408751
307.7211063096268
206.96372269922136
44.68251822790235
271.42399670143254
60.57618275922911
345.767722424427
313.4958266889115
216.65168386861288
89.5007397769585
176.5107656185412
253.94615854934275
206.09078299955672
267.9872985620468
358.63671287838156
220.34205381922862
42.06051475272893
278.6246603026441
271.5606291910134
117.95284582158999
109.63532026174842
298.0598765331425
285.7644250725514
340.4133484201643
327.3920968359145
206.07918484062895
211.0159359052995
221.12592086082321
61.59025110353066
262.7154008562276
75.12092988722794
234.77467679992557
288.93193758170725
252.0158650460193
192.9064143055727
145.4177192349642
149.96457392794633
127.08142324556916
2.672917794662588
339.2251768737793
63.35123185683185
168.21370616319328
16.142202606098614
102.78211132290079
50.64888701260807
224.48433908956977
87.96629124351357
51.977082947082025
171.89850597265996
348.7664420001791
22.152327701463523
121.8487538157482
154.2449402560245
57.24525521427424
295.2972121374412
334.36433125697283
248.96868228457294
346.6511989072769
190.31480799305376
288.95524777963675
236.72577033659866
165.935473292174
59.3776914007892
329.73727541495606
276.4558219977144
183.83468989995717
291.08437381796017
233.69338901178438
40.332680285548406
59.74755636330735
84.40210400838691
275.6996793772192
95.29585344848572
12.573354992491677
130.724294134046
99.12594452594396
101.11521852773934
50.6384568964719
95.4208264429791
34.84419982598269
255.60542817528318
255.56351109828913
91.5483971246693
286.8299719198163
169.5205283622479
163.90086429438813
350.92724852907713
299.14268920347695
156.82331128956469
122.59790342350992
101.57963121971841
236.92314496481777
220.43824171211014
187.81897936751977
55.564412933127194
293.1475446928876
319.2603545834287
51.38482095166535
297.5313534381863
193.2291745904375
139.107204966594
335.0650480239756
301.85754232541643
291.16031368845955
238.46448302467365
30.186068704042807
255.0176566802253
273.7386518109124
19.29026170742057
278.4928536535716
179.87868335373145
73.52384273990782
283.8068637749271
249.93008543748567
229.89888800519014
256.5215975677131
220.12331845146647
173.98442266941746
343.74973010639883
17.19421001762502
352.6954925805548
183.45630366311127
24.668747307672678
341.2478502343121
58.045060358450044
173.0062419268378
333.8901018122765
85.74872560162387
321.8224981001803
199.5472203554998
183.78908355931867
356.4716642696234
220.21338478580088
57.53115397009599
163.9152650356805
353.98616185664406
226.85134269213592
189.4042403672205
231.8787377952952
12.83671782181099
35.814981330023734
359.98224223777726
211.09239388928046
312.27555452275084
351.95031410299123
213.22364558323977
278.6625848819164
12.35773378968763
271.67418792756354
300.8549392325217
19.259420213755142
45.809787745825396
60.578301508058374
344.528931538082
164.5871151976683
313.9350811225684
248.56740413298604
206.6736295528298
313.1137216496878
353.9201937067054
48.929430053023836
219.91566872902996
131.00881823471042
225.25847771732163
124.64935476223124
320.9389030085707
12.776659317358314
44.60845249301912
193.4425178433066
331.8653100562388
248.861427621149
41.25612682476502
202.3974072346931
250.72190406150074
287.54023180537433
249.45206847002473
13.781776644379482
352.2840292034073
249.70859266077719
79.24552365913614
5.480184839910227
141.5617584688356
57.702215434129975
134.03950226440358
222.6949482274187
304.42291751256573
53.08793664884391
250.9421380589618
321.9567677755198
83.32259042641105
203.39575440541668
149.09151088484822
324.15511791551495
50.8357931457909
294.0528873525432
161.4823144992071
340.21272686446764
99.66620496679019
349.31999879194024
257.424643665152
271.1924857777087
215.03085621009205
84.81857519091184
175.61650679013195
94.03915036988526
283.79675310759325
264.2777834823674
101.91332048981731
244.82231825062007
184.47243022723436
134.41789214204474
21.22923972470535
163.26110998130292
13.133618120158964
4.426680496965156
249.6066840689092
265.47534185947165
92.589042400206
0.2741168828858065
230.34196060756003
26.321557411440978
305.568778723006
219.14975306558097
137.1565373871849
358.33685278024745
87.44415011332062
295.596303795655
287.75502004142356
151.2271379103853
149.96490634566604
168.45206225108186
312.71245348807344
284.00071003747036
4.725650782674049
246.50358653631318
47.48511388317602
41.26202747137503
53.550412034222
90.78947176893085
99.44055915437589
95.84459604990987
132.7105227270822
162.7848807954891
267.15432113931905
21.87608959816903
218.86772428400465
250.23567572219366
255.82198576894615
355.53264526347897
246.86083341795245
116.19993578159567
0.48716359032200174
245.15360592971552
292.93104287507947
241.8939224830123
137.8874272264135
208.05182190142116
301.70729916346573
250.228264654112
198.0716529344618
198.2688256301193
161.2498365849325
64.4596464362023
198.5439617939582
247.68820389743664
137.67671036958285
315.1719812208194
276.5409416774625
292.3345529709143
269.37424670550723
238.84017772639154
229.1503980841977
276.3494708933695
330.5195003105677
72.5189738852358
66.33146577448987
358.05010652653317
44.618806396079286
141.7378356016729
38.49741737318054
145.63984188000154
280.9935703858649
142.47253803535045
198.17412283116292
44.55478089708459
280.6205546506415
293.1026908301767
354.3487482866661
84.0936825785139
172.46080804635707
78.55376106724518
198.47454821372455
87.89317924804591
317.3878932204784
26.36115526103914
22.69964340547748
240.9740683742969
194.05236476928454
263.1829180273631
133.73877270075798
265.49857172086456
19.496466436279704
60.326751061397715
69.90885894438892
348.04254167613277
237.05911685380858
268.1461264694573
214.20064857388283
23.100597042103928
85.08818964712245
141.69920428984537
82.86042583079761
130.7063039148778
122.20340592080088
93.85351582777275
56.80705151228797
290.46352407593383
68.32980009798737
17.058234113437155
172.3114964861205
109.94911055896821
145.44839874035893
351.2951250337757
117.71735515910537
52.36130749912283
67.98708010302137
203.2581420955457
274.5824403011801
6.452074492159703
20.00133224979949
60.60080781786456
334.4732474152891
51.19576431390166
244.77114511167258
195.1295862727048
156.74543723980062
328.31070245721236
142.16678758437163
190.11041574976747
107.9952217142541
167.66399004286706
340.11284191876007
119.3947544183069
340.46797054964514
213.7543457710519
198.7063743184283
269.8604767682519
244.56201886303216
155.88140837652122
19.02171130641176
53.702071765854875
289.667207840242
170.27437123965478
303.3609445994175
343.393577563044
7.929146173106845
179.36660798633343
229.68560060206678
319.68688021298306
17.131824393143628
81.5672200671427
220.19175860556703
91.79685799642445
161.74289698818015
204.29425030334852
102.46731338525201
28.96421623232035
195.26720700219477
223.69871701372455
241.39663249672665
13.875624761720688
292.4059731921501
276.42227975929126
200.95444888255292
250.95996089565992
266.1205519757191
161.8957841859251
177.25749297145006
276.3686024367332
32.5510452916572
198.09972833681772
347.7186922196658
261.48660457249713
255.841975306604
209.37187075176757
205.87556540103887
138.1108264471065
215.27842507612047
91.76131105714583
137.44088777795534
260.9699453069526
208.73786164572897
139.592293197485
220.35029510634067
222.05061294920202
79.31424714042846
186.31512302717914
260.0580146673263
281.2328320059006
246.07280880131879
13.385789371799962
161.0585157443874
279.0267576689808
55.24517602287469
52.82957834796649
326.5884582536408
209.74237068405324
24.776316615605896
152.30851580306515
310.6898275780063
297.2122136340303
312.9861613073265
125.92602757043576
140.29168870586355
190.2267183098656
61.21053134383033
259.66674057333273
259.6946647267729
301.13059027208357
100.6372493955896
157.28306793642048
285.81868417477654
28.567751069770473
275.1552721710224
300.60442636592796
19.801161693933786
34.15156019841464
114.88584823513332
137.65902868847036
159.0093624543591
282.8758576584321
199.16657857195312
82.66210349209106
13.257161475009003
168.37164222928303
153.11065487381532
313.83870201285464
289.9931843940903
246.65315782357206
348.4650775693415
328.21306389851236
355.45352114025525
295.7863369732413
227.34347314760277
256.9106811998429
62.249238510820945
3.951292166905014
16.51032108280575
200.1833644742226
298.58502769239993
204.6601720503749
90.2452359790804
268.28147046298784
20.28211222555147
145.43012366287357
171.41749166538114
12.461678705290588
234.0052061556518
235.0006520667534
133.25236035100852
219.8327092260327
48.56959899948777
24.22353712985413
58.372591951374474
306.4054018473101
100.93117981148369
197.04245849964857
227.04983794561946
14.627704823464693
274.4388069689856
200.5186905265686
323.20240077739015
84.84914790586218
19.15487258382054
26.648240625761673
4.527202924960196
184.5734635374254
117.52657083226086
53.75479970222252
2.2555446524824996
325.0219872685454
53.41685028178764
41.53205028723332
216.37365377914577
151.4446740912735
358.4807084475935
351.34785070623883
13.750739551502189
261.7795820542231
67.09895927441083
192.21187696266526
199.46859678165566
47.67560553474357
229.55817678181762
132.84746344318663
315.74868850025206
302.55754924761754
352.8921209962311
311.59735471339127
268.2238531098196
203.32644606064065
339.7764943252395
38.43208888426141
305.9036711510568
325.4522489180343
218.09542208276162
217.11904114583615
289.0337730297449
55.63010101440302
17.274616040016774
180.6488521338133
248.15122766888206
201.83523371303252
72.20281830161478
49.305401651008395
187.98948042836767
127.5259149456665
61.53951798757159
188.30428525308824
161.48806700392328
114.90769908290143
54.433707413214975
240.71384809999398
312.01360642686814
11.586376196296637
28.15479840147704
141.4121682623618
256.00059382417254
135.60109800711493
208.86356842751917
239.1219411166147
13.571561014546676
145.74318036112564
138.7274370164014
126.10478927885687
251.2981439507489
47.230165801310065
104.81097335263179
238.88522580552623
119.11586505215008
137.21882108642947
358.6491132968654
188.41376979198117
42.50729306520092
140.30469848396504
210.13717158394533
184.3676893575115
271.4194816131756
161.07008186017313
75.34814222791645
35.826838452919105
308.9834385021363
188.90620421749801
215.11455034748406
119.35132918570893
225.95471460969551
169.74947655965414
99.68848463786692
85.52665378256107
310.89594111232685
30.035816900516355
34.52017939270937
286.33091389184654
231.47362171785616
20.09108483021474
163.17190412624274
148.2181047723573
288.8429975053434
217.3395833793108
305.6106762932393
189.6002352793808
34.946463952041704
114.12695612447813
293.5996444186108
46.45015491336301
131.65260744093098
230.61749994427817
9.634748072234762
246.03620461572248
101.01423278017204
80.14029512359312
141.84979846316668
76.33860766609003
107.52578790271569
92.52243371924901
94.5394711673216
17.486831186173415
86.1115974211202
310.3617123405132
142.42665994226883
31.59598497025559
183.67835302590015
173.8552965627765
106.52674860027864
68.66955704116242
137.41656266215838
101.71484113969218
200.4383223911184
278.7747975653099
309.6374248235841
178.86262586482601
128.11611097251267
184.48602621253926
236.78296794290472
276.0174520873075
327.6587173550365
182.63042286071416
169.34905020975648
191.94283525177053
250.37007752820352
90.65964696552747
99.81222264983198
246.04443828603763
180.33037018858363
70.50991472440442
237.25307585255052
277.16744246904415
336.93838069879774
271.60215142591824
70.22035740583908
103.85883747722151
301.36417489854136
54.67284022900647
303.4814820122216
252.02350795006086
47.57729451061763
209.41537972086505
299.6568265320816
37.81719750920106
39.592329841343144
281.4506206101515
3.3366729024032704
266.7834330904188
258.80030857845503
97.93462976552082
273.13118706411524
274.65546973013795
168.73081346103467
66.15039905681438
216.20559481739159
30.908558266089763
269.31642293563425
295.7196898633071
110.20388833387328
153.06174495073267
318.707517738469
302.60985089721714
329.0663431787639
17.892588915211107
27.912206181680453
71.8999301207748
122.09755230938707
65.1420674971084
142.0123997623552
306.30907949962403
129.7431163330357
149.95131922647693
151.4340772704995
168.7796047135634
234.88487946203747
12.185526664299662
267.7258361480901
139.9459142098385
65.06610483402002
193.96471125804504
150.52683808521803
115.10970613570038
258.90945038267813
131.1349388746704
265.8814575665124
120.38086361529786
169.092332291924
70.0777266103149
50.78482324527387
33.932520786538724
274.5956947090755
358.16938154250863
294.8196883416446
95.85787147840716
216.54380317066213
164.3660730826423
246.97192764409093
218.90524580303827
134.80429490379962
85.80468005460928
234.18829251944274
92.40728151492303
146.61918014551657
26.973115915851245
277.9667145481773
123.00878162297072
53.889207932113166
199.91837977120414
276.24610576906576
58.33712885572897
252.33528471181523
47.12429575861385
180.08886207377302
293.54812187756113
23.612650163052166
253.10512474904596
198.12627865856658
125.719102677006
0.5545605082795424
346.4251929889869
246.4632125626926
77.35043095926589
206.07419367453076
180.76893485786974
27.71519189105264
17.775327341439176
197.85487619419135
221.84951347395193
150.0776638980262
210.06714771471928
223.81027905252765
216.3585524374781
225.80340927635376
281.072341404181
347.3978636704204
119.82333656392386
278.191202150062
53.486320943536626
37.220429657845536
312.15206853472586
317.16477806227397
191.42841914400327
51.95202096196666
292.81173142590586
295.7482099869407
214.76150710637967
149.47632492900667
101.99715275356513
33.22006654034532
232.44049863837097
88.22684260728307
99.81410665213762
125.45542266005042
131.46335277449168
49.070079385582034
172.4130565242912
278.94129414771487
215.53705147970942
307.67426856284146
202.17449848964827
342.1777115962235
96.3602217284079
10.15787685389065
98.46073260061245
246.6530393739304
40.46302672335654
248.91363131972727
276.11302583490027
149.30898962268412
5.834072386528142
300.8553307192483
310.7872164508049
49.38697457157156
105.10318538900904
156.93642174502472
73.38480048741626
194.7744205390169
165.837808678597
219.6406848579835
190.25064185587308
336.4458459242674
263.5500788055592
194.24707212024194
231.4725610397101
294.32028338849307
219.3004361086028
190.02225555770076
356.5319961478418
163.83323081952568
281.3229147014881
39.09601519872945
44.719176740335605
219.74762854547367
268.8861844313329
153.62618348145494
287.14001690540135
242.20521846027182
146.6435026399045
75.96130090282162
297.80642113561663
279.74604646692546
79.01388308954297
191.86094694628747
133.21532212898475
55.00033255147744
126.67564339980117
73.4349785206829
272.98612695815456
310.9838283818467
251.04286617096705
36.31471361841661
208.5401998523798
109.40393040867473
187.63407611855584
334.67052870579784
92.47006574128797
107.11068151630785
355.53161524806245
338.04189338263404
358.1601411663296
152.80330344742023
287.6693773015482
315.5475772789671
207.38476823375103
83.32927544569463
255.4753927198362
15.895074094351509
63.02347555599731
117.38979654898382
261.43496038263754
235.71012953819587
14.697486936629058
344.1919189645177
144.42915180270927
294.05861982337154
227.04530249831834
205.5640881128476
265.2423955977857
137.63461340272647
193.5196965448605
12.278609196660017
313.42196774313663
208.94021253955756
123.0020165303097
218.800983160007
321.71148048751724
298.8839459567191
122.19419145830676
205.41260481493055
310.5691503351169
135.57651760774561
343.6626063233137
122.62993908172055
112.82106353157094
152.7038661212805
187.57217346243007
100.06990724987193
127.28843520122334
93.70927281753532
14.563070571798766
330.38752351178687
260.2670968289877
162.1178418976598
167.8865094430057
88.63881516773671
15.026411238080186
203.68803764169147
14.830117820650148
278.39811779431056
302.0339820177965
22.676754677175907
80.62746372201269
208.18584222026465
306.4014127057488
312.35584612240547
282.4604367131837
75.23910039375318
184.08562902115472
339.01955909012594
256.8270768325009
108.3842089437281
184.66921843436964
219.07401885460965
250.46178156787695
17.746740570750834
296.0823213184018
250.40132205491517
13.158524823878107
76.26120149208705
195.4177249367173
222.04243379198437
30.262157083841466
56.4190822680486
210.02976173033161
130.34472416467074
143.25663359762507
205.42062149276651
64.39686884478844
355.0713423656822
48.79324784129723
302.8720082968977
330.76645410794873
215.57137611060836
139.6658689538355
287.3965794767622
35.39007542965
14.961237171503686
175.65448636764322
162.00482645907275
317.19576004529586
149.3691968941636
227.8220117173071
212.79490176914038
352.0334630251151
129.64677456706917
186.76391884642894
241.53155428381035
103.16878868782874
194.55198390380875
23.473734017428978
39.87835769408497
77.48899696599317
27.26115382856974
260.9020825318178
121.53418232401883
76.9244668035512
281.16764423191626
114.95043897650488
58.25200648485634
135.87797574739574
336.2771466454819
295.55531412012186
276.694143653032
307.99291768408796
344.1111019726004
1.6824430880988794
185.30491098595064
69.38097059620237
296.88102035249705
158.46447515323132
333.85828291730064
240.468541640461
95.7983160071822
310.38000033270106
283.06437538074624
54.91053947035936
273.73566937645637
201.2856504981792
337.59554453966973
1.5589454362111343
69.05754908203274
20.277078333133684
193.11911764667545
14.26291446117741
190.28910442022575
11.768760380111392
266.40059028015304
244.31595517229698
95.39415907068931
38.84647947430971
177.2674776448199
341.6549970253468
174.78461654351162
310.8606339662741
332.20071327035055
53.45511477627056
113.78520611091432
79.3923379891701
21.54702594841341
222.5528036954459
78.1288809975392
31.138546669097984
5.822164851105578
93.1696980800682
15.160084817783552
1.9263096678836833
191.3016984570321
47.69770474228921
13.774175816516134
142.98059482240365
281.07222109640907
265.8456715076312
357.72342430150235
308.7337239087375
234.94286749850974
116.23663330660786
199.77103098477508
324.879180801919
100.09321532372039
320.5837828781925
118.27655906835209
176.03588870397874
164.06041813896715
151.86256724027348
273.1475609665786
224.30376498520326
272.6448446982473
60.43497462984067
334.69374111382194
133.1549014275146
187.54025381404045
285.8715496874555
136.77165962482107
225.51920321971994
231.9708565319493
207.25549277045593
264.70942042620965
30.587067504834586
27.34435096366709
291.04236557350174
168.85240955734383
330.76589861379875
59.90654308421305
33.08784426307598
136.1727990784632
308.39134152286823
213.60967144852668
60.24533046877146
155.23684464396385
171.20802999283842
143.88316387600833
196.9738588177985
173.92591907132183
266.2989116356063
286.72216240106656
93.68626339765761
354.6584205151404
14.056083153281257
278.485587531814
236.10618750528283
78.46155079633589
86.95023185262886
84.02217106467063
128.69200618271248
277.09336660409696
202.2699338456671
114.21944650470844
50.224384193387635
341.5170698621802
133.66576522344545
298.79730847264443
255.94364404259244
205.38120743809927
153.24880786103068
66.14397063509008
48.16186198887165
33.76069912341019
134.15662180538604
29.21935505926652
316.0638088091994
140.2656938859296
292.91422499487146
85.02680094504936
115.45002893602627
189.72618832008786
231.58146439851674
284.88109453308414
300.4641416986725
299.0124186062147
311.5923246826051
263.6770542250097
171.88575836150798
45.15236985823436
214.35577742242214
188.58960741389575
250.3593479635805
187.75927326516822
178.10172567827746
141.112845937343
137.96848470619324
111.88369800825288
166.1198799649546
61.07208490718354
37.853944500847874
197.75615856106361
358.4532129642986
137.21950176044237
99.1132116615663
245.48806789420127
107.27186689069055
106.25055236036211
223.0080335010319
45.650005382265654
295.5674713192045
0.5548128194528568
106.545618845311
30.748211987898433
249.47170615327985
64.74164612308459
230.78833464172664
347.97155836927146
56.41718823550188
41.957422770065406
223.78556724466142
260.18284978133755
334.5228344497602
253.2377660007478
261.81072576223016
29.979988254216458
62.99965710170633
216.61479029447267
77.62522453090054
50.75386421150903
219.03741767021543
177.42581954308088
120.78050038237055
359.0217010998166
33.54622748051089
127.24677494275633
142.50806487600767
73.91579584609528
356.29154049678806
356.0997811152254
116.53669124436045
202.559547603862
150.3748487321829
231.06127646775886
237.21500997239767
144.16383989124068
196.67661230483088
124.1234026925972
277.606579727678
321.02871207833516
0.7918580138675013
303.1380319130999
162.7639363824536
21.236655805323
178.15316520731025
111.89925372938436
337.17676982014365
35.67547622264378
287.4494332474823
298.8969496404184
300.4288346942581
131.13019871981143
108.11345209465155
189.00031707140266
151.38695990623478
301.53516143992033
154.56476284514773
208.30708723770914
78.78478928383667
81.0788261247466
148.0588354387173
309.62048724232994
304.8527776447636
305.7055225999405
346.4073447382101
264.4927034568066
228.68518485972385
133.6599560751545
262.4985061413508
267.50016320532404
227.32381387916922
1.0716904675199412
184.46058719820883
79.39242406665991
75.07719325517718
95.17850623604771
203.47553660721977
217.9831290431324
235.38320207708446
195.63915832328735
199.66397647434775
49.127954452660084
284.5619439616411
243.487376611281
32.126708079660574
314.86111045995466
323.0949248399844
187.63084294046917
26.142045426629576
181.73849954806857
337.6055632970281
10.400175769616169
188.68223175424393
59.66213885736034
135.50513228876784
226.5045840163429
332.82643768351335
229.9371334909697
244.30733281650467
303.85255265499546
212.3116615516854
211.0389794592811
328.90371555688625
330.04727583674287
19.377239812445588
61.54542711429065
272.6312457366647
324.968245281482
342.2222816795721
111.91400468381686
211.75239069257347
37.70196576797653
152.80995381618723
10.262503242668819
108.00716101880786
345.1862164464932
241.41613543628642
302.0365573423641
330.1855388839979
170.28405166372895
291.2342314813153
319.4248681368446
33.20789557301139
38.605027995921056
334.51206153507707
213.60924119019558
31.99001271133872
196.24294228561115
291.1106436500877
321.4131702838974
327.40834425814404
54.70079427046591
181.03884271085278
277.63924509980524
292.9702589457589
14.625320871558053
264.4318822095795
245.36220000528496
213.33309420333472
206.57490113549454
275.60586775636466
218.6710766903415
219.604884450797
294.89638399735856
82.23439160174959
355.83038032273754
291.3985989861623
339.887742710852
76.35744661906968
165.55685191757857
211.90101838835886
283.7751770900598
270.8469322544977
135.08492576130791
249.75620484949383
317.6347721735083
273.1170697347729
135.92044940252163
20.35266970447671
359.2403960563202
117.2821129705069
311.65904559345074
289.14243513278313
325.92108388075053
116.62784510665496
21.971743058322126
180.90930703319094
141.86278979549726
50.17732761870527
187.837317241463
31.442479094792585
275.8907507671596
160.2954659965912
135.32720838255452
281.860996786382
343.62054647159044
332.691178762695
88.7255339225146
290.87343346062914
46.96724423365144
335.839687927511
298.49312938557466
206.5462487838482
64.3537741739442
73.76179406668417
125.56133196160468
216.69340648480704
246.5610880621778
294.26097095332403
240.6676022802778
145.78887568715527
56.01440787885938
294.1331422531501
235.9216953265791
46.34268149384659
11.401108443084581
33.52811837366473
185.51771042547273
303.97014701979657
244.86781695676856
113.55569276196232
73.48378496762226
357.9233527897414
345.64538068675074
4.393490065921006
248.58798349971033
232.64238042243974
51.8022654291198
55.5676680422721
289.9951502822231
320.9235209072322
340.92833394824027
335.7418120486389
231.9964912579017
335.5903126166057
60.90257700368481
276.2630690121459
2.1097407837299453
54.09241450866856
353.49999383718307
350.87903974936245
54.074784089298184
259.24653488263374
76.44416513906422
333.45277357922174
85.7458208920472
49.37257150694763
23.613912754516548
356.1672617222842
61.60789930092597
132.36706998658642
218.46378821373213
2.6249933635172074
70.62217105587045
70.79550839111961
352.3197597816755
213.41218443724463
202.33075531561795
268.87354970553326
277.0631283595858
16.111235629754297
257.62870762931357
27.2469057389982
60.81700462887443
97.40924121184567
5.337112475600025
77.76809402574891
195.6016264549857
251.864149447645
251.68786984360568
8.007763031245446
307.52591154909095
290.0546379204498
327.0574038653112
254.0272036417683
322.93465306178894
188.2533467611137
312.7629304365943
359.9775963488236
248.0319746347754
192.42762799726842
350.4616550775501
174.3809197167488
164.85337538171805
51.28565516896221
137.6696077850304
255.48610792840157
213.06027057816942
66.2501764813977
335.1437400102383
151.88350084127444
214.88250998713676
90.6558314071455
215.34702613180235
129.5994092042356
209.63572351959925
106.13038876948404
185.9432586731173
293.1817933669901
14.592270439605102
191.03415210202863
188.24454391017304
135.8271485270514
260.58572319590945
173.99579140423478
197.76123849411783
32.3876603871898
83.58069150465717
314.99706367070775
262.4804404307968
179.1367995320322
187.54124926373413
17.122870068755383
344.22594778692655
345.4606643162084
329.2826363939647
204.00712286534267
279.42888705625575
335.1812655451819
132.5928276747842
241.16904599224364
327.86505773820517
299.00722081824637
236.7616982476304
93.84853053698961
151.39135137922315
194.64616597073805
323.7574532023845
79.61328940692871
179.44037988518164
197.4025236436281
108.64126741905548
330.9244820692557
54.0087881093512
81.62298418878454
119.41284422957456
331.0117577918792
204.10150931938242
282.1414983562581
195.33102137267926
25.82253781552881
298.07069276534617
344.9143275707514
56.855225588813994
125.47452611532633
242.01446915898413
227.32494771761694
45.70504706622814
10.554395240436577
173.37750866998903
51.17758374810239
280.13687413536485
31.769858501934554
101.12178576728755
85.18726741046514
138.38790895416034
335.87614003546537
187.31241238259273
98.81323715294403
332.33973281496156
346.4621126765458
229.69017340827142
185.571876092136
23.80483225080958
275.09537132043755
330.7788473672488
21.50397171552411
347.4412984035411
56.4895737249159
346.3019386338556
103.2606553121048
257.15235482304837
250.77137744251044
54.16004829028435
160.3110034453571
166.92901089558305
256.5885311463186
314.9466612853039
137.06367471195668
12.445577117839072
150.71459386964702
325.9567621305325
93.23375536990027
196.31949187591027
52.96977503912896
82.86906660213602
194.57534515652787
357.7983661767032
109.6917101270609
316.759464822227
141.13911202742318
346.7387552453476
74.65373151694692
268.82961045226284
66.50343882909193
222.09270483328322
203.24248292999965
61.2112930251679
258.966647619941
336.7197403172982
3.870646548556107
39.433818240538464
124.47698751112404
253.19344826871247
270.0147270675211
20.617938779999033
71.11590677252245
39.37338989736958
26.93185324685738
161.18681636096272
126.23953831264997
337.86474071177514
89.02353850841685
78.86075078312511
299.9220703140357
90.08944901952206
356.9785666687897
125.9291047963554
22.133866586611024
43.54436250519824
228.241127406623
234.26938391642403
166.12631837782706
179.92339202329376
270.014302842184
297.3100392350351
266.78441339873825
172.13219326983247
10.923425447841453
300.11006642269626
190.24698452079357
109.82555440384165
345.62727756866605
315.95506326169624
309.8838289183146
105.94913917212556
296.0798586257567
336.3459363325778
113.75789094340577
130.86885297947148
173.80898632470536
210.98310803004668
149.989628927044
116.02267515792738
139.49229700365797
25.325508487230202
108.98003629320293
65.63125395687564
79.27523229702878
315.5302831228786
205.2374826040653
252.85531528931332
251.6896610627494
334.055699622653
216.59295907909242
35.88929465469031
24.695822649958664
133.93623577399896
244.87716292421104
129.83227201803544
339.2843598077071
95.7155345507403
239.67190794583922
311.7789069784881
104.23926711611942
358.24927801781325
15.537567856980065
39.42445391753676
186.0767049546396
33.066802652594625
253.1571874336311
47.579722343994646
288.83854612215913
81.70666162319577
326.12695367389324
332.343194135381
20.333731181866767
196.4179996137315
177.6619043494212
159.27923756988622
54.584489071023874
66.84619425475616
205.2746839455492
39.802856405823896
124.64855872204676
278.79767073077426
196.52427684483897
209.07294365289587
55.652682470935446
335.9054506543127
235.2207294133661
129.04761700706254
94.78651638155422
120.99354168124431
285.01087348444884
131.95678889995827
173.17042975714713
241.1648071543981
296.0591874486076
312.2986204648603
43.924426804330544
329.11356649709074
90.57696317461141
89.56815074976348
241.42983538254234
262.89062573625245
204.242016050545
19.27784762021912
18.689108451360905
137.32523840042995
133.09024935941048
106.43159388113492
122.85340359490846
192.5347220668132
299.2493503380872
193.4648536296616
103.40155780380573
178.42936029736353
343.9242364091256
153.76569891117146
213.11821643032425
328.8464946891279
202.33246505848763
142.24267428265904
178.93280457013338
274.9245159821946
332.82745601016194
356.00712394558053
307.84519667548057
164.5538417540734
181.2358342159407
321.0891735397558
192.57799191818046
93.21857564057044
101.47485244388591
5.208212788442053
252.25939962896703
291.26923978559716
284.8043915768112
61.969999247684655
85.3546128216777
153.64331845353877
12.60750896572738
278.46445959532576
125.22791183398756
20.27709745631988
61.382306361649654
226.08949235466616
53.13147868205019
58.92866414137841
353.66705440513147
163.5278782383088
319.08131402358316
226.85877764117828
324.90955758874145
331.1557246288145
107.99434863282043
253.79250237187574
203.8308758713297
27.76277123923873
166.6251550225826
135.81141950140992
242.62240412041163
313.3159806985432
156.25472326777913
38.3025609099367
83.35455446957812
355.599986772924
336.74757891978146
255.81685998924402
28.264251135764734
253.91887282893873
99.50793773034731
127.66648650562713
354.1275828576043
189.64596279533876
270.02940473307444
0.3169501403491104
174.71288938167447
131.2593586554416
275.14679773101926
141.1064211472001
30.348789593538648
260.60279968443723
15.762937673701387
222.55139656523443
129.93057842140422
307.46295489495435
122.73704095180646
212.47420207864945
28.22758543146122
41.15564167320304
81.78564225316359
102.41452811280716
130.14308166091516
310.66533947165607
252.6608754511986
165.26370156053196
213.6173840961965
8.983573593810505
198.53508776721262
232.78707788414718
274.1539822151643
42.64361093775965
223.43483193100877
224.67620678583214
216.4873690198762
334.05029443705985
148.73127226058753
82.99938861632846
12.700508093855936
72.05545395288239
264.1081787964097
129.3954176204186
31.13889688109459
255.3308788521153
144.09267918051296
67.08218257631977
236.75708043395994
283.44248774889223
148.14812882390132
75.72810473694406
111.07280867091167
342.13073520479475
120.49225060669548
174.46116182771678
158.6928803136871
202.15400074634726
35.218174881414456
176.76669735770122
37.41381842712141
205.15318665442678
292.9595803038593
170.75172216741566
350.1896934727878
85.3473562960185
267.2556735447199
249.23020527350366
329.7983120518481
152.4717758208971
1.9354863446781367
346.31005464160654
350.82621313887506
159.22131830916516
75.25504892306633
30.63951636633753
178.63179340911404
255.56365781109255
252.18537115529514
80.19675968786629
231.2351487975383
152.63849323715664
283.1627596780967
19.483450162972076
167.62214113827335
100.5602009518279
315.77745094722684
217.20936851213418
104.73927014397627
287.29326859235186
65.29039886675797
341.03179371969713
65.49508772354056
69.87122168927169
100.53217387494522
225.63999062466476
311.3728118379759
294.5813076781691
223.6520293591185
171.45155820829729
215.79802256470168
49.338911311147626
275.3491315062822
273.4141844185421
48.19425296497987
319.3270263178117
341.63218078819614
342.8826476347143
23.698393796577683
186.07787826951983
153.81760860136475
90.26761035539337
229.7969370582038
100.52521585573426
300.3905705495785
322.1294006838551
88.6830546833469
132.15740399357335
267.51711602035994
253.6163463829567
252.92368337720535
109.25304242005522
174.409934574801
285.6239154900505
222.06471936472718
139.28229037264492
90.41408126003729
105.77742783134963
29.091638038936818
133.90876642800623
172.59321546868702
23.31772829719207
78.20176917397379
259.62844239646864
185.76101193512937
280.1956764851152
19.133625667252492
252.93331844530766
221.31622283150566
174.15793551605609
218.33771109735184
117.98955608626443
136.90431475112374
264.33315309012676
13.562263567947305
225.1710405128435
315.84218769973694
225.80401632438637
75.96652154841333
10.39099887724532
273.4070879666766
236.87745087834026
12.663085684253556
258.02588730185704
336.50435006618085
41.24163038966838
182.63009387825846
214.3273089125596
173.89309939658176
306.9250651277438
170.22289810673678
83.56922723187307
276.06286998495875
244.94966127121077
263.0540952147533
165.77943527796143
337.01817407616755
92.79613412455348
94.79968044774262
202.7555942389566
114.64229509945939
131.2767237550768
18.528410818749855
328.1680195734033
181.9753189730445
228.13679459163197
52.44018243469241
247.90257056164884
108.65588314540388
127.68337080976612
147.43854324108653
308.3989615502483
29.93977399835898
272.96532088635666
224.75157026551545
303.5910895413848
190.12293448302194
95.50631229350347
161.85403449784653
185.15755043483261
47.860217461741364
197.31844928224405
26.233333771321657
316.1424219532103
142.78547344364793
320.90082477464625
89.08035096729519
224.60732151859773
26.002489565690748
95.15396812466034
294.7756292215992
11.828046350707462
151.43050059995466
258.617640456186
277.0803609167806
8.649997419583194
350.65191992650637
76.1659671282987
99.23048071155355
33.968674987571745
330.82404477456413
261.2705830787536
92.671718299196
250.90270846421683
303.3806575862255
213.16888829755936
157.96188353862985
59.0787135838121
90.66328249380598
96.75113418695129
351.406333689258
225.5487148015341
348.28617801557465
152.70669931786958
112.28121373237241
182.21236480821022
82.95299393449845
26.446253959810655
8.038259410246225
24.217972220258318
38.60721805089898
246.5434204119781
28.67415075941335
71.66764569838192
208.2125613797152
226.91567485891736
46.486177768083074
26.05366503914077
184.12342323564613
31.691242360781185
33.72533249532151
203.2045583943775
206.91979800687542
187.68489841768547
238.1968006679382
136.1210721808732
10.744896818560816
56.63245863608725
355.6470004470755
213.9336978182079
92.59784789283857
167.81015902287638
87.8153614836084
357.3149675840326
293.69800729881183
181.3915700442838
176.31795355962583
306.0314686200092
292.95135654644315
43.87166279590528
255.06951013706615
30.921752084204325
135.713555257309
169.11364267123534
267.7389210688129
200.4382728072928
15.45830037466673
332.0512339967898
111.7728378559819
10.992713719999848
351.62372878407507
196.80534458260115
76.81077734025872
310.6958323313673
3.8235429646050623
176.95072802025447
142.8542647825506
247.6844714380384
230.77387582128742
82.89480912512799
172.34171183870788
177.07986589030142
101.70048781198416
149.8073890043986
350.31956786339975
104.72303402132589
98.65560588033333
79.26654375301092
178.1896457391932
91.18454439678861
130.08707508640748
148.7624547950524
309.0512687828644
186.14759627032518
229.1672092193591
45.427754848226726
46.4461987613421
51.114753933442444
74.80228553395763
63.8392006972736
133.35319960254088
217.49040501941857
68.90788179977503
32.462256496961864
14.568339487867572
357.4425504107482
350.4495359000149
159.2867596258272
263.1458934497621
216.54887334444487
24.911768248078
354.42818616954264
80.36412735471107
330.0840359158763
117.27308873977618
15.945864488546611
228.7191098712786
38.90624067529506
237.22831382366286
34.85584278748637
278.73862861190963
356.2529202681765
357.31377248643986
6.292820910120094
242.94778971628384
33.35705641098275
207.75497248770105
166.00192645146976
254.1063742095195
329.6468985278257
146.27030898812546
4.817998287278384
199.87758555031942
232.3936586873495
6.7286521031883195
88.51624050397753
312.3765733359109
231.023287681452
207.47242368408854
206.39495684608752
108.58628660407786
272.9099124837761
268.28210211157216
309.17741146795566
106.41731377010565
50.32006129783481
204.3720329490904
15.296656942654764
321.227362042701
172.2785852491541
76.47145573689252
244.35355610699062
198.90505665278786
300.47845447439335
77.95877228938033
57.51479049388935
4.16194424180123
14.958364059214206
213.18123130457957
206.8444001863675
316.46554686709044
143.12359168601787
345.50601776207264
219.03864591090988
311.08532833430723
294.7870561002157
249.3130610522323
223.76093106644245
79.01259951970096
316.2592320728946
327.0538225517077
22.749667121145357
87.05446260027445
68.11695235121273
10.664315226861811
243.0989358217691
158.19078983607398
144.13288361320272
196.03485402055423
186.58801344556957
102.32251401039056
242.94879701816726
199.9029086213849
256.66262771681846
108.82842917623267
319.4276247983546
240.44963783145386
335.6472996925797
224.88678769405735
339.22051693571126
286.0446102307676
36.99459203232795
7.307071743876068
197.93687184561267
170.99744926962217
170.85385273925746
310.6563448170536
185.4069952394963
142.8389956591071
75.96837477252373
160.7537281651813
35.87818598473336
322.56890355235066
326.88666664373335
200.1454340249104
106.58712667341108
127.47032272491685
2.6999050141170633
80.96212975175072
330.0026082989106
205.50672204568335
321.99434696183806
60.59911044130322
89.13440396588938
140.97968179041564
208.43397518558578
166.94921694188378
230.65561397445984
33.04075568131211
92.36522362955318
242.4571493309646
297.18729677947005
101.81447863873679
256.0621336523903
270.0531233149806
327.9459454517486
141.30357351359595
173.7070330550156
269.0627062004832
6.055653892367152
33.9117006665924
341.9281253837391
205.47894937266253
81.17866577725357
148.33289887562486
2.692233446598342
268.52173120476
27.719403527258066
220.72108590711565
287.57720557225326
164.19851433293732
51.708576314261855
148.46706964599167
20.925345974196645
326.61961913678607
113.57579589709268
166.57443912032204
349.1055397662061
149.11035599111298
109.37029987896182
208.53988286925355
34.08848503197532
169.70116455932043
189.59138509906933
236.8075121911133
301.7659483304631
169.3662661355215
352.6412887944285
282.2809063644319
48.921403144480145
236.42017729230835
329.0151258548233
218.0404275335726
187.48627048660484
136.77054842327712
52.69398114518734
229.32772217068302
180.6921842800711
247.26497533611422
217.80867225740303
290.02315025437167
82.95654942196838
298.1582835219213
101.49342105125102
75.25611204484525
273.81502108414895
110.76600583825882
37.9502674341255
270.45211383786284
295.94132712913597
247.65886084182213
134.096397265145
19.034700821966254
328.27109446114594
175.29184605245158
103.76838906994733
284.1642878467459
247.47328533432326
52.751026796463904
305.30867608509055
144.31002225596296
34.489025886469335
85.33980539330784
276.4614511875451
338.1149131002887
147.58450240073225
278.0156579535225
150.8562621884564
240.92848828280054
129.340977203757
271.22746904844064
271.9597727262954
333.54524378596295
302.23151160335044
300.49251706049006
13.227099763896346
233.10143285343705
95.91076368248356
111.0912889163281
267.28610526972045
336.74642808915786
179.07049235206892
160.54736392249356
162.33948282241153
0.619413553719288
139.69020261277103
214.09865084454458
220.57090095929092
299.8258104704442
169.7388307215717
122.15543503505148
31.19330006939121
349.5221325953172
343.85989423327476
163.77946224594817
9.87866927054123
312.88199906956396
76.2992172501191
126.50778464881843
76.66052001052822
138.63010943291044
76.31072968864255
70.38370784287669
66.00159027834354
38.99482847970394
319.50262297182957
332.84658431754093
225.57100144052956
138.34452828252188
91.06242205415063
331.1710900365877
104.37664993881623
33.43647285833071
76.52641015747963
70.43566171176259
116.25004303414468
168.12128282564234
136.73518078042864
207.53904340166306
131.28260180737362
178.51011588567434
325.8437175627509
175.57257691517788
315.66377059947695
269.0256655139222
94.73096775295534
237.89541951061727
69.47292147865826
275.42218309169954
66.88050272276666
97.54843383769338
182.32875157322005
197.77383909406217
159.78032389099513
275.18201088902464
198.40108767216162
4.59462084671336
352.11640523172895
327.46171691546806
15.141997008591478
258.66738488176424
345.5113305444808
147.9552022597778
14.194332109394567
235.82327313400145
259.28569821151086
273.7923319565293
98.28756629201985
99.82718073936383
47.6966758380498
313.9300439406154
44.53226989047382
199.6887894376698
341.33462333625573
158.64220299304293
142.37619501363181
110.13280940868783
287.83524269924345
324.89389876087284
83.58646936750625
241.62616046163834
21.791293468360365
118.54862277429683
191.9739654263376
63.27381720898485
189.7244381655146
211.896013687982
2.1773866336832226
170.0592211356477
333.2044502262648
223.77655587556345
199.67646942286035
185.31903179810018
211.67942589719692
269.61917557630227
18.3047638586011
220.00634368804825
86.30732223023448
179.99622884956008
236.88460416491293
192.21018122267992
267.05566119908536
208.83981563985282
283.2078817200033
223.563555635082
287.5628150201683
86.2522573576429
161.43827595028304
213.58608464638363
35.73083951580981
175.88264964188505
88.11177857350545
228.67139397932408
32.74635617567793
113.13045963503261
172.2642409649265
49.343686486189846
219.20262283493386
107.97627472925524
326.8158346571255
137.57163122525992
314.2224791109784
295.0287215621948
171.1944201966368
135.3421158328762
341.9582630095878
103.415855502089
339.2807937390453
346.360251559891
229.57162732516582
280.438102929808
262.11081255124066
124.65609921214755
311.7725213032858
255.43920491171002
151.37066073856087
57.042847675062696
49.22323307612321
54.14043483445545
127.57332467242306
80.78489515144874
81.59003267303461
288.722497183476
135.90559332620103
103.49870660883634
130.75138327946252
215.22869703420628
153.0868265785537
9.223097384398816
125.64836120746958
147.40182448017958
290.18204632496736
302.75983286666167
237.48939750385475
124.85638496808758
59.16351290101716
23.79945638242021
132.49809640180294
253.52693910880814
335.11654709295044
153.0111906107163
309.11943506289765
247.62211503547766
251.33701563007742
294.19007945654437
247.57611062249558
244.85331520225827
131.16914345034417
269.7183353941068
221.89351776567972
340.4957556234831
28.284361563824042
11.01210815699616
287.98831403239126
130.87891727635323
356.20294792866645
241.28879501236008
126.14206655072861
353.19231906728544
198.21216940426007
94.90428953992874
2.158126570959702
336.0317318096975
240.43599424879494
195.67334580901735
158.72636270538197
193.89981888304
103.66312873410739
66.00059635529911
296.99694693399744
68.91455385286729
43.64153208042445
139.31352523229776
218.09106676398684
4.267442793300642
24.89929261104904
100.20311692399862
45.25279791429717
26.513071403427322
209.75323079941157
219.84152429743452
219.5731065452321
157.56014127840137
222.01816432217723
308.66059238157777
95.69347900960679
52.27358666735826
24.031313689461882
113.9388302559481
258.62313447724557
283.886070686666
205.95798397154283
166.85867989959962
278.78045662135935
96.95665565998726
127.94603161381684
151.759797995179
199.59584689529677
316.402977225832
118.5484448890132
29.728375888352872
130.4896430424913
321.17282701667494
16.934655853728835
39.326367583429935
97.76542715154409
162.40981334706328
71.76302827440453
279.17865901649446
106.93553327443264
228.5067534197231
96.18827307555746
130.30029692087862
72.22227915784468
93.22994911146706
226.32930676450016
220.45980582681543
152.45468725683656
48.135955753491146
319.6245755343198
208.53901157662554
137.30743390047076
76.7920581559778
159.85332218844283
13.763393186148276
133.80499168141512
115.85042488128695
127.20299653075423
192.84146491191768
230.24070703485282
326.81501134422297
124.61446598317312
17.465507403833456
263.136916961214
212.37942966891862
165.73831717450454
65.29012934537585
42.59906251883744
32.50306961374683
45.1869648521926
289.41916621013667
82.39294335241938
187.93162227115704
248.36910251711103
14.59547699154967
153.30122552386314
322.6575615837113
116.04426871108313
202.70234736521132
71.7914924994354
51.85480662378586
337.8371494338046
75.84910539734507
290.75498080707814
328.1112650148054
109.3026446687365
22.227831255673024
315.05158399787797
316.32158722131373
268.7342587202376
78.0918639254391
1.8232292881033363
136.3918949444139
352.76015338831996
258.6211198211397
104.01443791123636
232.9471487880373
133.8724628211762
81.10310164050975
255.26523096683684
42.520753974026675
228.3872713437968
105.77263112117669
295.3183367131639
291.24541342682846
109.93412089902053
132.81741102285875
277.3091096082125
349.8529126632209
211.4254560154337
318.4705203978979
241.78293808684955
317.82981780670815
27.558031434641613
68.77505542048073
207.0120339192641
304.865160579621
240.2498504848878
136.52025452501843
291.1592957270426
85.26496502020673
161.01776753830748
165.01230167824215
89.06421233521431
239.7979591665086
257.15239496900614
271.75732020291076
54.901884182333944
69.4754339047084
122.64863460862446
305.79798801230186
211.6929471607727
287.0576396596952
210.20161417257472
304.3591901082487
19.618828556876693
84.61793340355476
37.179361639951345
97.62250297088319
327.32311317112766
279.2850906263763
136.3352970371777
164.86288176023862
123.85661633368686
94.32312499423962
341.12483730331525
290.8454867740658
63.65015353290359
138.9972239551324
315.842372635121
348.29431109608504
172.87552700742359
28.21324979749962
242.39613352952816
200.4084281914995
42.78201447595633
151.70743436549606
138.39013709477467
276.81577819989667
214.07200582681847
202.60199336520145
5.284060664307462
307.01849239058794
76.10608207197944
246.43131712637006
170.75319699709422
77.29767184269451
165.70434339847716
74.2826308835153
75.97253179281672
230.2097985115984
252.5375291397503
17.483888556014513
126.40027608304884
330.22082415504207
241.57770774421937
346.31087774264864
233.73790251936927
354.6883134230779
27.805245603556436
231.47454448858863
287.0952319362542
196.31563159425923
204.34501662750327
214.68852307834618
242.9906844991158
1.3668084017969395
232.43161280313643
173.40604151310097
336.6684428915818
177.3442528283347
250.07970478772785
354.85431683398394
331.3156997657244
244.49588694027105
46.062362136901186
35.78374958079832
97.11486087207183
17.432147219992768
296.7767210120455
16.888142350910304
268.6670821985031
126.29752237945256
155.80280804106823
4.6413508162772565
267.1750111043269
341.355149198043
299.4380752221709
88.33481360761955
232.87432460121386
310.5072879132296
6.216660817758628
26.389343098918893
273.55508152880054
156.1883770681858
344.3989674161992
313.55385902712015
256.61552829058866
226.23149503897744
178.64369053922528
9.392552754229445
154.942498190144
72.72319032586431
85.55105199510457
188.50127960370207
181.0142870189836
43.52553297136605
147.49249850323415
304.1828244848472
168.97312137739968
313.0584967055466
55.11877007219886
179.84983370530557
331.01630043837224
192.09967605564376
111.16461650479557
236.21334769065518
182.3063166421265
300.77257743147317
271.64528451975644
7.35381752723256
337.7020175018728
224.55855782028303
205.26621453914774
115.06058077766535
273.9643010029369
240.08178823064472
297.8440495928209
178.36484259143162
102.6916115401046
355.58057065858105
215.76367206990793
353.9803211180118
112.09175829025843
140.3922643399492
310.9723969984849
93.40466777999562
149.79843452265533
98.44349974967272
119.73921032881347
63.72393858710759
154.29220708827694
112.6509790215759
318.3833070433175
171.70141831793467
139.0873085683428
30.302583153321464
71.40290783619292
94.52113526788129
251.69726274937165
93.90237769593216
140.91172795176882
55.5954718172118
168.4937888035074
207.62722890488482
341.0172885619632
110.13546650707714
326.92502749256045
126.45678968471316
356.7515073820745
162.72118554677198
218.16079050073822
3.2027178374799714
4.390802234083826
247.898902765056
326.0839244048507
248.07694964391104
168.47940920305822
264.87075308717937
22.648679728548977
266.10308808902886
110.59628697253034
8.631536015839822
334.978190581552
219.5887958106962
125.88225541847447
22.446479869580756
306.17519630452773
156.04143077947444
225.57097783673845
70.35291666892971
39.67123525387596
126.32286909733041
87.24362606915513
13.407639693786404
286.04140215979146
173.50392960850786
19.25388056147073
209.6910791720878
41.56324175462978
99.7924935670888
171.74620259715454
85.61823122948527
119.39987638577307
317.0737907106179
13.917184039626743
284.89555182977307
67.13908237766827
16.015075736396234
305.6461472690212
231.5018690150294
138.52151368592246
29.35138747117638
21.347689077280197
164.36068526394996
2.542975943882615
116.88264691176585
174.87568192645307
273.9100394449073
329.7170482616155
202.87686588210363
6.534527330321369
334.5654260727906
53.136008091362406
350.9880316032976
46.73012186880407
142.1100125867295
1.0696303505534033
47.4613822549139
285.5196334278193
331.33587279620065
18.192812674266754
280.3128225497149
133.29566492835883
86.79857326362213
194.13473569727833
70.33336639118168
215.0669035509378
148.33683462100367
280.8937086316274
49.1834032396192
219.27410839436413
273.0479561201654
324.7635071863208
190.50588815091197
21.80654370565467
146.69864678623475
3.7684217314514257
121.90128697683753
286.86085553754083
0.09012933231101083
68.20598862560948
98.77153392990084
68.51074748821188
119.68544434591557
349.74778479308003
105.45403751442457
80.33234415792985
126.84566952233814
313.65032577077824
64.73095413504944
225.15696250052707
56.311279678003075
118.97958066188878
303.7130215297309
322.99917575931624
132.1035576117021
343.35429533626547
122.26130846071365
302.4350005494804
197.81017006189637
81.56475792453514
19.52416945220168
109.18130039643401
48.258135490627836
1.5253041390682487
334.8309819495635
75.35427492718863
230.86640975122273
336.37034725358865
31.098104886886908
203.8613399969364
317.50933597837206
228.10528081185282
252.06667257721261
34.60733139328343
71.51140720787365
316.07528959428697
199.1058379207906
112.67245080188823
269.4326485763534
102.6164761674591
78.97922066188191
133.34605003362088
103.593271953441
348.6053941116833
170.88625112679816
274.87683723106454
328.82492544144867
153.2246509778921
49.25434252916445
7.026606832377893
265.7253982929812
175.11372562382576
78.17165670078899
301.99130977018416
192.7322674583054
176.17575576273418
344.01456094909594
273.97962845835144
350.6202945071365
354.66265821469693
14.737672322137065
114.71602869066245
65.56638719875158
60.76238018439475
27.458626203838172
294.36159959811806
10.714945000677677
335.76381160407635
50.38370221983246
120.82271622844148
251.21553039682163
324.9762778108081
40.78453523075815
95.14396438349559
293.993886948272
24.932195480949453
107.65013960618586
266.6586050963063
251.05627494341647
237.0031285080081
265.8025902207063
218.79597856375605
343.91632379425715
252.41071668681946
197.67876203277083
44.9223549942741
46.772495559212885
127.71591664283407
199.644579976395
183.3177405589868
267.3534759226885
145.22135031566512
161.62232049557787
191.36820767467344
216.88769781485084
189.3229773876261
271.9754422622018
291.27951437143736
24.442445256887414
307.69926640955987
314.0097857974083
53.09456662894751
145.91694260178895
25.32716709122667
206.113589692032
95.52368934277035
124.26282897347487
279.6660711596173
154.4733522362155
181.0733658301143
155.04471224435346
66.95231461429778
275.4661742380851
239.18555678927956
280.2423134925646
72.39847306674173
324.24355752127013
349.5763519071101
153.23485620789015
301.1931494189959
236.6856150642378
77.68920290543906
189.19757244199837
192.54860539149365
113.81868067666367
215.15463077390368
97.67893808924599
125.6450752055271
170.95344214354023
140.37475965865482
207.91663806648899
54.17225902115682
198.21469904996613
197.82767014483363
82.48918353529784
355.26995001690574
354.7979547071234
219.4131870017588
151.18901881758364
169.02131340970826
206.2021298003018
257.13800971732263
124.54237491563514
216.25414772712523
251.85173893738823
163.6650346562112
285.18983183704586
275.2564882905355
259.9358465468187
85.7279750595721
165.3807931533806
252.1151718046331
46.95539106685951
105.13913416920205
40.124193565269884
54.73685133909777
231.38426360704156
13.09459602242011
178.07658740897398
197.2130560331835
314.0137504698499
175.70779556144194
136.0381184118628
179.04217498107715
271.96409384107085
202.178985479831
357.9657400761268
42.822777484406856
179.01069654753525
221.7344834087148
225.7021445801264
74.38449437473608
141.78689818753253
131.44648382335077
26.157989009311343
10.92395129288564
189.58903125251572
114.2704152457396
88.4740094022184
45.565026818253045
354.9237214201376
85.11372577326344
84.72873764933114
280.8641210409752
352.6014179049851
262.47622075016426
259.046504763827
9.132807292961754
327.0940187997122
344.1789537072452
272.4995107675945
324.0517399605717
91.03887400670118
227.9249517093256
224.98693421687176
135.90118161780282
322.18516010392926
340.911811853313
200.31289261832356
311.8352828228891
121.74287721777745
267.44270729142113
336.9742513970941
152.97850387928568
44.00878276482797
129.45884630613176
274.7084381640939
311.7245542191497
225.30747223191946
282.1430975685015
345.6402074677346
265.4692091165692
129.7001545325295
135.2209854466107
148.905684600778
277.110614327786
289.577477948261
100.31179640188496
168.92079910067218
268.0015730572413
291.16689517929484
275.6592391348988
350.00052585952096
325.64043346861155
218.14927655273894
71.79744150611911
303.82415964380084
346.2383593877062
180.99325789547004
355.18487784566497
221.2812248333179
171.40259193340785
145.2801632077566
321.5651623063905
106.52126813449848
318.52665294271316
149.20618846322188
126.79034352681717
168.57034478128438
266.0802785504617
328.6126923655209
340.0689048926104
174.6655946680822
277.84307125130834
227.3095211099418
23.07708629532219
89.4987271366932
94.2278213240213
181.1202327559876
318.0989017403023
35.84805409889524
284.19066623479034
85.99241379223348
49.336677993012245
354.6179286001112
317.8270116528326
313.6799283481975
323.7604689125643
76.0934375448919
87.60371654057651
282.9184327743323
181.3413940338316
279.2572420615
75.27941523558816
29.679349755581285
349.2403845359171
172.30459979604964
311.91669280326187
167.00137584082827
300.50046167949665
275.03159889762645
269.9910518668568
83.06313799016765
25.017157328133585
182.5606767036263
139.45360972782274
135.57417695231442
309.0383619762791
279.90664616781584
13.705516531920011
81.22577751477635
129.1713450935461
338.17548458676856
306.79408751938274
190.85720430718052
77.85128424815277
115.72710581755156
119.74197496605413
164.15685146010213
189.45225073939002
31.42253398382006
151.77226413484888
152.13201835064638
49.69809087471531
312.11488375654204
271.2941194977309
121.2449561889065
245.75722278390487
62.83267835659521
221.8648996562991
130.02700093598693
170.38200121969354
225.6429581366971
339.94646201488473
357.14658247666995
170.67975648151017
181.97088103693753
84.12487595223658
319.3210536072858
310.5792371034568
93.1914530058253
219.56414375103486
208.12619681731107
115.7827646928554
45.598123706037015
146.81641415112827
336.67159650066606
30.970905740572956
68.39206345515674
190.71250193775208
0.2737308815914785
341.2531207477451
287.12492628478196
192.90809775835615
219.673148981813
313.3343223026951
180.06712846593177
320.7627473638429
11.005774327620257
216.59386656861975
121.26252030108103
15.580133911567504
253.65269401243938
250.25012581187542
201.56956853513148
14.839813179737478
25.256729953048115
230.01021780689297
237.7781268369689
75.90201838961472
122.6081583254796
136.0812537319351
309.92996551012754
2.7688765089504486
27.766127146631668
134.14568684018195
28.260378439222443
192.83681961114087
130.69616480410886
171.88028721331818
263.71699903011853
137.17653542103824
142.86843041281966
125.82455462446559
239.8013602361809
125.72842694600476
130.6753703689114
286.8811116596517
318.517525050757
147.90310795920573
183.1914343208888
167.4569559228171
279.50130696228894
239.42791152037668
165.71162891677358
189.23142334690493
348.94257254064127
147.88217256964595
338.6697452670324
207.76275794277544
3.7023640778306754
172.2153260632363
80.95119873850972
288.6221689204467
216.0653694824915
295.6436798331051
307.27932606594106
189.470601510153
75.85757574919619
356.67315366590987
131.26829564960406
263.4701454112747
189.19785934010508
189.59680044331003
18.8995635271435
261.64827140029905
106.94139254216205
173.66766494715347
21.593171027941583
55.31018823726126
320.91177889077596
99.24884737937774
153.70896109647018
264.320595975449
2.3079125554987723
289.5944498218096
26.227050861628584
243.05300048710333
284.2106271560309
108.51647208556128
26.520855027101238
163.03133510996065
308.90315152959465
257.04434849682457
3.5501015897299837
279.76496780434195
190.75875994511796
176.28540018580784
218.46523738509768
321.00501783546554
326.7375529752007
189.04601838835723
132.52875615681555
4.626207970396554
119.07392096863633
249.374930686365
147.4230816716682
226.5652342852906
38.524977530596686
287.0414822831705
87.4285633819332
212.72308953340988
131.5892857864111
13.06350442704542
298.61933751555057
143.4654479763285
121.39451938494301
12.750741552122822
297.13886992302025
315.33149808614803
129.49149316175252
114.33153086566995
206.7808641539361
161.7887230371432
154.58123609020362
224.08188825184902
25.515586450268234
213.3469960268546
64.24074276841152
302.9777655452532
291.265520117287
217.0725155689682
267.00219592579515
165.2428133334918
59.14824806771877
276.5183072922164
34.679329216220374
105.76546219716914
255.56881026471729
55.314786955724166
38.62401228682651
11.210856281676982
238.95762864323297
251.14021656995007
248.6347208460283
178.75455696114392
172.61408496193894
11.517778746553953
79.52811637416968
316.71660873758043
162.0302290566812
168.8621830519273
197.92359349305718
52.976148908448145
27.23274887483265
319.4255754987592
280.58005299221486
249.8981289163825
310.095751505001
299.26895940102185
85.66295717358615
318.60553166692733
57.24067533632164
0.11181398010053023
339.60901049941407
180.78180887725756
231.0539683868657
158.8894221152812
74.79467055910195
102.7899571857629
4.517028949751252
67.07367316497192
337.0038992217665
244.74616486723926
209.95709522340442
279.2898583650542
216.72959116339388
226.28749640917212
157.49179162818606
35.488543656546376
304.63211695470636
271.1247740216452
355.85402517574335
86.90800399957308
49.01758368708716
194.07313766380412
316.4482242371268
213.28949755835922
341.9873668255165
77.10464105344842
120.90259630661637
97.28402147223262
180.94965858497395
305.06845266032366
103.0465456290136
21.715852821273852
43.4727063748659
297.0761887099788
278.1561874560088
156.3447365209466
355.99854644911574
96.15102187591029
165.47501027504634
322.99510061079206
50.725142167620774
47.591206591313245
114.43090239097847
311.3973089417782
90.00380592949057
265.59990362061194
320.6347011514064
182.81242266542898
353.88790319397583
58.08491724002112
324.6595334934669
184.4886589744342
154.0078861201459
191.1334217027594
124.76428614063484
185.22407523774126
135.73678515511642
187.51848068557862
224.13861560821618
10.786854142118912
20.6492867301841
167.69542993255797
253.9109178125933
27.67083708442963
82.56671766992044
137.09813658625333
305.0747961833213
114.64071637352929
163.0191109037178
300.14638470545157
285.6536026298225
173.74781687256723
255.74484725517794
19.227302469563774
13.836738448218009
5.973883753787712
184.88721033451145
316.01548851052615
83.48527576811406
151.38690598127295
27.836365899898766
52.847738701218006
155.3189044610416
169.6696484229005
51.204284594671265
333.4700719908001
195.25978153328822
214.10797090020452
197.20932712421495
185.32624084071378
340.8233569860955
350.6027003623869
257.78601362369454
189.65850690496538
7.110062620216948
212.99528309870306
285.02479467843466
171.0429029582788
345.8658599781397
106.97416027947422
109.08565235246597
64.58297050334176
44.243803792639206
57.05517059639389
308.51834314940817
6.837340151690081
294.3126231643315
294.6060125540411
202.96119591281115
185.6581632307692
140.02274471690995
109.61132205385037
214.4794943463631
354.4690291726387
75.25377469927112
274.851334868749
191.34347198755069
8.112361960005195
44.731963854618996
318.3939770595637
326.8350202204731
150.24811516804417
289.01995834595556
128.77644353417125
255.71131434921972
236.38697772358
135.44530254966853
206.97913034220684
132.24255403323917
211.99283003493886
268.7482223065733
330.2712787097163
66.28015536693243
341.69094918570437
338.3932768122979
145.23414719918506
17.60071143105774
143.4698301611919
333.9034861853729
60.7442960536505
243.81021566943676
160.8661059534655
145.2396808043623
86.42594737476108
223.38194051770725
46.47371975009906
42.16181489834531
118.05802538826701
272.94060460395923
211.7198624732049
174.67308200685753
328.64806616584957
6.694401823860394
280.70196289495516
136.06175114323696
262.36164606198554
225.95552308992947
129.98142220886717
60.71958641758415
308.2227473065594
97.97905703221882
161.58144255501023
130.83001302869383
11.476736912220527
65.88885300288472
123.03779652182475
139.18297451820956
162.73448101573095
105.24836123469274
176.2029795694941
139.7876877766477
108.49255855742967
107.87338101403382
345.60582063117545
93.61853539664885
171.35104251681244
249.77255787221844
147.5199545261237
143.74326296546312
174.22702323997134
187.64089005880996
32.496484485063846
52.24691165853689
110.08846855420414
347.1201186551318
266.967359031823
80.77879520712301
27.209653621793244
216.07941195744363
113.62778506190419
357.2140491615272
289.6760352620419
197.45836784782634
125.65752380822042
262.8352600007715
3.8427152588804336
208.75380194124352
166.4423616056665
277.6036419902514
13.677666862921036
239.0205891345929
324.3087723755939
275.5036106436581
21.39690194054613
129.2959956628406
90.88619809816488
347.60824448973676
84.52590560775708
328.6459897264972
172.06314850609326
7.427555073084431
96.49768083543219
335.57111749071066
62.10453913752241
141.26532544012744
235.12473027720847
3.298516836573082
194.3496673755869
65.72443099890205
81.75862566833126
267.52572288216993
326.0114188607392
305.1645515254955
93.67746362642532
66.47107552677377
259.9491447176473
3.8304000946739825
73.21800848444751
305.62443214805484
332.88894103291045
120.53243302250794
139.39605877575897
33.38114573616815
67.416970760542
78.17622627206224
151.2348092460402
298.7811498903847
34.172583877197795
316.1007556543975
276.74795396722595
98.86419997232834
181.0200468654952
100.09981320899968
7.5004594156196
230.69124812562367
137.578799196343
63.16487520961255
225.8967722783149
181.871136734326
96.34410949000858
199.40188149119604
180.82260483446393
303.47077058217985
5.731176677617231
214.23825863745913
256.9931603190825
210.47591925477116
345.72773181415
125.95089884672976
234.3370458002947
327.5091139688205
253.4413168681717
96.70943136859071
165.97191644030224
141.2997714219714
263.67924642906144
285.7436304222302
96.80415306392386
196.4412571136866
268.8008365985972
102.9076099665058
239.5117695338387
97.25807487209083
42.43279627711577
237.82745208470052
80.64601689044436
76.14595890186727
53.240588650850526
87.98333810824198
126.81395627080154
17.536332523433042
317.7998082049448
188.4907802864416
219.38058230722356
106.67596104250103
25.713441664294045
237.0102252924215
265.85594444760625
103.70132913168142
175.47216873841148
309.12777488817153
17.108971357882456
226.0267211995154
86.15683350424754
352.71422697224375
161.7764744253781
195.85380854066824
317.9332167327456
354.18363897350207
152.7123071753269
94.64962936849301
43.39139312482834
85.23648772751761
145.04818318434613
262.72896182225566
222.13300685050024
345.58673910509293
211.41426483289533
269.61620889389434
2.6117931885072743
195.3362532285543
7.094146593413719
319.6508126277159
168.08388610090574
300.07374935623784
286.36555918053733
107.33940253062067
117.62620089379888
352.43991820356763
241.00441397971247
338.2469521945253
28.532807888980344
305.81415790319267
342.9066938668214
203.75820622754532
283.00045976921575
218.9424881746351
185.0089859333138
81.82972910642279
119.86649286319751
184.74032073653532
328.1651683426409
350.89203266894367
71.26331355851482
222.16778234814188
56.36332820736759
330.3502255512425
144.40579395484542
226.9893342216423
138.64339462777332
278.6708231704294
30.328973934534584
305.393545454192
273.3027734071095
208.83119222959468
264.2454634107753
253.86295129970813
88.45360914905898
100.94740530031453
146.29313663655591
79.3477932386978
192.72198647648517
183.18526024786144
156.79555314885053
115.71189084345198
90.8559804693837
354.5981335984647
6.758852374637301
285.5825138050807
281.23581617153366
217.32469602589615
272.1807508439455
141.15057452209962
175.7562491782022
170.61824907275974
249.84839196457514
173.13117020869979
307.2776790249796
315.4688324804706
242.65388039159518
144.00886867755008
15.81898542779955
126.11801898511169
294.057407430787
239.85604871687838
271.89188650407385
323.55557394310165
284.17979673750375
4.426669765056994
263.85293181426863
216.12611674703146
34.10764387575749
79.89187399776552
85.87598408207046
273.6631000266729
0.3459385887282007
250.49804228857678
314.12449294752037
34.10627393239758
317.9544260692819
248.59180270612728
210.92947805666265
125.34813103076732
248.75580922788106
76.87070218655909
150.25571870989893
60.09365081637323
350.1051504162671
226.38215503849733
172.4651502640074
7.8068935111709115
140.06161407745196
46.707509000779595
352.36304907781243
165.35699231684129
336.4051376845666
132.93205741658952
221.73924264434564
356.7651083703276
49.79227427361916
253.41584829688725
186.09295024702152
172.4930291583496
135.44691353685852
253.04429418059397
354.95667693913083
350.0032500647757
13.133160231640183
288.5515059784588
266.21084672865555
199.85914553738272
251.75938221861333
85.673603142067
347.0077121750781
335.42330004461286
242.813681313712
252.3029454675325
177.399492567645
49.25074896907067
75.93296849278785
157.4786404583935
227.49214352424002
355.56323497439143
160.259062170345
332.9625169737695
244.92308710890512
225.72947892913945
246.83705638063216
212.31391136933874
356.6873244961144
282.4655399057181
340.1625411078754
171.7906788043834
177.81331333167665
68.50856927180759
261.085990236085
78.06786811778686
349.1163440386578
326.80598426875036
338.63417353166386
39.67956413572856
357.2336873258392
81.80158418591309
184.9098138272321
242.2534903706473
142.37255199131246
55.188840882292595
225.0826233391008
182.02206171158417
112.67824940910617
164.54077025033155
293.58609073636336
337.7574931356362
118.85660085216853
259.51497628652646
47.98607434999538
178.19281094425105
18.66114907366708
287.87130067735944
113.5889737054767
310.15455527397506
158.08245211222834
232.32880752565552
194.70850249139042
252.0471323620019
214.55302819736286
179.32764089407792
232.61185819213762
127.99265727832594
107.20836759739782
12.050620739723467
295.51771709190905
79.84440384957156
160.22075202575016
62.598298139326204
252.61974752940623
107.45591336937686
287.4493474822158
332.00034057020224
171.9612322946709
92.00189557860139
290.126555974891
271.7852030017631
31.087721281130882
52.8111072798029
24.02708101350072
297.1190445729332
299.75630452424065
275.08552311275224
358.5429244090389
169.06395607234617
285.58165296178333
184.04410488450495
197.31380991711853
102.29454499520173
66.35042500441293
210.44355035986376
158.53945451548017
124.6512064121711
166.8374641059827
73.09251666060081
62.8262536745293
356.1971309448524
113.30840746103841
215.88973672459224
107.39793291780383
327.98545133538863
295.4952030139603
180.08078581828022
277.72588667174756
104.53190327879432
23.682459248428355
306.84193062960424
1.1118593743958494
9.02737132222915
47.64408227220019
230.963954386592
41.48182101352605
56.613814014267774
344.52134116482523
263.3225742544601
90.62676590283682
18.58614781218375
284.33487334607617
287.9863877014277
108.35253940784344
329.17170043314314
24.674990784431913
219.22720480874375
82.47741815550282
286.57784818807215
130.21581648360103
14.361680075469536
119.34272386687945
111.28763757713577
238.05078699113034
200.26733940451118
36.47831980669221
327.1221942728053
256.44826451910546
4.58000332190458
31.29141121851252
264.37770886736763
92.47771520639455
6.993847620077935
23.123609458786962
249.38398372199453
13.058473625818618
141.74916114480845
30.74777750091308
241.12058023696682
54.33469414500815
209.30721759567996
173.35277350998024
183.0653813924822
325.88154771165506
113.37553328393807
250.29075809438612
237.24008211628703
209.0993530953906
68.86083316407381
323.338251080034
77.45530983680956
243.25401119798806
106.99130921949741
254.94875470106496
140.04803177352514
7.973383765482787
175.76359543696768
346.95129274579057
122.94226597426696
307.6111429395378
157.03405853195582
156.37570308183518
247.65356204112527
120.74091394132745
35.98809486324577
198.56229670439842
333.8967313977349
97.14532876622326
304.3850511335277
262.43972852121004
182.74518624853846
265.01593312198
15.890626946742664
218.8318687809877
81.82950604917015
52.681691468931156
219.97251662347082
219.88067634058027
74.85189489602676
292.03519860242255
220.24923349964934
186.14885403863744
257.7320817609729
154.9273281296934
273.84605481813645
137.69267201091736
254.98950047903455
19.152788960774842
130.22608675918818
6.3715622674887795
32.50551145991446
347.2502231813866
1.1285556870961333
148.8881403424307
116.59848576468094
229.19254298463702
37.66045993444641
343.52849680165315
74.38380738238187
129.14427170359698
86.25175759779891
358.2993015095967
126.6795692476874
146.81467169226215
2.0984378962547723
144.13482771623316
52.25826777122834
235.53658594591514
36.881729680440316
334.0735975289437
261.0333476934457
112.05282171652864
66.96580737825978
337.7807713316095
303.80896120424484
47.09329159753832
8.940624474427384
270.5191769185788
107.51011952497109
261.17769263498946
161.29015970267002
46.64824314113459
357.3494863925954
306.68015040919437
214.13081768895285
279.95675972859823
211.17625700807207
155.04370377289737
3.3786051656897875
166.61198095810397
46.291469951415685
287.134223732892
71.3677034550014
121.23404554008609
5.303319504380242
65.0747138207504
132.857322532961
112.58136324106887
45.13491193428952
245.50275533517961
73.52753280441199
322.5590483126501
2.0861818692552525
37.04516809385044
247.4791362499317
250.73922936392952
185.8905975527836
288.90568921509396
70.91634112996995
346.30844289413653
166.99636221758135
142.81297450062033
111.10543869478848
310.3339133788281
123.84098259795523
187.1778747186562
2.866392595289149
333.467309754683
170.67696529154915
20.160222872897595
109.26864739666149
357.6807202542195
171.54566637886174
77.44738809214248
198.8662489392651
95.35651028024769
102.28523521659778
210.89802458506915
58.72152795778505
205.02918219996278
209.99768535140072
295.80608445679417
260.63084504630496
270.303792191407
318.1892384857635
337.3919223913921
7.379527004768485
56.95223554891294
75.83707116421806
101.22868328336982
306.517713595834
212.91513369009112
269.9247433782535
47.66376385247553
11.062459318705638
246.91366921790208
233.52763539190295
186.896718608136
169.69567947147615
233.602342751569
205.31859939355985
109.2266411661824
283.4417444312498
166.66999326421646
191.4035078306863
284.0833968944233
151.4721903832901
56.02327264285557
6.684884072609423
41.80889001566052
325.59949123882745
181.16303832732243
130.49146304650438
173.75585203167682
181.18566070984662
210.09090880145658
320.0000430032027
289.12354908408463
51.6055856889843
331.55960881553483
145.01544671565716
271.05087524484543
84.06898696690267
208.2075299052908
58.96330915670015
99.83947401449512
256.5191632395148
159.09421899543355
223.4894249608212
197.78044579128758
148.49044293029053
42.38023313642331
297.8486085777473
17.910354578402146
223.22059700448847
112.3714306449802
229.30489580300159
328.12330919720773
193.9783569007957
109.87403988049309
177.05419297644258
332.4178851579289
74.4803323258532
50.78383483918546
309.7192637162455
222.65881894023045
111.43566916807409
165.058847724589
55.25633767298074
247.08535608062658
86.67078719762493
166.7020382789477
92.1513547148942
195.8993178344253
256.95071047057473
145.10652814393643
232.07323010918964
99.61789177185406
71.52752321752192
19.092876439916818
156.6903024644949
112.47731525752569
170.61040411466925
47.19428285423406
215.14542224570926
51.025622039316715
222.36607010780142
101.22206643050806
3.724069435104962
37.1437177011908
301.7221654947295
84.87067891940981
355.53897474143986
275.0860205012853
231.16048241633442
15.097615713236138
145.59383090589978
253.7332641779027
351.8507580037439
281.24051582476983
205.37765282296343
208.10157040926578
52.89000875746668
15.310191531866305
201.1805153441169
58.25362513102368
177.07630129215255
186.6247380752162
281.6103634313721
269.1092252288249
23.56005144543506
174.92671623658214
82.3297048273665
221.254147402438
280.87979010622456
218.35174769418225
329.8200782192214
190.6976552501743
288.30372446024444
156.0934335828014
291.0211487992045
64.63076023069259
99.06218823541711
90.33631677191718
231.98052049793756
70.58873954559134
305.9702010098194
138.0046977847952
316.18920479756986
348.0230597027777
288.10361941478845
330.1023069172726
72.06690094153332
264.13940451584904
6.606134488454245
304.8937169886965
329.1003548398291
209.96000884840092
198.36862047017135
10.905537918700201
283.4268165322114
287.92019055867144
308.23639505734695
346.7015646368601
306.19414597274755
258.91038077046517
163.56387931044551
116.61292932013409
11.817723617533211
234.52666151243224
69.35038687177847
155.0806072396815
158.29372244659373
239.39424520794404
327.85468859330814
86.99434573036451
198.01714516228583
8.78001426823188
323.500153312004
107.38870225997142
215.09225778856018
308.311730531017
62.04629895227873
21.08319178751506
333.9118916364827
65.47309171646829
92.41658083997248
141.33036022354665
63.821510561097476
286.64537497570285
310.2365018530705
226.26213127084011
255.9725012201845
218.81804108604848
204.0498900634777
152.90108260405677
311.0087611183729
341.6921515963579
138.34561792043831
330.73023109131213
70.01922436412879
23.751925448508867
311.94071121881063
20.291233210456383
46.228382650749936
164.98166581569959
85.93022348584314
267.00755328383366
31.185750340228214
359.2564097457845
322.3279836154896
166.40561439200815
156.75427969061866
281.0365322666601
172.68674559949145
124.13374517798275
132.98691230802757
173.84796590655563
245.3998877412394
62.6549850898199
52.01942859401022
212.13131983516206
301.0513360411495
276.2166320946628
329.3966999594221
83.39465671910466
137.09412199043973
86.67584493571539
286.7888899639853
194.20632640797604
86.30211970457441
44.98719376639852
243.84270093273955
121.41585451271344
87.85375148967648
356.6346597366343
261.9523370933897
269.09228523838783
275.5701661991547
84.01711926548806
189.02338857138474
272.02112865912085
304.74486319955577
334.772844498734
71.84253208377415
28.202476328348748
87.16539001417114
82.25525994694638
11.45431016292556
265.64453724666475
343.3422467197871
202.84864982509043
176.98592514631324
212.84828841344466
11.623644940792337
34.53908667755267
284.64963346695345
247.73058107850898
235.78947713377178
62.13237781173846
231.19160221142647
266.3346003432083
265.88127442360394
96.737591557341
24.845108349805702
60.528058029788944
231.43950398471804
300.6109525765452
281.8848877811785
62.991185693441224
301.983316481561
253.1817430870582
313.16883427925853
8.148083961703332
276.4820449354552
80.05831177879053
92.59181474011528
89.2964316190078
181.73171338306042
34.03876600875859
258.1660219255189
305.04252627401263
88.9640947340632
345.62769522592055
346.4807385543153
202.24953018621628
38.679625473288596
50.28657203199035
262.5840135578015
98.05910824734465
55.609738066921295
210.6222459633765
219.86731562093914
60.14753243498093
58.878271758185065
3.944491973337607
288.3237531650262
282.22939538805093
26.84547767955676
139.09995971082915
304.5890883293393
90.92335635465571
261.7824100542222
161.2166435683998
343.46412387583786
20.44595679573145
16.437451419320933
238.96947046036584
148.15602802425516
153.20117925686932
172.72077470219054
46.20410962385369
65.26516389847957
7.1849476348879415
62.146677160629466
68.23276442634834
290.58310408856954
335.2252601316979
8.337705353594554
82.84223662879819
123.05660806001875
46.43033867559894
193.80860538947877
327.0310875391409
46.811297391376556
146.81861442387802
46.412201679370064
122.71929554825316
334.91794050904525
203.9560523957215
105.24327665830708
58.150388117865106
13.623247018242859
9.527718243639347
341.460720658007
46.43267276093447
282.0561615803198
124.1222772070653
16.402232259670797
348.64242848613924
9.959725906064714
40.10945255434609
157.52982522896502
156.1390179365981
14.787575084896854
191.34216297165594
342.15857993595586
55.217888390495474
169.54328718531545
212.5166440595308
179.58512703228953
246.95439075125222
334.02981779966393
26.37522569692164
34.146301282787235
126.06770932041995
34.71527953429576
313.5383570051212
214.90260251601606
294.860803731231
62.21046155970353
337.6035867918589
32.05512487929599
61.768871161468184
310.3925009285375
357.251204106545
305.86859370402976
28.77533991708846
47.49823538383141
197.44745792149112
350.7873012483437
27.930944157715892
147.04968640776463
53.43801052451822
305.5948223514053
144.4381541254087
335.26338847355964
264.0759566085398
299.8823274123361
262.2395512886078
191.63418775645943
335.12990329794343
257.7545061565461
87.77552845286412
70.67322810479266
238.56966093741397
261.61608321155006
308.55310817634654
135.31898975846636
320.42829695038307
52.04599963446383
25.394304211663034
66.32917354449897
177.6910072849006
304.1804727481577
340.70901049760124
97.0003806885465
93.76284499632614
156.69004027389036
309.8639065382706
138.85159336385382
252.41886701301755
356.3499231523023
88.69553140952623
151.44647266328582
341.74172345756057
279.36701453593486
117.4421846228122
328.31860366534346
112.40356429874434
280.04091181747293
329.8457464853643
321.00286537438967
48.75036707784151
98.0003806433688
265.90142059370226
84.46515092171636
186.49852887901426
67.17085552606707
117.70957432604112
199.7617158819923
27.45512895231991
172.79250983233752
190.11062003433784
33.54859181298957
139.52482174580203
117.2225192013442
291.26044077986336
349.1003872916066
349.3677991874984
160.91927345242016
23.03041302652018
229.78702670416905
235.4249126421125
201.92026966003326
137.09251814406798
133.4959953187343
350.6276008296759
185.28951688743248
99.77683694777298
45.27662328977508
286.9617891433727
133.4243884281846
87.26502850487284
75.5221355353302
258.15654771567574
138.77577718719212
12.410171666890907
262.2942219165468
322.11975203515175
202.44970730372324
25.44973693336083
338.9338769499559
331.344704699758
75.32237733601464
153.10515469127597
101.89141351286507
347.3631135643705
262.7147941393389
144.0379278925905
358.7475166103306
344.421414618514
249.33728355245898
133.35878714352955
12.686400411731027
277.90907549086427
28.127982033468438
224.86308981499843
47.22108700279661
164.66887419731293
174.77384513504512
76.89196960796106
253.7598444068827
115.17101156308684
359.1164077121992
146.1956038876958
214.64209752636398
111.63416349323288
125.30877910858186
73.90126723737824
155.56094527366383
181.52838038284912
4.5044729892542135
188.6656110427529
293.82859569316685
232.49614594676325
307.0225325968726
14.316981470013165
152.73011234455862
232.5795871601951
355.3477314721385
162.77036660111867
187.24987644708077
238.74332486174902
224.98838785864595
307.7238626156652
132.74425511207508
317.03398009017315
257.12872437217584
70.62236653783931
185.67303522290555
139.31905461039923
135.176499238868
127.60064334312493
334.2911922415519
224.3992864415611
96.72080781965175
64.59436974480089
197.2417280065785
255.39025943805638
83.07910090846005
347.5346602727345
319.27926665737874
210.62064994942156
270.52629437611563
75.51767804272086
335.89324014150685
111.89587309212695
40.46317388631192
67.0678858632263
272.38847564836357
21.827657750025395
110.19519522607692
293.08991901802
328.02019763718664
111.03147133274237
61.65681389882342
194.83046345310933
332.06931899072595
166.34547285246597
192.33077576958058
171.14847081295034
326.2831702466908
262.82600209551384
190.77551078680267
286.61814006538856
226.8957142675847
115.12637723702387
248.58814940708822
200.46598047470596
49.48042228513391
57.96719533452065
301.2946158836714
126.0698212641289
141.1781206926113
80.75801055377202
102.57220002221177
341.7239674703955
97.38099340046975
58.03168874413596
139.37432877421162
345.60145759922614
223.7431857480001
155.20447808323834
349.9410874580248
261.3210042067385
19.427426959537136
108.27619657797396
292.34325187003714
75.25246278801589
203.78611763523472
36.43665316575245
308.12155407285616
122.67157513193489
46.21442750244385
328.1459642936571
213.747013190192
137.10107970017742
307.7021166242643
144.10785580792037
212.0422947179172
55.651910457310656
162.6495637625271
324.6568013729688
326.3679548210891
232.90480041724692
80.80299051550735
334.4312460838975
322.29165382022006
116.84906505535746
11.702408675551283
83.80682507552146
194.62237403314518
262.62210354728376
87.82535971994102
74.4150308914262
142.10587704442256
123.26942323678142
327.6482838373515
325.174279895149
327.7414084056407
161.47184305377127
36.13650475204956
65.61197020180283
309.59419462810075
272.16296701840446
207.712895227433
194.8576700833044
145.1418132205595
293.1864632663964
275.54432869611503
357.53913384224484
101.60696118187663
309.6195395465045
101.02408934854144
341.91435811415954
205.39304165980866
207.11527509105792
38.6175062160878
160.92447809830324
135.65311027343833
140.5932347573433
323.777008553088
73.45400861276642
330.18668026531543
136.83415852358652
275.42214951244137
340.93617976374446
146.27317272676206
183.01137292723595
119.51881301563651
53.54303866760329
104.71456704792293
347.91777896303125
306.5812478686715
300.5512566924132
162.27412500219944
218.62413150310164
213.4593795505777
141.0763709003852
45.86194242978098
12.530711933294668
288.5630958558568
134.21953854332253
181.23230317769514
263.25115943760886
19.714056221301547
51.77269044759805
19.621689503044266
258.49365222186793
335.10495342689484
301.9792780568818
7.670597934826779
229.08142949227746
190.38479442709442
179.44953173093523
219.1360808447994
290.48092233644564
188.67825757498323
164.18072672778243
291.3162921337553
281.6825413976614
45.385954673002175
1.7343452091239753
24.77218224834771
51.005652089428544
185.90157246157037
46.97382841979206
131.84560885928335
284.3757812959473
31.920987009480868
225.36791558587348
237.63721527577903
298.8487717914507
30.80749308219322
78.71636283460518
26.52143076384136
52.63310475753889
12.516177740924
156.2562521621343
227.94011214044176
72.58808625778804
259.86987981226764
287.4586950622087
307.1302666362279
71.15239439451483
110.51783773347435
229.42730939635413
349.60550313343776
236.88372499469887
212.69754502393243
59.66147117153827
62.62481605135336
256.2671513159052
131.95911587458215
284.04872005172786
262.5463996070457
299.17615798549105
92.30072888287758
190.30249385294476
193.87832336480113
196.34694194337283
152.7026547643855
98.66280511681181
94.00179931815754
254.4531287697561
28.83652574939344
44.52894909207943
296.95703703873835
72.8447621144541
269.7654197128711
151.79515284906816
300.3455388354381
225.74157353615993
310.739638525706
81.01133322170413
41.31695751636337
114.64770704717209
125.73185643208356
303.09295334364987
140.77251520714114
117.98099325721721
197.14456068302832
277.1553076574249
319.3311547627053
128.38703667353178
345.1617111795504
300.1493836592
164.26865255526357
152.93436636190216
15.505565992601085
206.3276670491051
253.55390574418686
17.364006140247994
191.89875189067052
346.170254042857
161.27078675494144
2.792916088609796
178.3206942070516
127.25272593801773
278.12789273163185
131.74766095478506
246.1865550770649
53.63922906170325
321.42273925861923
90.13100508674172
202.8659651948471
15.735424986481693
0.7407529322634288
22.70084587565315
270.4977338212979
319.137804678549
108.8338578300466
71.86732925235277
187.84610901590506
38.8672446111098
161.5371157292225
23.09068335142971
162.98274214066865
144.4763148461541
256.2462013703187
54.888750421358246
90.86807930985498
301.8713960655826
95.39253336914072
87.43981084058632
107.4445961817623
319.29225862834886
49.51672974949404
100.99294795236483
160.64351142118878
307.7433000200138
193.9554708805959
133.7745335748555
78.74571457368755
50.272127544841055
163.8206141351985
148.80621541158013
207.82650260336536
99.84285755153907
233.86355453389032
100.02624915344333
32.55313525321094
72.15302146596187
162.98204214279443
50.33253142989217
168.3928354929712
107.5944779956397
7.540440426238715
177.64232467070372
38.32835668726586
305.66033199587054
23.33871108258519
229.7902711777096
183.4669819628656
45.451440992476975
142.9794729985058
335.0626727940102
64.46804739500313
17.53767169990124
13.546230742719786
322.3927921338053
309.5031238804022
185.28050085136033
8.92044947002784
133.71836038035548
294.5019441145045
247.82534152561752
191.72872286058367
80.72907015691341
62.72642863792114
132.32327033448777
131.8256358577769
289.2083968066802
63.25402426599314
79.5436408370806
151.38190577656619
86.40068659154937
251.74075965521328
44.89047705550574
81.06140152837314
320.31096318281857
71.87340984932271
15.937132703893685
97.43481463032994
254.57145238737124
282.209260886828
327.9453372332431
148.6916474535037
38.48546833866494
30.641085745370418
260.4362144620813
103.87649119102663
329.08583317089216
47.513831919176106
240.73242699253115
120.28932269760898
120.5214594022629
168.4587956818
144.49229126078825
254.35389292331845
175.81250684641665
129.2999407369253
268.60811624446103
43.17221235502302
336.99082918681216
17.926239065954363
358.4426370731642
137.14715421497232
291.8692471693086
241.81285779886664
239.22900702879693
68.46935315623581
219.15947963153627
214.91302045824236
10.561356220406694
215.9286398047271
158.38541927091092
263.9317450917035
13.254454761941723
133.4242036340745
197.01470380640095
181.5313166384477
69.45261303580807
127.71188310306573
74.45832081135961
12.807670390895606
309.71954185353053
340.3409331160989
251.06451278085342
131.41585519540095
354.9423683741922
209.39673947402204
319.9595984132236
123.01187579086039
236.2346974700363
98.57999666714302
50.56526374388697
86.21708644396442
12.624970301591523
44.316951776806924
224.8480508362736
5.100609450264213
64.16823903114651
306.0092824642372
320.8336574252689
202.21415064639785
337.2206847846365
150.19643409550181
172.64498149108638
107.50267527112045
238.96805872159555
336.3170604186492
232.29954971813476
315.95360012611474
259.90060759182245
59.92050045990298
295.72846807817757
315.63595849545675
305.7787225575843
48.59306412483272
93.95566969266713
307.82033072940357
104.73503517949992
176.52825060844998
150.10265025956105
92.15925628185317
80.51025088802409
205.58377133627147
3.8606111170009516
92.44684047345415
149.42167408394542
113.83246029572679
147.29841119605567
292.26558273271604
86.51477008567629
177.02837866275678
319.35125136588067
294.8671437724394
55.4498497408388
4.073072860481233
211.06167455664308
197.9232425658732
167.02736599923148
174.48149009153482
179.62093532891248
81.32155295730988
282.85702183386064
184.01071197629537
216.48547020984896
324.97088313448955
313.5273208747716
234.02895333605258
123.3195808811454
223.61861524791465
214.73382878454197
160.86635253398694
19.242207462381472
46.97284849318788
280.17600262685363
133.30292530554718
173.83207303212419
125.96037129555316
46.63389070102065
9.513427420796926
212.57219908443034
49.74096743031318
44.487708867061926
199.20260338141608
334.89108454068406
313.1373173318874
266.0447301904944
242.3286546669392
159.684829389306
280.42916621945
24.389629964117017
172.72667428931385
89.1805908698974
8.999169987093044
197.07584991618526
243.10776348283392
19.228594679245315
345.10705142117683
51.82720940350742
227.32391457070395
62.58646671488049
44.10782922422455
55.52047382510233
126.45243852631802
251.48614915078852
38.718727424342255
153.07122933548078
47.168061498036195
106.75018253243155
181.47867332138998
249.44697751637113
174.03472261396067
102.95083401699173
301.33316303701616
155.88273596461244
241.7632409157836
22.582039267180527
199.3164928358125
30.4764100702654
9.145049694282687
256.9406539607124
304.5922779390846
273.69217826733995
23.286245195094182
237.3901179535528
119.65232890961691
210.90229642246
120.93030118292091
167.9062296382031
142.2630391667601
226.94888810172733
283.07185927139403
198.28119195138746
101.7873860587576
351.808926802382
159.72799042231085
127.0887734957309
328.7998376827097
311.79733688665453
53.64750917723491
254.4898723718282
249.45041086875045
357.34449666376463
34.9029013107041
197.18443791045277
199.8233252315041
356.2361654864543
352.72347127285707
291.29221031144596
310.5745753103833
300.3052365710562
216.59245484226108
123.67126799068676
278.4220271316414
153.9164788045817
335.54488171804365
348.1600505910924
58.60039289172704
314.1868445078177
252.7669498950316
100.45496588973242
81.18296753023975
15.735500964070951
292.0118675362171
263.8123096554728
154.2105910246347
316.85944321923915
3.011078072387896
197.48979821011244
207.85756108084442
169.3818867771079
194.97392884378397
160.8195393851619
136.4035295128574
141.02236164386514
260.43279724391533
308.0308399413446
8.568935150799932
346.9889919115662
236.1049230999776
72.41789851508018
1.8111395019360765
16.594879898178874
243.10597163795177
43.17378190196464
212.46710013338392
271.0522338420858
155.76485336984905
344.188912186618
41.16776090348621
0.19931465319728225
326.45287654282663
251.33863192156804
191.73808637359795
38.7669130487676
23.254760493683932
213.2611332807974
171.83613426597992
276.89262996427976
117.97296742236354
10.353480407203058
144.87327484597424
214.9426989707054
173.87083800701615
337.69009410628547
95.29678294756579
29.302840422732842
65.72405710024977
309.79464175441905
213.10536464058262
93.65097046942572
259.16423868368463
18.67269159394941
258.50692622804286
219.32639437262304
121.96216402617836
171.23935565834825
153.91697640783113
238.76138428862436
336.81259766878765
108.25228460119736
88.03543011863918
237.54293548962175
233.34634425753296
204.08738392500533
45.52826776301946
23.523794210044958
176.50964719666592
5.170810092543983
135.87974070545457
65.50351513030684
319.1146709277875
244.60765196946616
66.26991117061897
59.35189170967935
248.27921339946164
271.52407073582214
105.8712880097531
246.04863497328097
8.637708704108507
135.86629474099192
2.7474374821853687
53.96469349634372
29.619651018511455
172.876551642451
299.5754795445524
326.8123023311025
299.75562822986956
196.1922589439676
310.7034324405385
9.042233325765633
157.8852398763051
54.4918785580465
70.59255429176436
132.06841059916204
29.305283914682782
173.8367435106602
162.48366174375778
157.5516505274616
284.310515772788
196.3353530158452
286.1656496315187
28.075608445037904
297.2434885805564
255.4827884449984
245.01352883314846
170.8999441246418
56.084014066186725
119.50461506842088
325.002129324576
37.07694606458308
195.77271981388458
226.26118402280818
162.19098123186288
56.0696037598855
302.87753003037676
246.74482887703053
30.214651143285348
265.11062572302586
44.87552640059582
168.928938048063
185.6021757210159
212.89345872646751
154.23722136305798
349.70457320230855
206.28801420536544
158.7879705637514
345.66385091870376
59.866685045096034
267.46617643031095
11.624905356106577
304.2427508140734
105.5887435627501
18.978229737247933
316.19496304292755
232.9496039208108
29.551073920655945
119.71486470177341
100.95976018570184
49.840764803835995
335.86460250714896
187.04988482556146
227.0735447567029
18.44257971698625
265.1586225819058
293.1144018588344
66.66611104834021
299.2589355054991
349.6773732803278
64.75821337919422
167.438961963916
265.9821806188097
342.95707336203714
320.3343888706435
70.97822307429979
356.9068112988648
224.63150528169933
203.98197872923197
83.78942635510454
10.209004786285142
28.140665319956707
156.87110427698863
72.9109495313951
141.16973793838142
27.593960998443215
114.9135203984026
272.0642546713477
60.08261701691964
69.76545114303134
83.73090803731299
39.65075545235927
141.50212484752421
308.1756930459722
114.2121901667283
106.50681841453864
138.65183388620235
168.44099157087038
85.78023290234215
329.17961890618733
151.22620354692407
7.547567120156837
39.527377079103296
163.58855576551633
300.4836360486817
24.43464894644686
169.6682590184383
74.28817803541092
62.44267869235943
255.247100659659
299.2974511276501
216.1502508878312
238.15703106225038
103.84473502847445
295.2286316723871
128.13423046589514
339.4594160477695
296.6320557639119
16.730806479108864
62.916797864857045
259.22813243074995
290.49869980262486
124.26645467939431
301.50287006265
237.14443107674347
323.6373607712501
76.8753205690674
168.54183415602563
245.0726736213525
81.23274785374424
320.63672352073945
151.9246063548488
200.60949682122924
151.49140172493497
255.68237506456973
259.3383562137467
193.01218788311482
112.20900198142779
25.520562162105108
74.80759335321324
212.63047650058525
54.048171542624544
219.97185962306224
229.8516404559823
273.13014504280494
213.92653893030376
341.80544107007506
256.7402674854059
345.2108041058699
80.39122423971867
237.20417302097317
245.43067611335255
221.1843056086967
82.5824893370303
351.47567330259307
181.12067962292124
141.69428547771804
25.365994441769914
43.96573645720048
255.95442509911578
139.02148411669774
105.4395187187276
359.91937960192183
26.26868413245479
25.833377604006355
156.69653950696176
172.07403628701283
305.86906445892873
183.90097400287976
327.85590574473144
151.05824887019259
346.1773584381407
104.21937343551342
11.342956039808762
41.20859029223263
235.69256141744614
318.13303783128947
319.6344407390746
287.2062554517857
114.05976506566564
98.48063118031281
223.7558419355332
176.97405590888238
340.14274998971166
300.43840670707107
268.34644916847924
177.5636622848422
138.84742697243973
273.6550795738482
198.68396722337633
163.30165725923308
318.0452189412633
190.43538850503717
117.2871496522226
49.25253303695246
234.7966469102963
79.14334997993949
11.191361233549046
228.0953076597674
59.17720956920486
287.66055288360116
135.71860565110478
4.799972316754815
214.35908185803498
308.64866221351815
246.54018588617345
51.028596405370095
143.20382504153983
236.52943982829274
279.056536698271
239.97539486054964
104.4726523083111
275.50983908022204
62.59556775820381
352.39883679325317
15.862730991554965
358.6433911230116
106.65722418923606
105.88801328136314
116.42910356886796
309.8336006635288
327.4086380272723
311.9446258188763
177.5537215241949
83.84885761592602
34.86076418281778
269.2508908771202
269.47455903689047
173.83243020607796
54.634025368090875
156.53287915518476
49.48922036064472
321.45541310641295
112.9468995481182
74.71766057246225
18.299159983128682
281.77424576434174
9.438144777671411
345.62188036032245
192.56214224003253
143.01868019844994
159.6597456000671
303.198355732604
124.57212375794201
100.9501614366669
87.55436379024476
33.40636961595131
4.087267452949503
198.09444454440958
147.95754231693303
10.060386868538004
102.6785000283355
80.0665642972195
200.14147220662002
96.5510365977469
107.57237491769482
174.37023524430955
175.64383579521302
337.1211126541917
139.81379334338797
221.46773450946787
87.10158239641868
266.4186761323867
20.675461017529027
23.5805914980796
169.53621935309843
202.33808487239864
280.5927933279517
23.595280349287243
51.51374950526491
154.69914861925258
136.50420646136374
4.61225840718229
280.82885722992347
181.103364748316
196.32874593330612
290.09070948863706
17.83958614686229
11.345562121495693
223.41397278861814
85.20557225628296
139.30526729775625
23.04806807121366
69.13926873545196
191.9471910109645
166.55709922123089
23.72376714271409
58.46062220891192
53.65830767560536
264.057255820831
178.26338904176905
331.0351088410113
339.11699312403573
7.878967112646178
295.8814710233213
339.664332426755
341.93819605269715
18.366633564895082
156.84441849612656
248.14809542944988
27.980707367736436
47.21157878586829
136.84330168945974
312.2407296462037
51.610384912032664
266.4056197032135
315.66294475304767
110.25448473331836
321.0845002015234
205.01103425874106
56.837947980531084
153.9555248166881
283.9861415084927
259.4124635795719
76.27550177343845
355.7499931588416
225.55174685008987
43.69233409243334
240.36366069064633
54.75896290393544
85.8988691874727
328.9983651186072
67.87296284915253
52.23269757308931
326.57515686368293
184.24809953447928
154.99843735132472
255.8562890226573
132.51398383867877
95.24197449836669
299.1778023532757
122.85013869319052
242.3957811403548
65.23298390066572
84.86104882692021
283.3705117106263
198.57859293254012
347.2277530411026
233.19546056145165
238.56679319278265
117.17505546413821
246.77002295360734
67.62922270347886
21.753691320691235
319.5174413178179
283.6844893482473
248.725909936574
346.50825314336527
258.1661549714401
272.2352913941515
84.02114958913144
322.1030203993115
153.78128352826795
251.38005683431808
102.54172109374298
254.5382810879582
313.5909406634687
110.27696033754043
38.646694361951
210.5379320747864
147.8539241535911
48.928859571610445
176.13889581698126
142.2250230383456
197.62868922850745
329.8250933861728
321.13442752140827
91.79451137038691
275.32421745076834
233.66807137589223
220.9667090182175
278.35264693503836
18.922916796150496
210.74843442122435
226.44081844621863
273.1934213256855
131.42927579764287
279.2590050743879
126.04280287015051
115.13467008577369
319.0124959339407
282.8144093899826
243.24778886319444
64.13760543024577
294.47506282985876
121.66981076358043
121.85975622804015
259.2851170578612
57.09337919073334
35.60860325778119
269.3548905458334
276.29607749470074
275.54077911334895
201.19577830731305
84.48946644935322
110.10391369727068
307.51707753525466
352.06991562592697
302.9723994245733
159.62991830630435
347.8730579431514
238.17349384468974
213.79146748457657
244.73263997430925
126.43225259173319
148.29778761274633
168.82149088571052
59.416894800136504
237.3764729980615
310.0450799607033
49.63156694567937
0.7369963668108026
293.9756273474616
192.28753988439416
327.9478233096283
289.43077549549264
345.60639421736244
327.4287666068805
80.01691797890967
236.17213062056678
128.41841598383422
164.25027075894155
150.15475095172332
126.43177133968351
106.67061584508035
216.85214312427965
205.05391669503362
97.28714472920491
18.67462502721462
311.1734052323566
197.96238861052416
201.12416766214918
49.445860063231336
327.80414801928936
210.6350490303305
114.02501212172258
91.57740769571613
58.27829825234104
40.99883233486919
130.73757369890365
186.51550237544546
231.7622192642074
295.7610214650621
273.4741471158219
280.3296868455885
70.03098577084654
129.72976129684704
248.38790635218524
41.23473213300509
290.8507878368721
147.40437725679053
171.4279129516411
310.53541883013384
303.36241984600787
147.43264729830614
174.37443003917846
314.3294273094562
23.78734683448533
186.82087628887513
152.2082434088049
10.217609068694426
5.754493218828145
29.321858728443075
24.569079265251087
161.4349220471142
346.77239957530514
61.214880424656165
276.90972601219516
80.22944895642553
300.84795628317096
207.73087202923128
61.05430799151083
342.98100777242917
296.97947879021166
344.66499296335735
170.22027623181165
311.46471978111356
14.228572107527398
252.2579123549175
80.1657380296796
277.82935445015926
176.30151617794303
182.21619140600697
5.974817737349203
245.27380377345327
322.04781359279076
203.78115869828562
283.0958263942075
162.06965254018277
103.00983221006734
261.0447423605432
101.59802569321783
163.49145600367146
55.134172156978195
351.2498700386328
64.21483725567009
324.3806327225974
328.9819369465888
62.60204391708837
281.5925508368417
24.48274967055431
301.2515349170442
330.15763483938287
242.2653357431616
159.36236319667103
50.15446807464376
39.64385330172719
260.228859110024
171.61319024543394
318.1607292630267
311.60397975087534
309.5864436421754
150.24590919964976
167.85744888455798
12.050881525021143
223.59302143773456
170.54953171659687
340.1405550020104
300.85063372357257
4.524194935089292
142.3867411399418
68.6861521625855
285.3472477023131
161.14862329282442
141.79731990096943
310.62455585305975
134.27864851850424
202.18412662459494
78.94805377474452
180.56681440540783
205.82285791053408
186.96908840788953
44.881532453792516
223.60974586445735
333.6526798668192
8.682386460800844
140.18026749164585
192.67244073815993
116.16609128799492
220.7967230654465
20.576573895325048
286.4935291233548
106.59859003212974
354.0516995424414
197.7030055525086
196.84497980978
165.51296284802777
9.084584890803228
307.59174047543274
286.99517585066513
32.20074844716001
348.958284976082
25.195767397198455
218.18004199222355
317.8190518356442
196.17756572726674
60.11862508961291
156.8179510942291
140.6251402164137
120.38613698339537
356.9034711660575
172.43053939907233
232.4604482465544
205.788864937714
242.64646173232467
214.70820278669336
25.674704753925788
171.44475359377296
295.3632652466886
217.8853808169432
300.9698963671444
302.9281273771813
28.45189311222032
21.56774946215382
159.1828990128247
0.4567514522271532
339.75876322848967
119.37948473024045
173.8145301118338
176.43750552897643
338.1692494280446
270.27567323232574
66.15208191935726
244.4814311043848
236.30792236249823
292.0914661560044
201.1212636814232
152.29185299374444
164.84764758621228
342.8758717273392
269.5425776754421
102.43066423330326
22.09096399100673
82.7851236767401
141.25627791640716
77.8193597859624
221.9011571091611
97.78654702156481
243.61904941112067
242.93331473140447
123.72435487883223
96.15099923949998
21.164700737579125
6.998807122994641
100.35830714677545
139.68795038085108
184.76011327061642
252.10445511168928
62.28734178801647
343.9043543680334
202.37681744175242
66.98978166548363
51.81714060684111
314.7446010847136
98.63766616303796
286.37558209489987
85.90712528306577
124.29569319920037
316.5870138510752
216.05200811874357
243.51206567694513
223.81818818928784
232.67203696944108
125.54214920318212
61.40895857841183
229.69011966407228
64.71173712179235
333.01012674288836
141.89880999551633
236.32751027724544
132.66932446671666
71.18462824354322
126.43750686064203
249.87187648384764
283.3327389017401
88.42007736356908
51.16367141802914
137.41154136107974
172.54706662873562
305.6193558208482
133.45557855359422
28.73010921998486
252.43176494301946
297.5934942151141
83.06333576735068
191.05209868536713
136.05454823882886
96.5354062679506
47.026545183401026
21.982339841339712
268.3230282787786
345.6361310508696
204.50153866273257
131.81211208151166
319.394001444603
122.47376054374524
305.7867946637631
73.5917386452638
235.68969712577587
44.65677717892244
59.24871038818549
327.8459250230259
273.648928405109
124.30498298244
170.51426375542655
178.53445637210217
242.63061928666414
333.30285283717166
230.21106596716027
87.83781210727861
115.92579261473627
17.861753228895722
89.69946157536819
49.573386981993636
172.62356517564223
198.77885220514727
218.65515334045006
54.524990225847525
68.11537510907527
92.88234454392489
164.0252149820868
155.69447541191585
177.31119246594912
251.50395925920333
26.79423330133936
237.46127864510902
92.17994289538873
333.42143604753414
201.16129826706532
149.86185763339967
324.01606008039937
72.56512010346985
80.14282863220566
87.6778381451166
140.87261432582991
64.88446541898884
102.28026112728128
53.748159223366606
341.8908757479748
304.1217280040249
76.04541108303783
266.89702373899416
192.79507680267642
302.84175137135236
131.70078096358114
297.09608151818185
120.61022706360708
22.918250356223055
314.78583453918793
93.9558052607781
50.69991546989462
108.77864338135
351.0645611190124
39.3676203388406
265.51009024473694
187.06096185926896
159.6834427856852
221.0948466703218
51.94385043737964
307.9379682253457
29.45331299644179
131.3371187770226
303.0813531107394
276.21516945436207
242.58236097369524
22.769566934956543
329.9980795013796
294.41101739123553
90.85184635176213
244.28441588145378
140.7235579659037
175.3790369741104
1.1399877093510158
149.63947450219752
315.9220158608223
18.633331506002015
230.36360453634032
304.4443490606992
34.66517333169951
2.390338733152917
224.32116736623843
270.3918970575129
258.70666339060494
262.44144270025294
60.58495061695549
260.36887472403464
169.95660825564636
29.322354613837064
212.50408904606388
114.05649782317884
153.39382509425107
156.8470375795834
59.5443131591136
220.85797646362448
326.4422647314725
57.92522783026507
128.60429791147027
135.46673496095488
195.877486538728
347.68450055840884
341.6125807504666
211.11572990580373
194.6177588094003
219.2689147760769
126.62301283702388
16.524523906360955
133.2935993981281
144.28839410342255
42.790921105448184
324.78770158131977
275.2787534527404
217.7440937368358
174.02601003851612
145.9244389052951
8.904368192405423
116.35684905337074
201.7823038572853
339.5359302429258
146.86745593557023
249.57721819877364
254.35932295299165
149.9935660592766
210.38361671725127
94.15729549847582
148.25291628954045
113.80775112866044
334.4232040622167
76.01596083535662
6.508004618600891
157.30335219668072
260.4090824414445
257.2307621960563
179.68984499066147
12.454751832341318
64.0431913211083
21.341376060506615
187.00421087331685
129.70971476216417
198.46822877880467
126.7508719160553
358.2611402640504
338.8580532243816
196.75982767336106
195.86287970844197
151.79085866824016
242.47755051155266
212.7836246767598
86.69396722312135
109.08459604399124
281.21615848690425
205.74075121994582
94.05249979279772
43.84707758139743
346.1460449970499
31.264205161129667
68.97644849139901
151.31147212051883
210.651721956594
110.7178828416499
87.97442984976325
263.08175442531063
232.7908911257401
30.388695631318747
207.71569160344805
103.43138681741803
98.79335477543891
13.551767043446365
306.1663361356881
244.9013648943602
359.339778543108
350.92734993077096
77.7707317356006
314.20469007491334
232.48878953850266
48.83735238088271
38.12848505261166
103.85840555626623
250.59730772210168
159.4084164151223
62.718986803858996
0.6284833904310805
53.30567382479202
53.4575593062526
174.57711793228586
148.78663354475404
174.63568246283535
4.2353613434970105
207.4252579346152
64.34262607329414
39.476161914447715
148.99086659622458
123.61818514970014
205.8293119227418
253.2073212724126
225.36134159944538
280.35928321650385
327.881880855686
117.94165236238487
280.8791327704497
172.99772453959997
55.76688533204654
259.8357332833394
346.4269533847593
180.81806332220623
102.1805570912071
64.15383804940129
88.26189707386644
198.5852187103562
222.05013637744992
208.240834048725
148.2676764730215
276.2092272098902
286.7358072655688
237.28838151216314
208.38350249604923
109.24602042741878
275.94516957705946
123.75502273285927
332.69719355203637
264.55165917531286
253.83586263110553
8.527400948549268
89.4791432432411
308.25930136011766
195.19647985689986
0.3861772599008484
55.47278161865178
287.34971179066014
138.25949511789173
330.067103839645
76.0462408272236
181.4375194867288
322.6143692731913
316.18392917240016
217.34914539195987
187.9971643103422
163.85288672699212
62.50671335173102
140.40724314003762
272.10394360004756
240.9928267831717
329.5653613513468
252.12687093292155
100.86722157552006
248.39019624084133
248.27504859944014
324.4702694541724
213.08422752617844
210.76433591359495
109.25649303167405
0.6017165504904431
246.24479614606233
338.1240929691792
8.750901251217504
125.59367694177124
55.86845716379607
266.79769027904587
100.50564430293872
349.321066703776
56.25737137391559
213.4324481238037
232.7335507827942
270.46092605492
127.09981047808161
80.74516646421625
40.22512231317084
3.0537579336949827
86.96055135392798
116.96748304486735
353.91959036411015
330.8719356955531
32.546181136946785
265.34516372658095
203.71729186131182
249.87955157167917
181.73475371644147
45.71361046953192
245.04237618109525
125.35722236856442
38.710919334794134
127.08681291953356
135.64144845635502
147.80443275458964
41.14911096455673
318.36020637490026
266.3303285041352
340.5209686491045
232.23900025829093
283.6425326641778
187.87760749057793
291.8081150995574
164.44896390074337
359.39559418359323
155.94031415615137
56.01944658589211
147.27486225230268
292.47492519926493
116.94352836324688
290.22984741942065
137.82306917208834
291.3284493595917
60.02236283200161
107.08083676537225
200.9281151698939
247.02429302709248
243.62124008809724
9.398888421433437
334.6069447119901
296.4429088649197
250.07203543502973
68.47291425609944
247.00346020627615
266.88288715290713
327.4492289706378
335.41587183374037
222.5783651370226
359.493612280253
125.22658154748221
133.82463947597074
8.150997560728936
178.3623209215417
38.736691681242654
11.991285745213588
243.5015354829278
212.7469349201472
67.16120151841146
174.20805814646206
116.59318544231326
331.86019855802124
320.7558936106732
323.24730201419186
280.0759472918337
114.77467461468694
85.24171926495168
229.88669589798718
63.584704547463815
272.432362911569
344.7691243468908
320.3892841378702
55.44629791316063
304.40641761953367
79.58976937607427
299.13669344020184
247.76151566516106
349.97699658216976
330.54624456225025
301.15316384032593
60.42973720458774
301.24684800838156
159.71687703435308
258.04696710310554
282.5353135757984
285.43669393275655
75.02936174748741
20.934899435941738
253.6165730501036
34.164250149681564
266.3836228577432
115.20458970079252
212.6895978442195
319.42494469627195
41.80055129752921
164.508380569799
349.50081521650065
189.15645521059656
234.34017729958836
175.1717221212574
220.33372192337333
219.68311181195287
74.0092113475117
217.2379092433209
199.79677747823519
338.00047860783974
83.6044047554872
54.66024499655358
250.3710741138367
153.77428250928358
243.41501882600494
4.691592222439804
303.09786808657316
339.09209130173167
56.9338086041894
265.3104664542638
355.63763646066377
323.4201262359361
158.2029544244249
19.56185252063114
48.034016500711246
151.88159062859137
11.147616572885033
86.97997215610097
131.86727093407075
306.8871464947699
342.22647392020065
64.79929581235243
25.083836952493726
136.31201088558777
19.9551837767415
305.44911968842223
22.639820725083567
225.82841458865786
28.335183582107774
151.86625480421947
72.19785069858993
38.66602058770357
175.94696722549992
38.449160361995574
164.4685127953158
182.98718038483565
198.44325534566778
123.01617499981398
289.3889238581435
355.22776538640187
189.40442885498862
3.919439523829986
92.18259662609135
267.16852588160447
272.99477587227454
316.5051353811551
107.44637948241763
135.16590088743692
191.5849465327791
194.39983278199472
194.76180454781274
271.88533062526005
342.48236442168155
283.6417505912095
305.9297234955167
134.04408776844662
280.13812496456006
171.46468417381686
141.77859809908847
164.0848408239014
43.675218782793316
216.5817132717545
5.598563852114822
159.36512101412256
34.309701285442145
204.10447609802577
30.604670461532386
269.3619690489148
33.212900052513554
115.77320436550674
190.4346813267344
59.5550649113301
37.589262919182715
124.96155336762278
14.537784754736984
230.06577998553564
221.22112011374549
95.95942735462049
204.41276422528028
217.79355221092922
335.4581200110403
68.32604269114815
22.00530826676307
202.70516842387934
177.60568971638307
279.6445183843503
38.17580030208917
22.09649839926181
205.8934561399314
143.798340901094
187.0006645617258
291.06023591381353
13.681006347375245
256.9291338415355
70.77159794006535
73.05757992289786
110.28516130640622
149.52428373283593
180.90892138274253
61.40534277076493
131.78921565382194
340.621825179622
101.6065559409857
300.65455833043677
302.4214253045645
158.90938188387844
45.877824804718394
76.25032308036971
125.5663585499582
95.53263935254098
317.77295818228674
291.5268876878547
23.199487427799546
24.71827638992061
179.8904197711749
273.00600836822775
83.51175847139035
150.85501441602202
91.9060921954212
298.1306845489845
218.71770376497128
254.4657061702222
13.695677440166953
183.98027667956035
78.516872394544
74.54238451878126
315.727352587109
51.17745224006698
209.40526098167166
321.00523902051054
49.75321314710337
324.1109417141992
196.00982521596964
298.58559871087874
304.4296739561235
146.76271115960165
67.84563615237548
282.22198648626437
143.34844835429206
202.84171217275124
303.3720039953802
334.0974846432051
197.06146227356416
69.59082224628568
32.95028442405351
153.7355833989146
316.03440500117586
26.54744744646933
293.2827841355704
5.110825200143161
68.06536133263076
323.7022813800931
258.138570928562
208.51967664767923
41.556450756362935
287.9150229551538
183.64877741413653
79.99592088903171
15.127972273878306
32.10964580545715
321.18033484707
67.3441744652724
314.41613798786506
8.685958845970646
266.77378927513547
209.40404626161245
178.496956669283
176.74846958334373
173.3573300316047
293.9464712959073
301.2305488299627
252.16715486181053
150.42576532503114
89.64305097514888
96.92160093796369
60.149395750132825
335.59972892129923
218.8379451213849
265.0432167434667
171.91589313870207
303.45693321653016
140.3913091622471
135.3731894284094
220.23768831278
319.253958298306
205.65195572473323
222.7429698925709
313.00549197403797
88.63342791128244
235.65633477229127
249.70144364806197
279.66645099990893
99.13820114245469
103.93962735614502
85.74700008724881
252.2776838122308
35.33066283143758
156.88423168480801
83.38316308059125
101.08981858051584
196.5416748792857
122.31955040336234
284.10424780453286
73.98810317176523
354.750608827209
127.1263311263888
161.51952623738865
109.78231134354765
339.82401223391247
5.887843781587558
164.17552773703488
147.25113746826804
30.31740708518697
235.16912350067736
77.23802913328458
335.0106251389894
0.2710776086906108
51.79465095426272
180.04650415750953
241.69020727469012
185.90732501863798
168.53392567594926
95.6556190747489
331.56414145103827
230.86324747194698
26.893401329226656
308.8298788570118
187.7000266984214
44.56954295533939
44.25231842014642
90.55895535302683
72.85035748435712
205.61265129049653
61.36909501401362
170.01294117858538
57.726827267954576
160.3938208973224
336.32381916777524
258.9583198617522
196.96151805177425
307.1254470907536
122.25182197539807
299.00682412857043
94.97290557207832
336.181487570518
68.76182749074016
228.67127284624056
77.11868947755923
300.0454592019966
160.72179772682915
155.05361340525823
345.93178649825194
249.57581981414285
93.13427358880476
104.0923273585648
197.8994902494155
298.0354427034344
237.1121560931598
53.64768283128029
43.16016651188454
100.30816601492211
359.5051332355742
245.30496024896578
288.65582860388844
81.9521331494638
17.51571412108854
263.62738961841455
114.69291004770764
121.21607743724404
339.6830705165246
265.6920589241128
235.52777862985124
336.87146142975473
5.902032833197377
319.09346271806083
46.507416340877974
45.68962144633971
331.6833959348548
343.20129604635326
83.45993166372189
105.62006819867204
125.65096475412376
246.31024719036756
214.44347688308545
74.20216461546349
24.309780929687655
110.42140534064298
209.62636797211815
326.4694467686981
354.4089502159428
95.74622099374137
11.98502397978286
292.5819418712455
150.76172058114116
198.62583190783226
319.6707169238463
12.648921322009329
286.1743096976857
19.409762055298877
190.30990400485697
264.6805038669335
190.17422577992994
80.93985091040636
328.1672172947462
161.3336954575547
344.517823710371
343.63671345223537
277.013965858288
252.0944418861759
285.9958358777508
349.7875448808748
154.70939342878293
329.76431472044976
260.84478042724925
97.48581844198382
29.915735015777337
203.59662462413897
160.1112480236927
13.774757658789616
237.0323044964628
266.15366279604626
241.60480134609966
106.89825935268516
292.3478966206648
306.9330323301571
131.614903648361
9.164321329271514
332.57478677270507
353.0378216044454
258.3556439587436
294.77768589029745
146.34181777397973
145.64172574832824
79.14163249969965
91.09992361446288
29.887884891848348
110.72706786372962
184.58728903240424
357.14685690329515
310.1114692656076
73.54989854759059
195.66068664557372
119.73460363674917
161.29571229392113
218.5131673785125
353.21252488912137
115.53721410606187
136.242781101158
229.60546216479878
274.6394230974275
286.4204232131718
78.2150199683334
281.28926912638
38.630258503790806
255.76758422156965
136.99495031784784
265.69939338428065
116.48286286393021
315.11534183300955
240.5396627471476
139.23870792032042
97.26788114202411
293.2683468199119
93.11971666852213
70.13495830126497
134.15536094904147
284.16365740552965
221.4963307669843
8.248821918456093
250.50881911666397
55.107207986894814
172.6050200609746
59.40022806508483
246.89066070096325
43.60621527347115
319.37765220324013
228.70616617881893
303.9116537105417
258.872903688207
335.7491599378425
60.90008319802636
280.89660189512773
53.176664430782
297.5590268490477
50.329338501052526
286.62697034861026
18.573072205107746
232.9718517087747
219.30385634703373
145.96068890246124
76.14001440214497
24.20538515555103
10.695586858269262
344.9181896387978
357.7025309942559
91.7682709158479
249.16502752307161
306.8627695506119
174.1296832099151
33.07415452186575
315.11758364011513
233.6926878862111
219.6382053942451
299.2124668328852
286.4691136387288
278.5011141778597
258.1393837633198
116.82065159117914
315.5265386924781
139.9494141024806
355.516995493441
356.416313963713
201.76602960620355
163.63813207635178
300.825988133573
274.2121474726404
316.0178352092173
342.049217237561
319.7527400687872
131.35028926269578
87.54317814124317
262.1719424047387
165.27973046079956
142.65695070932188
182.71563136445968
178.71425963494644
173.34867388074548
306.43233205548154
42.495473115534125
350.84010918649744
255.41792282513865
337.4545752038961
125.61244812609053
131.66260437379128
225.16147554322976
87.29098060598125
345.3486796669394
322.2616957832094
323.1584294929341
209.1734264352079
110.0401995500305
115.78434445226844
151.27328884265472
49.10913082041464
320.892101566493
2.2240155143049822
337.52923212071306
300.5621455970294
205.42873159347855
120.76550899715122
2.627817407166777
86.95454397921819
50.877125115372316
14.12022576591546
210.87024281496355
234.40092965718915
309.0082908779958
78.06590255943969
301.0869319265678
166.50347312752962
172.4375991087873
249.44404301861098
307.28364130402144
133.69899647266337
292.1120243093277
237.1572602025124
314.06386568411915
141.56360207027092
136.6885735510513
153.24785220048824
68.48903527715711
85.6445049121925
266.7348746584492
184.92791467575984
167.88932226574713
34.80252980988274
70.15936324772792
83.47046901992388
102.2396316342742
170.71320372816308
40.005045430374714
132.1601357568329
310.0668045600228
108.08804533470499
311.71750455667285
213.04072407830586
208.4556935614288
68.34196624340449
154.22432234115573
260.9865821364821
200.57327701992529
138.84657848196937
347.63952582631026
13.663205201119597
308.23153823080776
220.57355164986535
160.1334971492508
137.23192132297027
2.3615319905679977
288.845811609125
37.48503274773777
10.192415300599734
170.8723259004932
145.07881167562715
301.05912483530227
281.54599088480785
131.220482044467
281.8079799545399
353.4302464079313
24.501470313810817
44.11686570835237
18.96255198897777
275.5978947452212
163.23471475912672
95.1495372340186
176.25996612070563
225.71725655403935
97.75179569504479
62.70270771084319
224.75937170215371
356.4948547372415
290.69501115178116
303.40349573286005
350.026381284861
216.8752539198624
289.9698145781568
0.42980278746455713
120.02569839010197
153.37169116378476
322.35996744729897
175.36400753404618
202.77206848187035
77.36996389137275
325.8371531429517
300.87892754199686
261.9341998297909
116.96141369936466
332.0604945148913
9.394004807998911
213.00013205137623
5.337596324340819
145.6003375257813
11.941115588128199
168.2769964055164
172.50558615456546
212.70977606177794
121.83124173664224
195.91173279280213
43.059498922205826
350.00652121950793
299.31441305001687
346.28370249981884
39.970465698370205
212.21668518690316
216.2773079223798
18.53403991659075
52.833729745524046
178.1711877986966
344.12415406783134
130.66073422650126
128.7381567601536
285.5344596464158
233.33824477728342
118.5224371781759
284.8999588844804
107.28433841089164
239.82302854126672
242.25804325360656
184.42918763116973
356.75090186130575
60.973094122432094
343.04329649901115
120.07374588662871
53.06127784900773
33.52717276979509
348.7694968139146
155.51265626998477
75.12631739450836
255.60661300892056
34.14362835566595
219.74658419588343
79.8442645646719
346.9445579048575
358.8732809097461
277.3602272678609
338.9854606100782
254.16241157083542
217.01369961796476
85.90792817409555
179.2613020522948
22.05192028380134
231.2184207458108
341.40018280493115
311.3697146527887
7.17268086649097
197.54905954542036
43.845408888814234
86.34831818824601
6.676420047871856
9.663776621424445
7.027914159322033
301.3558307871479
253.1209472262271
45.61808339840088
190.17954275146403
192.04094826410375
105.13843036439425
86.17572465081851
303.92894126507787
94.94735499245475
344.17386717714817
10.441342945039981
98.88917942267416
20.94223535357917
149.1115390493038
342.79080275880676
82.47077446139828
49.44509099276507
183.45852360298525
244.48905011298905
287.98387236958445
193.27239669686062
313.8560978549342
154.04948572297874
339.81990709472024
115.2028429533816
324.0413203579414
342.30280528295947
59.47952309801595
199.9070636192927
74.98259702048043
241.3074743158363
279.4401753320942
318.67459122147795
129.7648367509679
90.64790988419942
95.33347439770361
249.41004442640295
70.90099918436978
260.33062744932585
11.62863705472581
210.65949186396605
108.09879008130233
36.402541844078115
281.99532583941743
55.96705266090758
66.11245241303533
133.57986068437458
52.74537516930113
273.65085069800944
215.16147032392618
208.5898953015901
246.22973537506792
127.12650112568045
340.4994440256822
268.5922177919458
110.79336915933902
92.19534723230346
63.067771005891345
100.95976820937493
94.86742395323127
40.253737003091594
239.77081228733127
213.86440385950382
95.00468732827622
60.16876918509435
209.76015623229162
231.52559999233057
21.14066041223682
166.6048318857443
312.21776616262935
73.64497321835863
257.0893608154571
168.87449812834114
201.47883542432507
285.46339728986374
50.25948916080482
71.92631009564423
146.93718804563133
93.04153846984161
341.8029906710587
309.87102569945563
288.0272523760389
97.7787028357681
206.88488939547884
232.48701225530854
318.6784581709415
34.849030271033925
234.48952685518466
136.4346416882905
140.98932380695211
102.1478657947702
37.15519542006793
115.44825486450151
14.470099761301212
59.50558605250986
3.255412604235559
217.56375851323347
235.05451524168532
122.33991613123023
107.92197486296797
162.47871619828763
7.1824219262014255
229.58195517173925
203.4312353045891
188.43085514374476
122.60714916065713
152.62521281613903
275.8516273023533
185.52014758928175
211.18248350648966
170.21093698380432
161.97732139771819
131.18850766540544
161.7360788505296
23.577181858944364
49.048951057079194
93.61025189689005
225.23755756175808
146.86301560060298
329.4894030457347
350.03565315956394
27.821007563475572
339.6733971188269
333.85894869991233
319.6688470018841
197.82340092001996
231.8743832729039
117.46057145813946
194.45035292797144
28.85174466428104
325.1021455383733
189.503073453378
126.1538197438522
159.99355944843165
81.13370123884646
8.455899418622096
274.4953117050639
174.6366649633108
184.18090946227017
303.2062701733195
338.4927923386114
20.96596786701423
132.33379265546066
256.8559023151383
262.10237865514557
320.05645638425653
192.79284062874177
148.47088165221726
225.19701473975238
351.5830291665797
86.19449575739431
107.82506732619393
42.242364581193634
112.51965015246171
347.24758607671146
359.15386782467874
293.56363833358404
210.80156388105632
342.063003287664
112.16174613038797
187.88629653638688
83.77603206378745
166.9726558913971
342.00346493353567
179.87253842668727
240.36872039810274
269.29787611148214
124.68563274551603
342.6644630405413
276.2441259301951
137.4416581626035
320.3115471665379
342.98412254729226
262.84024460483323
245.8429739094971
63.819124546495345
305.1294327833631
84.00922058906274
249.74553475203297
171.33800825891993
160.24418204911765
148.0971705482444
85.3976061964865
160.01874783527865
58.52937051240242
198.6479679576616
183.21315274817613
110.163315601261
234.60217307691536
203.5174457421518
244.58913851521356
30.71292723655358
119.9978410342454
80.03591354923984
7.487446895911085
82.62557312337648
251.84908898851154
312.95845892291374
51.55423098766233
329.4023741697114
73.0663096918407
302.2941988266516
10.463400824147913
219.99829109121546
16.88125396619723
19.70693828819558
247.3350969592766
6.579333437746229
77.40575823426371
135.03165465290152
148.49405967643787
118.0651213034409
227.89621332330452
38.5523194492941
301.49685967668415
310.1218693062525
159.7034661914831
250.03857617651394
65.2709022010192
193.24784433756432
357.4270100056869
12.139973347214536
133.37246715417427
102.81956690584272
99.58129352195344
13.588390364468918
355.7847300365014
178.44380027708664
99.12108448474676
16.760412138481428
120.34116538534919
284.686806191271
294.4618123707992
154.50349310957057
81.77341029628789
351.22904688730745
129.17007949510145
92.7307801523979
204.54705174602492
277.71986359117926
117.28831525237659
88.14148590045221
35.06268014990908
17.08349836206182
181.29676267364985
84.5249169049017
79.4636792405024
220.75412464557579
91.00516819438549
146.4580862988746
95.20624489821476
100.29428837591229
84.20527076906986
5.808194664581174
7.711236119493594
292.07766544717066
253.70464076346823
334.3029556235677
357.8314721179136
225.19359178859125
140.4011003730202
154.53333977193796
111.53229029728695
187.4574137640358
138.3464642505375
282.1046403012097
320.09688386810905
200.3871996981931
195.28685840523727
293.25364673755416
27.332598956555433
71.23412351983224
120.95646183028346
115.10099098320043
219.66772003002004
68.63001513468603
75.44021607926393
179.80957706132
185.69300227269068
88.14254785265842
21.2103276295147
249.271183469179
73.61579354799989
175.0048204166319
204.980227102496
223.54532077754786
308.25883459084093
293.51281107657826
289.30901921818986
14.125686760479255
333.6499937915203
276.06050760256517
218.9282312139351
52.2112241552317
162.91298195810654
69.5095176527956
43.0518431400034
132.51037470411745
244.083484462648
42.56599699609603
322.4697318011014
64.70862132514164
148.63889328024626
145.0646601853424
349.01353974605024
137.58105413086125
158.9440944257596
158.5361719288482
155.0232675338166
334.83314760659937
91.47980006917246
347.16055072979196
351.731653478527
257.10464618111
124.63389155763143
69.18602527599715
88.02280891339007
321.1728389534397
123.00035280885437
341.11923707900723
224.81037416858882
105.24327494667281
84.54446213453235
40.46925205120408
255.31965944178253
48.317296457679674
42.656958410207025
267.55440032667025
167.84719182170915
291.9775510841446
312.03390462991905
162.85759887069904
265.11033061847303
274.53409426657765
135.48307774455628
73.64218196155717
243.08845657734568
190.32520528623414
48.17190755344723
182.01716440017302
112.29646434691969
331.06876081357404
26.49567384894164
26.367014577365786
175.72029092241098
311.5114316863873
330.65921793010017
169.03792670551502
20.183215631949224
328.22453585867834
163.22912075481915
305.39892322652446
131.70094852756097
188.2471202229402
170.32754550285622
332.8727747695344
270.4221932898484
113.37811253938736
167.80285204632315
183.2583151763991
337.04094608639343
36.271254889666544
161.62641578779085
167.64217793862568
10.105315226102194
56.08777345779422
269.92883647630146
270.42466876993734
12.437193954811395
154.31371322534312
343.50300365399073
97.46094490510211
234.91579133754007
185.4499342037148
242.26539846288375
233.04532422159005
147.16738491541884
32.634752015824816
97.0813023068429
231.44309601858646
37.24248062326468
54.860570394716305
69.52331254446788
320.9006127069623
326.1508695464118
310.2973635992812
36.546892699260006
291.5413085788115
138.16387042984235
359.33764087460855
192.73071912018142
13.281539988078848
74.08233921064021
11.328822616804107
179.64347244814837
185.8769562210099
92.20795391942868
220.56078198560604
340.0629541684533
140.4364138186309
150.54442444489771
299.92762637450113
294.1875031579941
70.21729592356175
123.79421345317323
344.78456526372577
5.643499630209163
168.24246239192098
40.00562900684794
164.87211915498457
127.00713791108299
270.25568695641925
284.26398329636754
28.78153714623979
127.72245560336012
63.75890549551527
210.60973149952673
133.28698486890895
191.71175295751326
87.35144089753044
148.40548248616022
198.97126598552148
207.63868470871103
49.31750685985851
165.66293267374965
323.92394398201867
281.6982319534705
0.3852862775147381
199.37966520447932
278.8917034710022
320.9718715236247
282.80708277590514
321.7250332142789
120.11284715498651
164.80039920056822
346.3868780006447
20.953241187793235
170.16907234253267
282.290794965065
71.80804106657459
357.21084769043557
352.53939692535323
165.98770463717003
92.5904933527177
25.94506984273994
2.142541899312027
194.90404847172732
279.233310152098
85.40812070154809
332.0058212970901
154.51950070810662
122.57518112912324
219.79215989984957
115.29991659872407
227.01942271840073
68.13179398487031
355.8181964954758
162.33070106279604
221.96113456311065
69.1456854016929
28.141593609378038
233.68066094005087
65.71825813191327
103.31078501351918
137.72572150164382
133.54418621115286
307.4681071974842
136.61032194474075
67.37451879857935
111.40239205008848
30.150989988431668
297.43338243890713
69.90355863718567
245.53488102871304
76.74454176078504
5.112034961566838
346.9685733919876
68.4672248564409
155.3600941197335
79.24729159538862
170.35921696750876
122.30466811735951
91.08222605809237
319.6690079330887
282.60493131158904
281.00408249005517
128.13677670762874
251.60122069920715
10.029069457196469
26.987624872688333
352.88647415184585
116.58092480163235
228.92616537928805
301.10335948498243
166.31758668985
196.9051300979475
24.326525599902293
177.78942870847857
324.0950264912667
189.85722044282966
10.851344126312949
11.40009065006244
142.9271950148538
117.69056903839171
206.45049871837378
335.0033804326176
283.89632199025135
170.32360171107695
102.35441597488806
69.56187102343945
106.57364533267703
89.92736849773972
76.3603266766359
279.2593267246592
22.1532783322672
220.0629607525707
31.612273556937126
347.83789167911857
39.502296219408954
36.75291168449694
309.32350993535226
91.16178009955121
314.93892733418613
334.84708257078
201.42866160571307
2.825167817302736
24.71466564510767
140.27029098712538
17.942412281348457
312.47341270155727
118.5900926095562
57.21529804267295
83.8402702231491
20.608374869690884
283.5585292109636
219.07152737920802
331.5662372003454
359.00022499511914
148.6854000368588
52.85632612022293
237.81113136127254
172.42944683553853
275.19542117473077
289.142142283759
166.99445472818556
125.3346703028361
200.35383777754961
252.9496629456066
208.92168982477452
46.043178236075256
99.3517959129134
295.80335178274487
54.37806953366112
91.61280290512263
336.32017512489455
155.1226087287064
299.95877660364846
227.9151636110854
333.7602214620766
334.3480739327173
92.22482728416651
12.442039105758568
319.0933684155017
125.6793625349714
171.3126439484767
161.4182220679294
127.69666698651085
247.02706467017376
155.41470444973012
318.15538708337994
33.7043839839652
115.75823023469746
280.0874375187744
96.18366494669412
303.02030141217233
94.04137574975661
130.1318671095455
8.54867860673593
137.3994725152077
214.07339453724296
16.831267699179733
233.76354606512268
304.1219428581897
206.1974421522807
199.61944659876627
29.256999074304982
102.69539719457966
348.8973808741384
168.7921615365831
344.7602016450402
248.18746613529018
336.8809629013993
214.66324514004074
330.92641712044366
270.20257759065953
141.94045616009424
148.60617272797265
342.5793722698404
337.18239645533333
41.005944416707
152.71076489510426
141.33748651619035
217.62268653953012
6.783316819213816
317.32383187035475
228.96304499558113
62.96395638816947
338.5950622954615
159.53166553427891
270.63655991609016
241.32671292744567
354.5192038636812
20.681227813572562
76.45840720698766
86.92679152780246
330.6475792224822
197.32606789907828
239.83135767486291
236.91988548358864
179.2617611790963
47.522017662368064
82.9789940145223
45.58863385744723
164.95120825259067
133.18676862263248
32.7068554251629
75.19968773875954
346.1748525877894
309.2765033825973
103.6144341948642
23.522173873013568
239.49396872831136
111.82178060092261
161.31792022920717
259.9131151806792
74.68059215347773
189.40410742666182
314.8449918059457
205.03934949263723
301.1324589459156
66.44333123476409
305.21476167772886
303.71958446975066
39.5018918114954
101.70551139688865
76.3170912199588
146.0343576805057
27.17271353193145
191.72962336495942
114.55764652449635
268.76558405515254
42.195692275062484
6.41063727600923
65.33614340488354
277.3915834015548
247.5198631131091
332.7656544353093
97.27694591206442
208.2774465508124
175.8331678907778
82.94874329009572
249.2329497108502
61.36471696656669
95.05298150089476
293.86918154697196
240.43484844200884
255.5783992663565
95.48316527111726
208.306939996929
30.759832012718032
272.3333482615605
221.8811850874887
281.208286189193
225.94504149749616
236.9362169261959
97.15513150840587
19.883331609932156
151.6728432492444
43.34319358601951
349.137377721167
63.11666117861112
150.80648754134577
294.6476571117265
237.85771937840096
351.7409781800729
269.65622598569064
289.83631601348753
27.965869372693426
202.01289388415833
32.00764339498866
136.76597295550297
299.4294031220166
83.16907944712781
253.74542207826616
11.977540596633865
59.3600070506439
161.82999969800352
66.25734309879654
19.87776677084422
248.79730562437194
168.45746064772388
13.404900308991522
146.9832456223142
310.5062635364
64.8614771473464
104.69855556652483
181.33536917516108
217.3205142533037
66.7907101295788
326.416952183468
212.85891094673084
195.29081779048337
1.930109103213078
132.7613744270036
207.3510476235982
191.87407276548072
321.16821267410546
20.737838095121745
74.9515751119215
256.62509137644986
249.78576807001514
35.31130374432405
273.3593120597611
60.32999359748627
285.2563076773969
75.47741527294686
176.72353131170718
138.24625061413397
79.63846342306775
257.24935525998666
163.05352235838626
24.091475267797108
247.07878658745696
96.15858411876269
146.15336294635844
203.64917904159807
130.73291808212906
19.719894784434473
342.502992847082
40.33659678738089
8.452090175936014
69.41277822832524
99.17079099118783
109.80600231722043
92.8708776194379
282.08276142806466
95.75703729860068
286.62771940239503
109.07131543608409
232.2676871808114
51.53138832077432
333.32941533141945
91.78742051484981
9.80577164272872
58.341991430437254
50.54289170658942
94.1533846385544
261.1835902769303
140.53749105695022
136.73619138464986
221.28755034060978
318.43386086070274
15.057573154736353
96.98541602725237
194.54361776501162
155.9944017972835
128.01158470560424
312.4669703152535
316.0492715331359
193.79114368130664
198.47881878097826
335.8279874572904
278.191859685501
243.90979791459992
345.9283369000996
52.31867592950131
348.9993946656352
338.57214270994507
14.569823986184044
182.5474588311294
101.90457764311931
338.7346197087841
216.11163230042214
59.94578031681571
127.16840967158659
105.47842140219478
91.81557335266453
94.50661887714615
302.27901872113597
340.4617909901615
285.40273050388555
354.0866500675214
289.93054686908727
287.05688442875703
320.2780416904989
335.539211187905
54.72575970762605
330.39504998601
127.7059105631371
20.171259031339346
223.53538301156019
142.39598359610872
316.98291263557593
311.49439080406717
19.485929469603555
106.95771482030065
34.31779538693287
137.96648385850943
115.83718999888299
170.83607942762504
204.04308432933752
109.39692383730961
203.5492458148768
357.3436933288363
103.94659892002085
42.91525891512887
65.12827350386337
272.8502152154712
35.92524598025159
202.87934033916642
97.37921400883891
190.16707783911917
153.82761007700702
208.82582559005502
46.98259302543831
308.2515509658274
262.26577826163236
56.542359252173405
255.35174425940411
244.26648449516387
3.341067813644285
289.56731771624294
313.015870390387
71.88370600111587
302.64221038386364
51.89969640849714
258.81329125628133
158.82049116763147
131.53876545030133
27.427958357000982
85.4684272529631
116.95029787493101
319.70649484227147
87.5637112050872
330.6649957011448
159.93026647427718
279.98555740651403
25.792106997826423
61.517095406896
266.13980029951745
207.0863621829994
176.3279197720542
280.37884776641323
48.82581637072897
142.32210377916766
193.79238143233238
291.222287573253
300.70216599182777
338.4609604617447
171.80279003017728
348.35232827931634
126.85196497647182
251.9550232410033
240.59316043815383
203.01667172034624
207.63330763370752
74.21712488618743
167.26099397573907
328.5075878020957
42.39041294757546
189.28074409444324
206.9616512982091
80.64150707487545
335.1237085086517
192.09235625314713
319.3483957959323
278.0415577142109
274.87402492975735
319.849317834745
191.78284167424846
145.43705537619283
96.42753227820877
18.211006557213253
19.316959199662584
93.23320098889404
261.04972963645343
44.874369722491
321.17449038376884
327.8932033169423
72.30829693038424
284.9196350468959
24.43598935965221
0.2140902398295319
218.6461170302642
35.4955606899916
297.8585651001222
302.3666104802247
212.21752259625262
151.82805188050665
92.23769168499295
139.60864142970772
132.60214029232847
172.19970021289367
118.44513400540136
168.87059113618642
244.3625175088647
316.4621065351314
230.25360497712967
33.95026860049092
259.0130633843825
120.80679059425604
36.28527230184533
95.8440200683003
214.8195589147452
110.9345637773184
83.8979153283055
256.77957075820984
31.949962646323527
206.42731127155028
97.54891282728501
207.8054949321177
245.84878609798045
331.0402825991764
75.15400714977292
72.33100134455118
268.3090224757679
336.79685997910076
28.184156082819456
291.7989675327006
133.56692553453325
234.18201142420634
74.72052322749438
24.71409655933752
335.8468128330179
216.39460689791719
339.4141110753208
66.5371864940801
215.13424312084405
272.53292110924525
120.27310512021538
185.49561372442608
39.557936139423695
222.7515579260272
209.42761866820783
128.1490698296363
345.61188909190986
257.8422775597452
223.4980992086774
338.5887820169518
231.55113743523802
246.35512343439848
28.92005490691063
176.43741157755224
34.64586159373255
24.290388895808853
358.5545686900228
191.35596043605182
199.58023049623296
5.556034239110934
28.140488228404482
215.55303296361058
3.1339610554205866
25.799113651218267
14.620674202810434
310.83088119111477
59.386059839001035
117.88402873522477
173.1014497120428
72.9917044714238
110.03182453317763
114.20423392204619
25.18081433866515
253.96679751557497
266.0057359792215
59.17841461381236
128.60751786142396
230.82008607502638
209.45442021808873
234.6958216967538
116.709789891656
170.816791878355
169.20542019920384
31.93988351004677
335.7590119432386
213.03691277218667
148.22916906399786
24.93300689051731
109.41009610506205
9.552378524554328
148.19288277794337
174.30971150811396
301.5870677924768
222.97566462673902
244.05701740099963
154.23921898929592
192.65877574578883
262.2268306610752
70.76610289337508
351.0826836177059
8.476258681698713
294.65501551352014
74.43764090188361
49.28434569510299
107.81993458388443
0.18932598564619596
232.0541475611055
258.15995293192367
1.0311129478099046
311.9833078208368
336.51503671182815
62.65985097369213
41.07926895893925
278.0562148111127
218.0065951370988
21.848094797285466
118.04266683416407
19.723189053717075
27.999847723432467
30.75330394274772
358.9567847948804
195.1457271068016
228.78773270197053
124.41058548113283
167.2114337457332
40.12286412296608
9.324496099380347
297.3284226925991
289.1540175118085
353.2822590940804
127.2317955365746
297.2780005358466
170.28294715063186
319.1200375724717
337.187601453065
209.21694232046946
59.39193487859745
99.87653694245498
207.51550214641722
353.32311674761206
56.252116168656144
76.02488419479339
89.64367227657135
340.52854269852156
296.89588858129474
235.18791890273042
209.2041020826124
259.60724773786325
210.29271469487568
180.58823225804872
212.89458089506311
31.78513721008269
141.18367585163617
272.6751200125366
31.82720879237642
82.00399442293585
56.06823505231118
331.36132193401227
289.93885613452306
280.38565336816106
292.8131815368642
311.3414785536629
295.1406964375823
163.10668407366987
219.08027950024
59.25324536638002
21.23519401132503
148.80769506353238
30.745686095046434
28.981179824746548
260.23086585914683
184.82576232897085
228.71086274924122
70.19244438015936
97.53634669440954
146.95223076755394
0.9811462823319594
355.2325698198039
76.61712375705402
177.08239849402548
6.614763940803421
170.7984339619444
115.04969080680803
215.03763574617886
349.12171372434585
153.3448429479069
10.50950096319275
144.0044585066112
159.1182663738917
190.97001217704917
273.0806970080949
183.449246021371
59.51973644735405
129.5643892704091
199.37711708415353
109.03126951694522
141.28044757617687
327.2962989968453
4.315561691376821
235.95080309836595
213.6664683282619
359.04699687812445
247.9840541838212
310.33323122277926
290.27337677778655
301.1966849942718
97.8992415118627
72.66388013975265
290.4777181280343
227.20219220265543
231.04864217675672
287.95270595181216
135.7373636098188
55.69608334283516
205.46515426283136
239.2217034735382
121.13279449584243
315.3759487529903
77.68259982674292
14.072261408589796
244.76754266583347
124.74171359856318
270.2728109559219
178.5034681627978
41.12286327353695
89.77802829610337
162.76621372949023
187.8166846669201
189.18812818540314
258.9675451615383
109.60955410866768
251.35555347744474
152.16506007670827
102.56024129906648
260.4157550928572
345.9948869225249
72.77044915435198
21.812867613075674
110.61276097351191
302.70571285584197
56.638557630412706
223.95173776549294
224.69948030833197
11.188018345223254
186.05107494088386
119.90100049018574
329.668700122273
39.47664687899875
157.19884768734582
274.35780035624407
92.75838562283015
268.59000642268313
286.40637511441156
81.58459628233925
55.54423114112865
96.70512235797128
304.226536248275
155.32816241432022
275.48801630700234
13.006839817246338
91.0395580275969
227.5636377250731
346.40778529552557
238.27289853571534
303.76681267077976
268.30127182189767
70.93754086224112
277.4207118861287
140.53665787223687
127.48245711163202
260.89562111882566
228.65573347457945
48.61593698366476
220.03065473767364
25.582398709208896
264.52541830614393
120.64756038705838
226.4120476763504
273.3798544749025
2.0967021263870533
5.210897946466102
23.59964725656699
78.62665948043237
112.63918464406115
99.94840549981603
95.12378824087747
173.59434019697966
165.61006965199726
358.9785781247902
173.93080192585097
274.49151233035445
317.4011493345764
151.04156705232415
168.06104161378826
80.77470905166469
2.22199708484605
90.80067776263877
306.69612182477806
118.64596705900077
60.6578361573397
32.94948083559277
242.9146325996968
332.46884902498425
310.85432022314836
227.25051109911078
199.5344264595639
301.93612913626185
27.94581753513657
342.3586095965958
345.70869561271314
58.17401397996764
149.25761179003754
117.25809588980306
124.48218188879443
168.56922430026333
265.97672303666286
151.36970090885347
295.30291652582395
97.95687282246523
36.399829437129824
157.85974902203387
170.5238123347592
232.90869994810873
281.5311189532811
279.41066680149373
151.21763997557414
176.21267954254108
140.71681059276187
1.6883005301746534
45.168016132613985
60.236603132348
33.16714243008758
196.96832955186997
218.68786943583956
130.71991213684183
70.63076920889306
88.86037761681638
233.95617032810182
276.6394524108867
197.15045625381313
48.79522037932327
94.8526178690228
327.1464990884751
133.74316537849023
35.916841481756634
86.8090866014612
283.1739401563487
179.0115713926374
294.2477800513191
289.98569259485026
79.16401091409841
61.108116288431376
104.47276150930821
10.11842545159833
259.46866379714436
352.1369075891809
192.41211327082715
327.67428367220714
184.32600787439466
282.99262023801293
182.23306594230525
273.4889964494351
291.9181179901057
334.7997758944143
49.67360562304056
277.8515011249941
295.86674701404974
132.52985070099425
159.03014898715546
190.03816298161234
351.6252561675093
327.03753810876213
357.386654192037
166.58923835407012
300.57662469983035
43.671794843472924
270.539774643991
79.15862489101329
257.2488024963781
18.781231624291483
37.30071065490699
76.55746146871167
202.9104639455621
139.8474103270456
72.33138822709874
230.65086985493016
287.91161464625543
110.64387976554625
62.39895501917829
242.05634211278831
305.48502001039617
299.7326204071004
196.9091570942186
179.13144620793287
321.3263347297315
58.773741254199486
90.80580685768842
172.52727182827758
326.12182160579306
36.5383935753394
336.4000151646417
247.62342583432462
142.29461003645298
145.17873767054806
320.419519787091
248.44926940863365
141.5917507019093
217.22311242139014
303.54490668087226
209.235185697362
56.735973403399946
224.9283581345757
341.9261491926272
323.52677368708123
258.2174916798623
98.0355235601569
313.6495011115768
85.83385249024327
316.40296256736104
191.6391808378741
177.85110407663038
37.075282250376475
199.4901374855705
162.7944920752343
320.15064707022765
272.61964358219404
109.43829743928148
92.65046889948118
145.30451670700714
230.51091703600417
290.85620959546736
100.31183354957125
126.45479691402862
67.50727976548619
201.93078315931174
75.29581119775739
230.07679919349334
271.8503048837102
171.83136603874294
67.36448200242404
286.7046135711417
254.22083976937859
85.62589466489096
75.67727369798669
109.74041950225312
222.12692105456284
55.596987231184556
153.6221568332181
298.1301226890431
358.0081918136807
16.94740217665693
331.3482867376794
333.4143867360248
307.6302167332176
46.23591654747997
254.93691851959807
37.640527774712716
2.8813480280467108
62.48632324622519
289.31135559779204
215.84754524560685
331.8737080308776
113.76363926437024
131.40078421691297
45.313000457514
209.28891724283548
236.11338642704294
50.73709072495269
333.4769340477041
311.1983823733417
177.11113120396232
236.57757574748652
307.4347647111441
201.12692419358342
142.8712841657335
303.8105993353527
320.11753910269334
107.91754882966107
195.21553464576436
34.31545812328297
161.7545269912373
140.9943449885115
234.80292947943607
26.111565786226425
29.93962787210276
244.90947485475118
256.37513155335705
329.54620966207744
237.5997776550951
142.59936134242048
33.87206643620018
327.9343387131077
345.38993201855743
55.56402451437743
26.024581247423097
29.47757723458963
233.51592174281097
39.222938236252645
287.13234976220554
217.95413505985414
357.71289180786664
212.9895199664562
243.08693280418387
161.5849481395292
105.08374034638237
157.14559607743178
269.3012462750763
42.645735326018674
337.72834877541044
212.3861673309125
45.058483917116476
344.8086089955332
85.57127743873643
192.94395788037892
257.8949458867033
0.8608633070372562
204.5217044152434
190.49217484472058
191.9828275218328
0.3628097358982263
92.07645222358703
223.5630793349756
216.08060000612593
304.970450308227
209.70303069580604
356.0089124809966
29.47026789256331
118.56285749753457
239.81664476396352
48.07095184553136
208.40204021717156
289.9782050958304
204.89121721588845
34.91130261957625
240.9189823788436
48.0765845538682
317.22150935277455
350.0013768448676
244.5353299301192
342.0114991292587
70.07950937649349
224.54974535039273
129.09400052027834
64.00635339231123
124.48527142987535
259.1914754022515
216.23030456429515
167.59602857090624
10.538594801888115
320.44975995046235
217.22037402577027
41.20788139521982
148.23470618261192
22.020050205254208
322.5944610074958
335.1204047747661
239.9135950676997
289.71564879800104
169.74680515634734
129.25212064460177
334.9691592404624
298.95310416740267
308.8753116760076
69.89689066919874
17.171095829463265
214.94443768412265
122.93585755253751
55.43647262728553
215.9287029945977
138.30273542390862
253.89757196774804
214.22462517192406
55.052596549359734
22.556267357401026
285.4371162871582
252.25158140743895
126.04683991495236
85.10565127653597
331.31136348752324
193.86152354828928
167.6904512237421
139.4475787746435
238.9995579771281
175.7098750725801
109.64390272201733
54.027544989772174
299.80770259519136
242.31113416007562
315.04279127975946
311.87330712629375
179.47919464555187
70.94228409239122
35.517399171195684
45.199661147843614
287.4575451686248
64.33064756252362
331.8034188951974
30.464306410405783
308.2985284352124
291.4691696038168
214.0856417437736
351.8936513176632
205.33057398378287
330.06637326555693
198.4431431343805
135.28627594999588
74.51384063158568
288.5518768507132
99.24078930294075
158.94115033340137
255.55005593017532
161.22293644327357
282.03866248924334
224.84645086084987
137.64660265107676
197.03108894860833
307.56761150461415
0.8041454434697792
48.939990332745595
60.67235165735339
344.545297239248
262.9543198179657
291.4354213728959
114.05826477459627
317.584309551594
318.20256595340015
57.42074953463207
26.90934121343745
166.16983883400437
107.34255434364665
358.66450874507564
177.1263549283893
141.661454635366
322.2051682876161
216.3095590756582
324.75906862717335
41.499752657045896
133.95447465623306
357.22514436943516
317.8061090688515
313.275455438141
24.690077048355054
301.68196765903946
233.74357167050357
216.04493431939133
100.80421752702475
287.5662738819073
97.59422489842471
22.252742103271007
104.08124743157835
317.95061937244066
265.51313253011494
220.84836581191524
325.316025061697
341.690510667359
202.27950994269395
160.66089833862569
125.26699768361486
300.8175936908588
111.74886150200005
232.82185288969438
339.04861868808683
263.85182588239684
61.23337881714684
132.0030819469851
42.6069440136006
110.75644065504358
153.94267006324176
198.46308541120112
353.7112408814018
283.111100447975
188.0309617345246
46.37180183328204
284.93356979393957
242.18036718977018
56.461008986703966
108.61030661166299
162.3773208621016
7.905901769356696
288.808951143562
214.2185553974979
131.4546729509517
83.45263490045144
294.29845882684293
221.89087326659453
269.8022475557705
42.790575696767846
114.76657758750153
21.395327307823
297.46293678897666
232.89547242649058
316.92762622638463
124.51984520332417
55.751321385218844
17.503131819282608
45.215871177477126
158.1243650499857
258.75885473905504
85.95387114389705
99.65133413034718
284.1049799938385
105.24423675589028
128.5149079991259
277.5875112562569
24.552438777455585
13.693353517190099
358.6703071212938
43.86366396330652
125.11425787572225
89.62234114839809
63.21946809905329
110.79846088057458
225.54575677740573
231.73622448390427
142.6268198126445
37.625802987667164
63.66236906090312
232.34486442893623
66.91690388241425
338.38770210858354
357.38192914956056
227.47672110113965
136.51058963256344
17.96318247919213
269.2721463219051
83.42039916010482
2.749767050793306
337.8262553096193
18.99513760176912
128.96251006227834
29.45932419813093
146.2899752725425
171.2674796214694
296.3799354934664
264.7469445559134
252.4077904361767
270.43071352259085
19.283283029359897
61.342651709465336
238.36735516460016
297.45376273047134
231.6975785404578
214.1316790108134
32.12605907284105
331.16553168017134
80.30522996431706
315.1358392996029
340.2016645123865
202.74217524780974
140.56534031587168
339.04999637501425
149.94535596034558
240.95032783038042
97.46262466191791
26.542005321636633
111.28875572069032
15.374115505888252
212.9281046462341
27.87579906507467
259.8703273223922
135.83022151966568
14.512844170641097
6.019140721455951
166.61081657096784
258.4019456182883
23.68520273484436
216.24886252536893
73.22134810445282
201.99975353127004
77.16093055209484
198.36815942601086
338.7918619381489
94.0823185556989
200.96461999174315
98.00200145711574
339.52169693929187
60.148636111787525
274.460110542521
335.03824193347
351.81814552052197
348.838412121454
310.37632278234565
220.13366251595323
108.4028072748144
22.95443691380747
316.8944164357133
204.30569471740554
207.729816286411
126.44718682682765
359.15074447846877
251.98211043435577
218.9338368900273
278.37854767753623
40.04967086497627
114.48260304242035
197.68998474991886
27.108043499409927
94.0688470458467
328.75761726510166
12.78180473041838
261.4215593454119
212.77912096053194
55.31154003648361
178.83747281747827
240.0490646799388
77.0898807003422
199.58873318918876
277.6085399707491
206.99443486573736
218.76994969128407
112.702542562167
8.329511559219792
227.32710030592276
332.5831854473054
220.23902980894593
317.1106734611042
126.56158796830172
330.41688281212106
101.96860332100158
235.98063650701616
326.47793806382
10.07024554918441
40.650434602871414
174.1090264347619
181.2121921127893
183.90923992507348
74.7159782460448
86.90404215100315
289.67287523449687
156.38319857876152
287.4695447807361
43.09343619688838
33.81603442304217
274.43754346935503
204.54551301932514
295.56158891004725
307.03778489223674
261.14617908228837
31.713074084202376
158.6295372873715
252.9199839981172
60.42606901732136
86.72129581588005
82.62875911667763
71.79116762560673
209.4855992681592
201.72866252116268
216.03351906133244
291.04152620586433
35.69746410241878
96.96274623374016
336.0808545336863
174.8571555766311
285.87570651226036
151.60744666006914
350.7211877437905
250.01544576101176
98.47581090953221
344.5166057619065
307.90655223490927
126.60999483529537
243.02565688829586
245.2044514932915
32.637699906984075
56.05005386709579
316.1342573715943
44.66488878370255
67.85522670238107
353.40602931221827
339.71431308598466
5.9231719914741765
322.1739923372029
197.14907709293786
194.5935571341473
225.82513876814298
165.62417911225648
126.5595699694397
141.47908370949077
192.42059579477046
263.9763530236965
345.555536207781
211.2777582667092
176.39923371912155
122.89203950461324
31.41889515550875
328.0649935435196
330.38880717515883
245.05526284266566
197.87388553170302
100.53321220346565
86.52694874240119
346.6046571531163
34.19851111496373
241.5402508174696
240.56961415255807
33.59984269833197
115.52656131741323
350.4172795848002
109.90059221985243
264.9196509523422
134.22411958406465
198.98458956796986
153.1582181995422
184.90410811373587
318.2013089617846
139.76286424904876
200.79686712453284
337.2159056344437
239.24632766555433
43.65658071055079
208.75239255725194
110.81127215594267
352.94546170310963
154.4250903551836
131.4823463856979
199.57425268817983
311.4795281188458
258.5462677048384
236.00322883043845
239.08235501469622
291.5633984453524
91.61639067847268
265.14865751094635
57.135629838618144
122.02211132223535
176.21922654670396
66.12389910877528
299.09541890326113
158.9735706243169
191.23615744506898
149.53377342121743
284.7428694476363
201.3142519711174
148.85840865397
14.412479871326248
260.281555172252
305.1811675066717
23.101339082564248
6.385496659216057
47.27248747759211
263.28956319704207
232.41000853618036
168.9452232304997
99.70395571623438
123.52277496803362
88.98411547699823
201.923595617791
161.06262069607973
110.87683703171021
268.7395672935404
96.59653903130683
65.18634308539285
167.8392983067266
8.363000244640538
353.45662362245207
27.843443531005715
200.50815048970213
219.7045779754166
306.5418024591435
310.39689021637514
211.23328688048875
106.79351602008144
177.30982855258094
162.5762417582019
213.28955887624358
57.04983871221791
61.399344549229184
308.29403025843
279.06704109331304
355.804810044412
313.2203152637629
326.607450290928
190.49061536067023
42.03183306209336
256.16792532334415
339.3402793623213
258.85766902399325
63.228321186312414
10.355796076150291
287.54386712219775
241.00904839246337
158.67835934638785
15.115754586216411
240.89040048849364
259.72535252415605
2.864932735053931
170.11305135815098
237.25532118498228
318.46669920785837
74.58962136006484
226.7775022642769
54.160162530212226
24.05112687000979
122.39662822091881
170.85249179674076
149.41102495668804
215.59312878796095
13.187144388115005
327.2154518320318
95.18183237131285
104.00033455385757
98.44913556401428
29.724963159156516
327.95586543308144
13.553068936014917
131.31662967242715
291.701048271931
226.15281778903505
45.56805998181392
17.71164922662786
106.74710735320777
87.93290989561086
233.87391494024473
46.11110857793073
84.97310944796868
353.5835854105285
72.80285318526936
353.0199091400068
6.2815144682785995
240.0583076776547
310.6296034690854
245.0205766577118
70.22894429226835
309.6511616629364
254.8648159603566
133.30896479731103
221.07788572694284
20.454926044454066
210.53713485602864
2.9143857174322996
207.00469228244106
243.1644187097074
228.57449533562328
216.34178794863425
74.03147153356254
76.95089871004897
38.621817882206734
200.16263576956175
278.1009371721297
216.5474774529213
119.10873020180838
303.120005963454
2.8151252491989487
173.34941169493183
117.10775638821738
85.60284229554264
235.71015353354838
315.24738936114363
151.4996841094145
22.883018538138455
122.54104107794824
163.07584335693008
155.18958340366635
158.29809656651676
206.90189155293317
145.97238360504255
135.59342196248576
107.60177249607955
51.60856765600165
273.6086879051828
177.34183069769105
31.99294347876303
148.62227741317747
290.1669565952703
97.12411609278769
124.87337420960135
35.89435080096506
73.10039264076897
207.8221352401992
36.173315353879495
312.36379103095646
89.13001262078039
177.56031186244215
128.12285462434807
256.44091538079067
260.59432633933875
119.02455514209763
277.6367059267251
168.66180996971784
267.18230317778506
175.37938387676655
353.0183012840181
335.8001248322779
351.2442906512535
61.33924216179962
336.4788559159283
11.573991266411312
269.2894782936748
271.42642788294944
19.005637467430688
68.18764169954137
177.94263904867154
182.17466019780548
340.40311026009664
193.29883783625684
79.54690892320632
251.01393133082237
344.86925478916544
328.6046319211452
260.76339105520333
231.79872828288714
291.2589356734654
229.08971163026544
176.9325910390744
25.418400616136235
57.22479278680587
326.0830910461571
145.6264894360538
103.65498362235557
7.715535980770469
102.62042295087998
214.73438437148633
25.430188740867663
200.85030671474414
56.21086076423654
23.589547851139873
286.81015660298686
337.9770887538014
71.95881635078348
340.05779717712215
129.61279528827882
229.76202855468125
338.092754163145
232.17326078898157
218.1893042770574
266.4456453155707
46.30445838036066
159.8205619454736
199.92795486690068
207.94104024684083
110.90395197610815
170.12675622863003
172.2548164640021
108.23810766398563
53.646780553634535
169.64037703769287
347.3826008487403
278.61706683424035
115.19187097348862
47.03915672474603
175.78548120728155
195.4633968006031
169.4998230312998
112.02182044934253
220.3541144331977
171.0156307399757
214.08292157105396
339.20355694344886
325.41194786885353
29.166191147635985
166.8699618949729
340.248936756002
298.25003973930876
163.4748741115968
19.55021901664044
33.13971821276641
135.56473973011668
80.84334149216355
317.61273600698246
114.3896348613631
343.15850061421355
331.8382180328875
338.8985820790167
228.18168006867967
34.49118388602207
237.4393813738511
185.33511073226595
165.81807305947876
332.1455883733639
42.02917358375349
166.62315986827676
319.5365813139648
295.9973217883219
133.72718839315954
259.9993991228483
36.661461391581184
282.8560393088497
95.71451378166684
236.79771762194804
353.2209200751254
344.57131574614743
225.98023949623067
214.38509469298853
230.5773532029813
155.07327001568024
307.9621347964167
121.14901596345882
194.28048904822882
21.544304769315996
30.842572039819245
252.56486052535126
221.2677834608223
20.895220800643607
145.79967331453634
67.97352636166332
279.70028783858305
169.94523310918547
123.30276762863276
230.55092615408088
15.13649471736727
66.18216910089477
66.58040424641408
147.052571293106
177.41057616542392
345.7056826665186
177.67815367693026
319.268155740597
94.49544466484366
75.93270836703891
205.06238641072522
155.72235445907143
262.79541006968395
192.87113874385886
185.5155745554583
230.00999875485513
57.72687103524221
306.24425550353766
348.107329427221
231.25492932596555
34.109865129149554
310.4747551805979
194.3148602203493
232.53366446195145
322.8072284904982
335.5142528169046
185.905264787499
44.7065632944486
358.2121681196707
328.73005639486394
120.98132004518008
85.95060536299297
190.59913646379283
137.53835514487503
358.6314272795665
301.38954308365606
108.01705646171752
282.1986826035454
203.91348363013128
12.56876622509909
54.317692830538626
149.1618459010775
227.44143778244725
283.1237847586119
63.07656811548569
297.5895111384279
227.63236534747318
14.842665073992109
151.57727359432278
75.14050028874873
268.71114800909044
17.424543432609592
34.69453030187324
183.84535400707483
63.858455621856685
45.58769036440069
225.42525661485175
222.86717428673614
160.4273910997465
268.78230980513644
106.9809416659033
242.17351901887588
202.94271838684375
31.614753121376058
230.76872250794676
249.62041008097444
279.6358296648996
117.19132535977607
55.25262086606765
23.67646412919299
319.55788086463485
280.94165412786447
152.60051441824243
14.991210480854992
19.852147862131616
259.0828221581283
93.18626524419422
132.23879745331115
126.55617441102306
13.737334455934453
332.43086804497153
121.14430786239261
107.34296954284687
95.81934127011948
70.13014503781656
20.326882107422414
20.899868898920438
127.1552487175968
189.3308300067379
173.5701633260883
345.1825478875559
164.90630283196745
89.98085305717856
295.3572634596333
195.5707835223686
194.21226268480066
151.9937590741393
84.98392773407583
143.99168098529213
319.07714153904044
213.03113948759352
144.29023427461394
221.3650708968256
306.8690544802683
188.22115786044193
115.02762981875117
288.2649121869037
348.4082207980076
232.19523832824515
14.104720466160682
112.47949220635758
103.46855241699426
288.2390356218532
108.43182034526276
157.19245091233165
110.61974546820555
245.0178894717369
335.81075734373877
19.795472226900927
10.688504023059204
68.2511221772372
284.29298848203325
188.8828861526619
284.71901784486107
312.8732993207265
129.6558436734271
105.7670902854158
100.16437405345668
150.63513628102834
259.1228854843751
26.893109571599037
273.14216293677805
108.76024126374294
139.18137101968887
84.81943277675678
329.9390442170549
147.1883560395455
276.326090620834
157.97154458702997
307.55072401751795
265.09967569918314
111.78540764176341
163.1633533275113
270.8952790682072
41.828783217358215
64.76211806207225
179.92107419744514
143.43921426954722
22.94103996761363
93.44806391540106
161.93302599549705
108.32748175310412
339.15808733310035
199.04812339439675
248.48777734493058
138.70997990282817
273.98340280895314
215.27573732920087
177.55249584450073
118.8087442935169
35.29265626010057
124.25869355016766
102.1818478040336
161.37161345323838
296.8179528875335
19.520445250808724
103.23751840563317
232.5096383139632
197.3689365490151
57.678797592653844
233.93687780786118
141.51714657847444
338.7977880138488
262.7304549993391
105.53883603849506
301.1248930520226
148.12934995469726
30.266229261657138
148.51373287921663
52.738269103450094
324.9414880170355
143.68861522053544
279.8332497587527
341.56420539215736
341.9950257108794
220.47976087455118
254.55539051497382
78.13181167947181
185.27658005397092
273.7944344862825
318.6687123293797
115.56350310635071
189.031600166183
343.12929925591965
350.198827034417
6.05483805093658
182.02922105870095
197.5462816106872
116.86961610974231
15.372860444365944
53.214309913988046
265.9042337861417
351.1502850066101
230.78442067908372
68.06633754632612
240.78000304977877
167.308665074534
275.677277286369
181.39871317815818
156.23624846664532
0.1302550129622393
343.23856105153385
317.9963677670532
274.320044880681
331.2514106194211
301.9066846154667
209.40314488774507
351.1529195204196
146.59424398577835
26.914277465175218
123.3350851411435
310.6994686046219
337.17987006970526
355.0913204676786
101.60930189347701
152.7782068107553
355.6356826544251
224.1993242933402
253.14249508455103
21.605052875786683
52.00134237758055
3.418761332833826
230.4871147211264
242.13619546552252
294.97729914975764
108.21366476656449
251.53722246517466
113.7037711586437
178.54877823348406
80.64890068540558
192.4502030728272
173.91436496912283
198.957008208818
245.3369601121969
53.49457760077582
310.506818640288
163.27885394583618
221.54304428378725
6.448122433408727
144.84248193514992
118.41474227218494
103.57836069690148
350.334613432333
297.92751863356716
268.074087539204
334.46345415015884
231.70171240386125
118.34354134339274
275.3863838865554
111.94482178418514
86.30626254215292
1.1893220306675678
90.05516520064896
61.299518916073815
150.98771388586567
278.11291950943917
251.5111371920396
205.9642483264549
357.67404635851216
330.7401522588668
303.3098567574269
84.87684221278008
95.87901670147303
33.28193558274932
229.05843085152503
204.5195921620051
315.71336206767
224.82934953126357
86.44457834523175
234.00553676197518
40.34665917431294
87.82225574456616
33.4807787144884
253.1503213714262
285.0208154351459
306.40345879756495
69.86501045445053
226.32384150242305
359.12993320979035
296.84716255794706
96.39874153458264
18.977361023953634
38.545639925818136
161.97710177669683
206.6920038572068
339.0934808363742
297.2807888202927
162.46606195047602
267.92425241862753
92.40784191977028
60.748656913693296
100.1352552603786
61.21892142838541
108.10289674226178
227.2888245776409
271.8485426427237
57.22860757666327
140.77590944469338
40.29484151078376
337.3230285479329
98.8167958849119
84.83462531611981
180.19306062101654
190.15406277781355
10.261296537798152
329.07578162176463
83.6858817507172
8.579393629712273
131.1934112233444
252.05313356061782
187.08682630015113
290.9836509848046
63.52599754139039
12.9433218872191
151.23892708475728
290.87093147511484
160.91276029969424
307.96925655591616
137.4219027556201
337.00984415274604
162.8199310437586
39.0425007477735
146.8177449466917
176.6819648940917
319.0808709965455
279.1375964287903
190.51830347799978
313.4410640756905
245.84282463031775
318.0127570368534
302.72261277250857
165.51729957844924
280.1044936545255
12.243058122944607
346.68578755017603
106.97675448725633
17.581813701576827
265.13373753285094
151.14511863376347
70.97376408384561
67.42871999725722
144.9327680519772
34.36352884769789
112.90943504747125
117.37839979465261
73.86352489876712
223.5941522730054
271.03691251586247
294.1599001630226
45.84973034591967
99.68405467692872
263.03005012687754
246.5838418707078
157.40671737134184
269.69935894189763
339.25902435466173
332.48005413609087
184.0243085224814
314.8676974178834
96.99273408191466
355.7091587563576
143.46842456147206
116.79830296168412
244.47470349080066
195.75901276269937
277.7798953405501
11.854002563213442
69.79531990458642
279.9760188277178
337.3506688578466
21.713481978395833
36.71036915704746
127.27058925079228
143.30904373949963
177.57606581711798
58.031822910999736
142.17471390060314
18.547264842223314
336.12565609137795
146.94380940052926
259.41901365629644
173.07618290525394
37.28422923459708
117.57312711004819
331.7355765640285
345.9934704070199
36.94951212812668
198.3700656401727
277.3818320133057
264.20325942188487
322.32542288328057
355.33219442972455
318.920003051803
297.1267153358285
243.11810310413534
76.82997183968305
191.07558039501367
66.99461798653195
308.7841823591052
107.76992520060212
333.03732018996504
75.91459106695467
210.1821609248001
258.057469319527
169.35048652473907
273.75715855680306
283.3918351681679
308.7980517647765
303.59384358727084
235.00636180303914
24.130644584023404
279.4020824289714
0.32037779564070945
78.0722855741203
303.11000164101506
59.73522847852479
273.28025563591353
327.16430138626805
185.83871042946276
93.6827216991971
271.73414219578217
64.6756405346173
244.79457347998704
103.97256854873194
101.70363707864097
271.1310222249136
247.54937823616632
132.82906827029782
255.2948968572622
80.10114696209679
111.34660796666077
79.00498677259958
328.77042286652784
147.08909800850302
192.79513598493085
318.96679472608105
168.83320267944353
84.24529736384697
10.756276790128098
268.48440281942885
36.62636661813039
346.86928329001717
61.16576513375194
150.6029592779609
100.24049852045961
193.00822463487202
34.446047348878224
306.9512794589802
239.06003921413688
134.0633983202321
249.32854076580392
281.56763799501834
207.06905853831455
172.16764574166527
351.3195063901327
339.9005262353203
177.27582513883607
319.1983565561915
329.7071822796342
340.36825272092574
55.70469177330886
172.64193851913524
123.9220065216103
151.83820812194256
270.942853589619
5.12745419089375
78.22574387372838
67.6126888791103
94.01848487089782
267.29866203516076
63.119344293893874
144.9852049920581
3.4260935045295815
127.79512822307149
12.523646147543058
139.1575079209386
61.403713159399004
39.46474648766798
207.70073890127426
221.28406027416833
350.10574107504203
327.5315947749303
272.04821777916794
212.63756051280944
30.10435240989752
283.29452093162865
85.31242480539493
270.36533360598344
288.6913139665026
256.0334534773185
1.4308600888162637
105.03315769544167
141.74129235288478
326.1520220598011
221.12804954551063
296.129693174589
60.43658349562306
314.1866186682232
208.5532114949318
18.93106587810861
232.94253139306545
53.16358335544643
90.66210152678688
104.60192576326578
181.16163292363967
145.88775173696203
198.70946490524727
145.13566797352803
273.98371377114216
324.09719343839527
303.13269584311263
5.713231621105752
50.98835818694624
143.02050439799476
96.27115335877531
59.2863929214088
114.3450606262472
242.724668520249
331.7799134215543
111.66793121385876
101.69547123605025
146.74279818869564
95.26058110094661
220.1378229615896
359.09113935630984
268.82308219253895
117.54593839644367
224.5509482899437
350.5995234703356
60.24135073327671
130.23927709868505
47.15857822256078
169.979595149672
92.97153769676216
282.5232936063798
235.83223655319418
199.86797457076378
338.1098001310265
148.91753820706492
105.10535311758792
115.20513619932719
84.29958910745799
99.57736816016619
330.42443122779196
90.17062841674007
47.506549498157206
177.89152214281808
173.22825507619996
281.6850439945906
91.34366211593597
14.54951282508107
17.949981319857056
307.5757752077298
6.2487017968881675
182.91392797203827
186.76377987012415
153.79244923960488
266.1675099427085
127.4469803319835
143.87399289917596
252.5971495813399
232.99823648535727
175.10468939863324
328.37159820131285
12.443534822919453
31.903213316571897
169.02589783775423
243.15906870983525
130.29799825089782
114.6967632532707
24.507839260276715
237.17149049335302
98.44510218880583
43.86870908641716
119.17354595736506
249.0983234712719
270.35862712851684
66.40500169467502
332.4008122680794
273.0365643207682
354.0085471995597
204.41833226383247
343.4962791275721
179.98294332698688
216.0134451891514
308.70336778031367
43.76242218079313
303.79911555738477
46.336663063988276
201.6824713975673
214.51914445559592
156.26039638278917
170.76400646987375
37.80978111223546
251.30581531848324
213.0253347334983
267.18937811214164
132.35261554782602
33.90368670069855
310.8396601096081
281.7741184218463
353.57107114090843
332.48259637334934
296.0150882547691
152.33480039393365
298.6681261136442
2.0899992242280563
245.19965033680307
168.85329002145465
0.48409364529637067
10.864398918329798
161.6830698498992
74.79177075902561
79.76085889540242
151.76933957687402
293.9571237336931
117.93493386303916
66.9029490671982
143.3081314398867
247.97752239572034
315.77009522994285
187.5139562346859
211.59359218205225
110.55034847580339
47.95533546541506
37.588448869023395
164.31118470665314
68.49285499104418
7.2148755847279
107.09107677062188
256.52779754242874
256.6946567432212
10.039758417065968
84.75612762898844
288.9628447113835
357.93228837267924
149.86104727029235
252.29227804875168
211.25196337327532
328.2662998113813
307.90201241065546
92.7790462846413
105.89809775615537
174.07693669344485
200.7044121345298
95.89276319518056
323.01847096698333
200.27075425039024
138.36356043095876
41.70161718347334
41.66018725325132
263.91737024268997
133.7954440775197
185.12085977797562
130.37129487463605
263.5517202852062
220.8985592020853
344.720725855825
27.878041756443963
331.60417709971557
168.26208805465924
202.43135355565732
24.13328751815935
215.89713517636866
215.11098694215468
104.79037748663497
232.66497402824814
255.87345296562168
167.46783857868044
81.73052109487423
227.06775486557845
20.198397076042752
175.05018547607168
345.5061403190316
167.64474651798125
274.6037881259489
83.21126719141756
120.20902955465934
28.620652566960594
252.3190390705924
259.27102171653496
281.42561664852377
132.0113950095698
284.16076930253286
28.873384294016113
75.93903420831288
201.14955089951184
231.32912664850807
205.5449231442805
342.9812055941633
45.02894068266019
291.18531590150303
95.41891092913309
211.39167686902667
94.04568450836115
334.7616960889655
169.1280271664122
201.14138025881036
168.3773099263274
184.48219832755296
114.15789150137255
133.03122191298016
72.15530234672637
231.54732730183667
293.4927553102103
286.976783698007
29.750734306018725
324.66481379039374
20.173741804969755
7.142153765427897
254.9066257553675
335.28320884756505
72.42896361837192
271.2873368052928
229.1147542217677
219.2126182354883
120.32410701857822
182.04535720852164
282.54857912305096
190.4929898334022
92.42099361411952
299.44662230033214
19.028262273064144
200.5973622446223
299.72066963372646
16.859792889284684
245.9075876568855
194.53350551130677
194.20685835061184
66.61986399151024
200.43668572853625
315.1344785764372
170.59426856575354
46.9657813398531
126.0687381324946
187.80480806666435
62.425826222284876
268.51156433369215
85.34259122991573
80.21576114585478
97.45146136716349
186.32618182457952
220.38746572464396
54.91964038509858
62.26056463291407
252.79935280498506
47.76003911620773
337.5796804303101
242.4289042032521
76.82178585620701
81.23804401282709
9.488604578528967
231.98025371952204
186.40994450844968
34.35882834045981
240.27552069927424
264.7516734633197
224.75709099630387
63.90518878392256
125.17735349458596
110.29074371402447
303.793780298063
336.20496741167824
140.97763845743182
238.2018902562787
134.69272918461286
310.024937391438
205.69196847764096
7.398158095111906
331.3543256189396
213.00354720300308
359.3060570022926
200.50381189710302
180.76080372540397
2.981133068918269
96.34882746568071
98.69208853190332
113.18851621263543
131.25036446973527
295.8096508890498
158.53172212863137
5.619422586528691
181.66366791040534
269.8851937465088
289.9546791657181
33.29440029718345
147.6984155919382
290.2681915298538
303.24676540970694
7.202582897531422
168.99485414866263
89.16674094460724
293.00182401556305
279.4023875886242
19.545644253923914
71.96947821601393
198.2691026117184
323.42176135774224
81.63009085509685
239.44839744805358
160.6627991935625
243.58622182890602
232.75009207964573
339.6178445657604
115.99148785697315
94.97541103825817
17.23904280617523
72.84453540998682
180.0044330165229
164.81000940285634
349.87874742341
58.53020835969033
225.1407055317731
236.42258786049732
285.7737534501286
137.66497068249757
192.7062510348465
8.567578959431167
168.89635666991603
152.77602718617314
263.6929001524001
75.67702257021946
301.12969682422585
95.27293561009472
301.49265346743346
28.770308818685212
274.30039936572194
239.91732517662913
261.04925689234375
272.0778266209803
319.60624668279877
317.1212040442598
331.5285862036676
347.039769499314
92.00852104044412
346.00504864680653
83.37808958885927
33.19312901045087
221.57262937711124
64.62277995167993
185.68470653473545
214.56138520343572
289.4046545440877
188.48807417430186
346.02979135498083
140.51286198786718
62.745760963189646
4.5122190071004775
82.5785664661819
231.6554535468362
251.95007279684418
224.69099013578918
126.9307072972852
344.1869470784891
11.486112862770117
342.3540079544336
116.29779063407047
90.22156375659617
177.76564401088825
113.51705838268283
324.8622584017082
296.96516639855884
258.51791804058183
346.854100631363
106.71175290118832
334.2129216034913
141.59152959830251
48.032436845563645
356.5316523552378
327.49492510908476
135.47989689183933
87.63096302143762
79.27779571089008
163.29667225305548
89.5305877780336
66.58808315713844
96.34025555592906
243.1331658420594
88.71286576513454
259.10233083504636
3.248375575614064
314.8564852216779
135.98165067636518
100.13543349510802
332.7560237698728
202.42874555358935
164.6903617170478
13.143927377114512
27.185320934743178
349.4936723296278
264.1690908197262
3.392236501578121
145.196143471624
227.43139348046842
273.4986008261156
13.176428351393664
20.687470423856624
275.1831591637679
61.67475630142133
347.514698171196
135.32623572916913
55.9836223454782
26.772002904207525
12.336891854887142
201.23790729434342
335.2403958694263
292.3786288302948
161.93225050942124
16.682277352147462
44.1518214585178
356.49053824214366
148.39087852147463
35.07716799599394
75.25564311917768
276.2144207355752
143.00112935741345
36.521502651507305
318.9527295152607
211.04512118097696
118.04160613210188
251.00847704679023
54.151689573703734
258.146333707669
137.13309832482602
313.8086148728989
151.53154524473948
74.9773571077428
203.29226440886606
296.0414049779743
294.52147691561765
37.77333214181219
316.05548545152527
187.24346604583306
330.948015864634
28.79980061187681
292.5178477214074
211.78014363569338
97.40166463154317
340.96701170726874
71.85882930638994
117.23648334893633
248.72660860975094
315.3030823630724
328.9026931137448
160.4626963855677
336.63850601718065
184.94947233537374
269.48837356385235
135.73814825482714
214.32716698327667
228.75607049340672
308.899966044979
279.5571372683441
78.00229020399881
138.2173862196824
184.33566116878436
87.82864294019376
171.69215431408188
233.4053838113718
203.36943950233234
33.82130370820681
338.206536609863
226.71847422026167
342.5864751770153
158.9741070172589
117.02687822303444
67.68040921959407
264.04965599403494
283.73207413969965
168.9882153877012
47.686669778284525
251.98135324220473
271.8555627458218
47.96881199264294
80.51020235468663
108.02088513575204
219.19057101495
221.40530097392457
102.5422776102794
260.6450059848362
266.67687399800195
244.30236620985224
176.15841577438968
102.81500657119749
117.40943251052119
235.5078062468805
210.2632694955346
311.640772336739
348.8579875717141
250.37530446037493
193.98255056196513
24.828637063311888
93.88853362871934
30.53864999460732
312.6340324726373
330.9064501435328
298.0196209593237
59.37307866031905
239.52378027915168
133.69575219605682
225.38528660163635
340.82050251996014
72.77783245805244
236.2277397245512
342.1657497736645
249.60732340104875
293.3335921756748
175.2759686372899
313.7858074154392
292.48497012900435
238.37920936098823
164.90551260881728
210.97008307774652
72.97474465990275
313.9434811755743
195.91485273775922
169.7832902576996
286.20031965713457
191.00253183873548
167.77316192208988
172.07278594302244
145.74268248584363
341.38398178147685
300.6324455565631
305.2696594463435
61.05390261314048
232.91303773729777
147.22035661412295
24.293736724273423
281.81759642370656
197.65924927719698
177.89622793103598
133.34693452033116
164.74572954111525
332.8065481283646
186.87932457291515
31.668473769831238
18.652675502059857
270.58345122991255
23.63486320290299
224.8644075549455
25.24924420985836
101.85411929663613
70.63005387031752
312.2132182969309
115.95088323915347
277.3852638207761
267.14883661251105
140.3880066909917
309.0956811744431
181.46786082168768
118.58053450356707
325.32513083311954
157.31968508951994
194.48662403464027
111.57439602820511
6.508001267176433
61.438177019006545
274.19429944337065
157.67834672863512
191.72400824551238
75.03361589979131
69.86211002181915
31.55691570486691
55.39133939648936
93.05193567695272
299.14127277391685
14.609919515634218
269.8418550263492
188.06109304662837
204.3850979803555
140.78999386136843
356.4848994396788
49.426685192851394
83.34488006723885
328.6435586920777
182.5663346909671
193.51157649893494
38.56699008765344
112.07654792803564
179.27579869514906
87.10762708049133
290.48262699450726
52.07258707969978
18.244564460941206
161.6594036931939
291.0957878937701
302.568060003543
116.01517755103032
172.44124170519217
178.3389349026993
55.91487053421575
39.85336905907903
194.70056944326492
25.580168912567526
226.83842144475585
103.31151390585187
187.88206233193756
106.42940631505472
28.52489785014393
6.242293174270426
179.39859906547605
211.90548298009466
330.4483440565198
251.4998995146143
161.01675712755247
245.19000373908906
64.77475549529481
19.355635944374143
73.77591100417379
238.60769468815926
146.65688604664703
320.69337866424434
21.46179537323666
348.1374289349492
73.46012490391357
221.33972923108243
178.00677690542813
202.67172333117745
48.93610581065245
252.42270841558494
180.79078236582112
138.40694822265738
300.58771571272473
355.4417042594806
209.66821373324922
293.1603273736656
221.94522273232164
295.77075078647425
0.6479618874079263
311.07390001905844
236.20023852898439
294.606040815887
53.50503657541922
195.07980516845885
283.6205099591753
76.90770859156937
304.2039090309527
282.6651328652255
102.39524746630872
211.67508188588218
105.8653343136515
89.88875817475405
201.03716154625266
10.933498461948679
336.10980765529837
69.2666718259451
210.19407137237226
235.0998803457577
303.9625833941358
239.05618572385265
352.69932942297953
264.93355054420994
186.10649887196988
84.63378373797705
42.91708083576538
244.0674237966322
260.12068064864485
187.07509589089412
119.91469864036692
131.15417015176575
341.44453658690634
299.7097633285898
93.7215930445832
186.9507302182884
131.1581345421426
150.33801685544267
239.90978294226102
39.203823287697645
203.2716001141898
294.9596509142026
214.95859989322852
316.98791685837045
143.06768238602342
48.28049943190294
203.34210795221384
246.18653227384084
12.143346999033922
26.92513128099193
207.00457044803022
109.09644267320981
21.14753265978773
3.1989871059995467
68.86575101606086
53.67364952814597
277.8141392155713
140.40690224135435
184.224628503146
111.72898883413762
25.74055630667377
105.14921131352216
317.40623064818806
50.42027887346917
98.46375538100084
27.6806846840222
145.72334829072508
277.6769925431301
343.7376073705858
208.33142660676396
298.80116902402176
249.73254536461147
164.51637999455713
206.15323503136727
68.53935910622997
287.7282262519998
356.0012887932131
255.36871050007903
233.46299136983495
40.39202861431195
132.2081835085394
195.86452923948093
130.94002068835505
271.0845957793131
110.86633569205225
275.8845755847632
301.7196753144223
200.04353646513474
302.05959380302085
88.24232636865062
43.47257200895454
56.4465199149463
303.87292389160007
15.786175031071696
163.49020833846498
109.95255276341729
347.4087257573909
47.515530305260356
155.42770685838016
217.66995503589146
33.88916990574558
43.65924446142683
180.95052230511567
320.03852267117475
168.16198634187162
356.19241014123935
254.37213713197292
347.9025265649583
335.7790148086404
150.68121956296181
306.8466141695964
183.09027440341097
114.91826559577083
26.01004683011468
346.40618035158934
166.10483347819144
339.7717394166126
310.45857854613706
251.11073718632804
167.06986689055475
78.62292135245345
5.761214147288394
234.80270434013948
149.8633206374248
357.6894346466459
195.19480858444086
308.4371490880345
184.41098790988545
270.907750818864
187.40495696744338
204.68370966403808
278.4008468445993
6.188634240853448
174.59516604131622
159.4735349075259
127.21829679181822
130.27333121316715
21.867104390996857
171.39069232470584
239.69131925438472
87.17232375189826
333.9144874622477
248.2844594883615
247.2738603847949
159.26978577567985
45.93694586378947
140.20516119133788
225.58451399510463
115.5286214916878
257.55436865964583
348.7429646728881
189.7569771429161
67.8324297763048
271.6664338857523
235.07548216037532
88.84746704555059
34.35238020701154
254.61583207580404
102.50672254024319
259.5836533550488
7.928414524446348
119.67797247357188
84.00633502099953
126.0285578998935
347.80594885805914
112.81389362887978
281.2348355429378
309.2719056801397
254.67063356777956
347.78723275715606
318.7669469654582
0.05064056397874772
31.77534058128027
197.16014118054903
15.701670774728145
7.239231791529153
179.0552102515277
316.3471004724755
36.57455770271045
326.43943829252896
312.47802743705955
79.81964195296959
84.46386481594267
15.438474256967636
327.47874767614115
221.71908676001385
1.4090896773604156
17.0933500804469
173.17873408749173
57.54841709752607
124.73684615583926
95.23827193563432
353.19159853422457
19.278459917313427
212.61553467875552
205.5011669496887
139.1692766611451
203.11774978102144
38.13706796454859
330.45439643850204
34.843435106339484
167.35926053568363
358.4500920330258
107.31363951480583
21.168902098576265
327.1315301230699
113.94617215035433
226.43826717508264
267.2773849431562
53.545556911291946
242.22646505679037
140.17537609316267
147.3012573839656
356.64295967674576
242.55345181845257
254.12877355372868
279.7288757209215
134.71511657174906
238.71848239354756
356.723267652785
223.80423742654122
6.976741002181153
121.73270700311679
57.973764913750756
26.585596954795257
232.24176765992894
128.47533557648765
334.65756749446535
134.62904752725493
313.1631849957384
288.4099010225466
236.6274467270964
225.86470328155812
193.76273598670548
147.7056343074627
277.7921250506982
240.0846621391531
317.3903159268942
298.5777042816995
295.3298424821734
170.56355166125653
222.9171107949402
261.3865788424781
291.98970053239606
264.6838897930818
298.8803290614019
188.01334091901055
218.87465902929702
8.040228637528584
68.46182428813646
237.2544697489048
289.8889322256026
274.3474324272639
342.5965693357664
276.4558653554346
244.07183549974982
232.5801519595498
314.1712738262134
308.3328571069846
188.32897168205045
133.12203902181693
53.187394008223364
227.89914734905625
340.61086413249546
226.304855183847
100.92687260008202
141.65444481467688
152.37813598243264
39.56909617919692
270.573015331616
169.65689377937852
279.2313535573743
293.5794568178493
102.40286421756998
40.83321031875077
9.872868583763399
152.97989770871467
173.58175859300312
282.85580605653087
176.10687727126958
204.074759008674
225.75449657553784
120.14276155385497
290.3731031198408
289.57376687694125
168.04181815434742
47.01327916356922
52.34850543642893
309.64050684331687
318.71494141270483
117.75738336584305
232.44048528093734
38.835404810391466
165.73483150412915
211.35579755349866
277.5341995300893
230.1458525054767
14.507127337670042
85.81185152747551
73.145523001849
100.14761457242112
230.61754439107492
215.53430784536621
176.17035263960204
273.4433810115982
55.97677884933167
124.93641029638673
263.710042300368
329.87566443015623
218.7178146302037
72.39280668953516
85.99166834325177
44.612948301457976
330.35288547057905
300.92305867866366
65.19109677937153
159.05961417697674
168.11108549530084
335.446388877771
7.005695839683521
309.64150333345424
16.041880101416197
171.17946356386364
228.11269472354564
291.87078487789364
45.3838150046255
343.725077216729
310.188275956938
228.6952281084058
292.861731936927
318.6266636702797
149.95146229963837
4.988575203935666
64.98984985688396
66.6395424478145
344.73603599600574
164.14021286957342
77.12225183170526
100.69696025034409
154.38260947346956
298.0540595327416
7.906184726721155
161.5251071516497
232.78233019697893
198.4679065253938
172.9578395960399
311.08806461766164
186.19236275014555
195.35635908696113
15.994248562677186
346.52019824650637
70.48279865142699
67.28159977577437
1.3189147790893996
101.92991185660847
345.7632179396601
228.9083044361414
28.473064719544684
241.43552668395048
204.37677246990813
182.5001890350664
318.0282684709638
284.02027246679654
137.0380778125967
223.06739940916378
156.91038097052098
79.27023673512167
221.9308401853207
270.93551886570003
222.3086715562618
12.785504248112488
232.86979146286396
190.8585108655926
65.13824765933332
221.03129005984587
145.17080588321457
163.3994464094466
247.18783479390567
237.62260568293178
211.66207709369897
282.15445262333384
190.4990086094882
296.51228135445194
206.30819578943547
159.49696576342703
13.187139304300155
22.27894262551443
209.20824580213727
133.87071364737758
172.82825547046727
323.68805537664275
354.2677664295707
283.2616564872384
256.7002516141201
13.925694220196988
119.63395215920433
222.33059803875673
27.580734257902066
129.38119607946658
11.022028933490429
354.78959302264025
54.46798551336534
68.58155347313645
149.35016653767948
347.9570832548851
329.50563943256134
323.8568515300562
126.63922382399092
13.028105275996417
315.5555436504504
90.54265597957637
137.92262985340392
192.44748439240323
283.2774639831887
252.00190365437288
311.9508869266574
74.87554055596023
222.23848770892099
273.4751515319874
189.76413319347947
138.5873731207728
207.48861287025701
313.74499208117663
117.74533076938268
225.74831787486366
31.203653240046116
260.8266200988169
210.5557301114164
272.85984177995715
288.41013873251796
296.37340380866914
299.39320088412296
6.771513319197022
336.4712533887254
73.21259937770395
352.30324820245795
261.006478081949
149.9268045312037
211.40323872529626
355.81146624804427
73.74924872217635
225.44437954033307
340.4344066374334
140.9352801587825
356.6962294423812
276.05265769017296
138.65905314499767
241.67198986559487
73.07108211064944
89.49227991859897
185.7846642095607
270.3489484981686
293.45837486048435
292.43343574184735
350.2191848582958
201.76105213970342
9.710717756891384
180.473492733905
200.29652090714185
336.8096429412873
100.03602745464876
3.242098007798173
196.88310401658916
326.39589524957626
192.47323698974932
134.60520686547173
34.593126252997266
277.61104877108573
129.31618440617845
169.87356460722796
89.81693166023547
76.80472287410038
331.6471059048805
95.08511174923413
25.993341748314748
47.90165710280231
200.99271254977597
107.8451531234657
200.0334889832528
279.37634417773234
254.21722818376765
194.87182782293607
168.53012000019834
79.58404052935921
8.118584088548474
68.30870570882152
28.363011098596242
97.68563085918579
111.79529647904737
291.03038036591755
263.53765127395525
116.19310384613398
147.7033456585111
260.58087281803887
208.57086425695803
301.2011237012952
206.42362206293893
132.04884295384193
138.46371633535415
227.65963891741174
345.5124436744152
342.0976616856781
76.27851025361835
119.58108348619095
289.408849082221
229.5323585559807
351.5632834578412
338.86533706212913
175.2243006689804
52.199589673845274
106.3438665394537
261.46405717547094
78.3415963238858
195.68092466957742
290.12978577773623
95.89558533900272
102.10167704445988
316.15360156757185
51.35748547863501
286.6604124698373
307.45846233921634
37.957115650191646
19.920162469950057
263.8962510706238
51.333328283605944
275.8181204485576
263.9106556715688
210.65098406752426
116.50253070773208
272.3499435601213
93.43008651619978
100.4407032025518
351.2023981616496
193.35737244911928
95.29167444202764
110.29906211263985
353.23864767399925
46.641199672973634
94.67547058488978
358.3134062652299
271.23772162111123
104.41125041090766
313.26671358989546
229.6820512251683
134.77978864675362
115.0804913675271
28.136606739410944
61.61618264883995
265.5042605921253
27.127090102416904
11.601310249544996
214.9489742773661
22.880659729510274
315.87520657838587
109.52114682901201
129.10350846322046
81.18891883974092
63.45940676092029
173.97886472213645
157.11014662609148
58.35483736106185
12.901666134121367
6.002163944009
8.653123765387472
102.63811200679358
259.14398975273787
224.97236755869503
91.66518155475266
69.77172366328155
333.04372029028434
103.58759566680193
216.77804079483408
71.00315386138836
178.7526257408167
270.72556341867124
93.97567140987971
41.589499875227126
280.56506856344527
269.2772531740753
7.0863731562264975
209.6498697863079
42.23448605531398
221.99991077350023
319.28868104612354
216.8804171617695
139.9214492030759
305.66368351060635
1.5951795602431718
155.48854411693728
319.35076783903503
42.24341355162303
66.31748121316568
339.80455621377064
108.41909274241854
265.6331415097012
268.8045224388253
186.38063650490153
8.408487870757678
53.337783036219406
73.28553779893815
52.988424432333574
190.1255832829466
324.8229130831299
262.4380289229015
324.77828540110954
35.69995694748711
321.679981972234
105.340192609263
34.964556982866426
272.4394173474106
359.4912061224446
284.7562430117518
187.75307943295365
302.0540027078408
37.25452068104777
182.2422420351508
312.8284234562583
116.72449246897129
187.45592851861383
268.34896790917736
23.570165731330313
232.90529979844
48.352790491561265
205.2375944780121
195.2688627492975
164.41580194036987
79.75853467313961
40.312825664832765
224.96406601166098
178.28797450724048
284.5954851031683
32.01733894784431
41.128296939659194
190.00257057284426
160.7092412321274
282.7203806173831
299.2723526130582
19.159829354633864
90.91463390598949
338.67243520894687
128.64898700072825
122.29507838444292
283.96979073426695
253.286970629364
165.58354188877104
66.46333599078972
225.15127373396234
17.54927473974853
260.5615784493748
245.381404385237
262.33016314592675
300.14155237727056
259.0553437410101
69.32971238577036
321.92510873257226
349.91238457210636
230.17215417439553
240.6804258919789
58.83526645282511
14.607836114996488
252.5596327399127
158.83234799587552
115.43240744016919
2.320504501197269
283.6041256872177
221.49716874704808
356.91807333670545
235.90185792381587
255.81025547986744
83.69571854916387
203.82836606524754
265.6222855914803
83.35109689409892
161.48691092945845
57.19527533961458
291.65236410876344
162.13005302400438
24.36619629068574
27.850200469680814
85.47787533856854
168.29706650013776
328.4342395389189
298.5818544889858
308.1501745300689
103.01329623854893
241.850889283747
186.33718779366046
123.31262400144293
275.3601326486264
24.753224924119902
211.38070547693258
154.23279492334925
20.639722431005694
147.73079490833305
101.30396046546579
256.60919624031027
137.91599885083528
306.11511846633067
300.0036305828941
352.71055496778405
58.49655616629266
351.75453794567255
135.2232386630978
217.44427697698453
186.1574904073154
239.60969755634534
282.9799021238452
303.24047510075303
320.2646356195664
173.41889524158995
73.17434420403791
198.17616365972032
24.546409880105312
112.84656503413024
267.908728032257
50.55415224920534
77.12497637788717
113.9424282995984
12.513614874940204
143.1895062690221
211.51385766845067
255.402615142105
189.01174292637774
41.94592380262908
193.64198792678093
155.03839629208278
72.7230755885627
135.60340409787736
356.56539184497603
64.02198667245797
84.94191123499101
247.92743101872327
32.37960231420284
320.8932359718065
108.09361144356984
57.849155511654914
319.94719353805175
112.97467512629223
284.50497815226635
109.9551067253326
347.4065597322586
309.7569124003348
335.898797908836
35.02387240332601
230.02954496207084
240.98007896744826
297.9498201161417
149.13651807290736
6.847107826979517
131.55124726760283
282.71577536495954
19.92620995169567
163.56380515684128
276.10178321704365
341.4838439968984
39.82201678140535
34.6333567942989
177.90264405421036
21.549277627064583
208.68047972469148
63.96920931327208
70.01971867891358
152.6697464562322
281.9879253610991
111.61553366147973
321.00532485729724
202.4151882705541
105.85543696853215
202.8056579710951
283.0860778260561
284.35989263405156
296.31742475484015
126.18644486736667
247.72142571193802
349.0397853458634
267.98389478983563
59.58885683451858
51.57111759163787
354.8245478392447
255.88547648739623
14.576285934562033
85.32410546204672
24.33097051981623
44.389464118116855
65.10393862283694
358.50518986152815
341.73012215991224
18.353985002547056
220.9741368511965
105.29006061028088
357.27774783578377
204.22672504164723
303.37384455341305
59.523202331563006
297.62389502149364
132.58346621832965
157.63239192596438
181.54746440827844
273.9341006087531
348.6409540605411
77.43885704833278
45.11776201360658
74.58124818003995
263.5674843075092
55.110304483762405
129.58590232471948
225.14368989783728
176.95382818502912
174.10328499461872
150.70726574442105
15.671753479656573
189.59607713611155
162.81299977175328
342.83420681755797
13.661429195017973
85.78112581663093
32.80575484011038
155.925198028039
60.90038794238942
335.55442968488546
349.98206402354975
72.71270185711045
93.32835609044415
269.98894458192194
113.76927783406619
104.53684423925893
205.2800803624993
336.26307221291967
7.294140835401444
148.7660203006191
322.9559547948112
104.39445873881515
50.58735625775381
306.3897143876767
296.69184856235324
333.7658168907292
39.223613297781604
105.28266392443167
327.57615447788515
35.11756734588464
182.4023391872199
32.80388815208143
131.1888039015215
82.47169625099181
187.32571988777642
290.80771329543745
309.7133852914637
19.489710624508056
110.83237914640326
126.80857370242057
173.4002419631731
26.057189603891707
134.59636763809547
186.95479023267464
163.33478024317833
163.42602599635137
256.8030902222122
79.6311151590426
79.69205577622326
320.03488006584587
331.0647786935945
92.92362371435965
233.13489674280282
295.16714536585386
242.44032605495642
14.84463123585343
211.73981656115032
343.8949597768119
10.77535983495296
102.1294373162417
311.8111398647868
344.2968668210435
253.1801916867991
111.58069426068103
258.1706162008566
256.72563744205576
40.31496594911337
107.3503561506193
37.98616727136497
244.94198354687904
105.25258161779476
168.2130845979876
331.9300781152988
120.21891137113045
329.04182096230306
340.79918282016286
347.4335088019322
332.06046289131183
193.69454848902015
297.91910745128604
281.030665609979
122.96774873889963
341.1723449993056
245.52572158041775
320.2626726264071
49.72421814513001
306.04967404295707
237.52449365935456
240.33762732179738
129.96106182171442
179.88212178050318
44.55589561898086
56.71995219281235
80.3028671414537
296.9097333695895
241.03831513721747
142.04873297223799
111.1826855483258
163.57733816883766
104.17395198021119
144.26121927783808
133.45450834143122
228.454885779182
139.28405191097258
312.5242221998683
213.22062641923625
144.49282527205912
117.75403391218599
248.55295223933496
203.82994338072277
192.14868062799104
77.03312606244647
333.1229346097028
47.79277908744614
269.77301960136515
226.5471657193242
171.05770699544155
236.39648671389108
116.74404974707076
49.04710658798349
272.7011806040694
101.09541015859703
295.1921212132949
163.83026517351541
325.8603415200995
68.28770281838757
317.75663112681326
126.43486561863189
209.4304096454279
337.8806618298565
51.66960372123185
158.82302740149998
118.39118796861642
166.08521427746294
33.5616089184296
114.7309195103323
169.58993242616015
164.16928641265048
154.73743625185827
226.77927116145787
358.7024644475671
167.43892925031813
283.27031516327935
355.1012379335815
180.99107814307138
42.504909956139635
337.1151856439609
321.6587604057191
91.95414468257329
245.93189870404873
191.54293656158492
70.08268741595121
228.68887437245547
103.65602260550101
74.54929727412289
317.78585869036937
278.7655588227907
328.0960258518763
135.49340271227217
185.26249170866726
350.63761196799936
188.67199659412123
145.07276303983753
316.90130023177477
208.08898923319563
201.48493741395268
318.8429091060426
8.303803010986863
120.94648708353192
85.19934291480659
251.84147756678698
67.01323400512169
335.26143527176697
42.71016672558764
28.478170078881334
276.72380665671466
98.39162105208477
251.96445660714528
169.70347239535863
329.4538166383707
127.89091014438968
264.3470951018451
38.570702122193026
335.8303969702043
347.84064754106083
175.32918776995143
85.65735871744255
120.54764728937826
112.23339823702109
29.61661104651896
277.4134553801175
338.223935409085
232.24615430393442
231.8253031635034
213.3561067277734
44.29832830621337
122.71684942899293
353.74902759174864
82.1308818357055
6.270072374671125
162.86424673233822
60.57430157432994
211.81256458050504
62.49917931973076
247.26835756245225
160.93632196243743
176.41886798707574
348.9500982097393
325.35441592281086
219.4986987692281
108.46283160423624
298.674729208971
251.100811058917
35.779004499549956
196.47068220604123
54.49494155729162
129.4170455172857
309.2310225879181
196.7438324397853
242.25883388044693
191.61527819293696
58.1338607444537
80.24517950790414
330.2091223496586
59.62472662054801
158.626899539712
348.34125235148616
89.41597724666084
347.0753801451193
160.26888166501055
45.2335936329102
10.890887572128394
135.10372846478805
315.78830983885024
350.2641669652584
126.91186351918549
111.70984192486507
15.231467675250268
89.88105992632936
287.25481829499324
75.72173779808733
338.50340565492917
86.90259373944933
275.4395390187814
279.8995359758835
235.33636895082716
43.819190871027004
335.7630905206477
242.43829245102597
308.00906339038926
277.2241669934585
198.8073742412319
272.1053077965646
269.6794289166298
202.06598455215072
141.27167565741925
349.4739442741887
279.98241187557204
247.26625231304016
115.39508805497861
305.192654307256
359.58349416701043
148.34917064886784
253.89778386617115
235.95462786272728
36.66767090806623
108.07969947508623
18.2841099005214
239.80973473336454
240.88269448766493
302.7094432119467
191.51468856986406
234.68733195156503
154.044448149536
39.28053093532021
140.46848600754726
247.47478741853757
331.9513462690595
18.53966068223483
169.2802756052502
205.72335409614317
87.94379930245154
268.36575161066116
191.55259063103478
250.02933309511158
76.3837339424059
184.2163685315129
127.60553845536597
352.36542059471583
233.01832027932105
25.949633326076956
22.341958292868135
214.11324070829144
79.23105759679945
14.479829586927643
199.96922624933774
187.2749227627954
238.47245558743919
327.07656578036995
143.73337733080143
233.31815702065322
5.701659251443774
126.71884500084003
11.984981303154187
26.335452274020778
354.45930505279574
38.76692664244878
256.3105687879345
140.6752875805376
141.23103856492412
327.316634075772
53.127143383620144
117.92898055536621
73.05026062765472
343.9520116705573
157.05170627952936
284.13399541220866
201.82756928977722
63.21400494431509
172.5214904139208
165.28085690433554
297.6835327821005
41.95444796171567
279.5549265267408
147.68728279540665
233.60047821629155
223.84596361428004
60.20717058707209
289.529930082925
244.99802965230253
215.6702143723236
294.1882819953503
230.80055543694428
250.37615616411702
28.60826964647867
185.27612510998537
251.17998146704437
172.9586779500939
165.60863052637416
44.570127078743425
88.79986583021693
28.30906504041758
105.00987408090506
312.2961036585086
317.5887986460602
239.17954956488265
80.94643577001867
346.7864026742657
286.8758285751824
206.39359751951042
272.6677559253341
7.423719287667736
54.15106414010654
283.35091236678943
87.75234362881199
187.75096347811092
270.35955734059354
171.78298438355733
78.30020815709233
235.6136368308434
46.83134253227347
17.67663619725649
164.53820653742423
269.11522777545406
83.92679746557722
178.82165167680512
136.87497421703176
200.3302315615371
133.70344528946976
279.2280269584676
105.29312007175896
253.13338256388195
282.38651536944514
120.69714685282133
264.0683851881946
227.16790602877805
53.15235732733737
328.1204312749269
240.1566846017428
196.88941037578684
225.71028774599776
62.61799583408822
195.191777938794
342.7863991576149
226.39504482614905
305.4188911686306
113.88765971741151
191.29219477765844
80.95856127436743
175.42366648978896
135.74147585024087
130.5672460214445
121.97631494202128
54.678957868994615
332.2842910373648
231.2449038567139
63.760187513467834
318.5328797517442
278.7285346257805
134.39766605123341
19.896087153509136
1.029118542558436
276.7125742565137
273.3950132789525
262.0014673268476
331.1366182179192
313.9445160250048
131.98819633871565
203.0241851971087
151.70089410165696
316.89860461395097
167.87104752966957
154.38081714423157
20.54195276405309
44.31957516828498
129.13024855688852
333.459060293704
211.91298945743725
322.14142415936544
320.4124787045768
266.4855086654774
86.57301823736847
154.52905183674574
296.29980691315717
61.48653047960293
300.0156589825633
41.10245867243983
71.2988909668641
217.04658626660506
270.93539018115354
107.00488628054404
119.01362000203494
204.79494406199154
35.801622951433046
170.32792710935388
227.48470788127074
97.02823400562212
110.45005150709767
310.5079989991015
3.344095926123889
325.60286542349405
345.88968967662265
141.6603342062972
74.34578117734193
334.2079244755686
203.0632573905626
316.418043518951
27.999079208695896
143.35567778462445
180.08741106275633
268.69548007608313
163.44399063144328
325.90348460984484
185.5385489964761
7.896647492965934
344.3728717525131
70.64723601753423
222.63898262290573
142.44099282161702
302.7161992172611
172.50341873387393
151.73710897604386
37.0804089895545
255.97467905041663
210.02289170019745
212.26466471674527
16.33291187962577
265.49375344749683
214.45669102338522
90.39276566835501
15.460018105444187
298.64072856733486
119.32008519524653
334.8979172801054
130.7663361650293
24.758816730095397
5.378229879311407
291.2878684513767
252.60155887612575
212.93636756306472
303.2028510824803
323.0265704027022
217.29650111461078
9.043749801595023
243.9264127059746
358.73631167211386
328.3664286728088
190.1543041269963
358.54633785194204
65.54427398565774
72.66654278138611
166.3798394719843
117.1087640982532
321.2799108249658
113.78598102192836
263.31536038494227
311.3277176908885
222.018363763167
22.818176285670468
312.7015441461014
237.67212324219784
216.5044271835201
305.74727270966525
4.577813136345785
252.6797240642079
345.2805719923474
187.04146362576262
11.112602953513054
208.23354840350413
19.881457965859582
350.6460130608932
60.461806217014754
311.76297566267664
26.246706684582854
62.420083226666854
278.4201957273726
94.80820626168389
76.54245873432401
2.1631257593145836
306.294815968341
213.11342366034663
24.871574796483277
38.72820381012977
145.34339069362443
62.390420087027664
124.89116607177321
48.321034509242
291.2846836124517
276.1211747327694
81.1454207752679
63.93528108709631
266.8022092681319
75.24429349736678
130.9605933579785
352.9760319438174
175.62622541855046
44.296873891433805
270.03812100797643
130.4750434706124
308.69347776787095
214.55992554139692
122.42098838759416
286.90290477093293
91.0479103200144
181.9819237260047
254.29738142943464
142.43479487343802
327.5597552006315
96.13175454497726
261.1448425048564
233.6280860487469
266.2045809987872
46.15887163123662
239.00716542733332
53.82153414058288
249.55754717250315
280.7149686831047
323.2353051277447
65.16763364588407
28.3227590586065
351.0180619021444
321.81267708340926
178.06081801535234
285.1311245818874
19.71650730293309
5.424278409174597
292.8262172653154
2.504545172321624
272.93693523627593
62.71806519827986
218.88490742225028
165.7981651859394
168.87672238877846
126.74626964042886
168.2133674894529
40.09650730334506
33.52816103956818
187.36308462602133
342.76625002915137
219.45341600877634
32.598039122058
204.39452558983368
59.63330601811579
257.52972077240736
288.41288046847814
147.68514054031783
143.05266989292076
190.5966992835063
31.57680562650921
212.66541641131795
39.00452740842246
57.03731303652354
179.37525901591584
113.87268125516056
75.96043248588141
81.89150013055001
216.3946842626829
23.897504802964427
24.465438077220504
170.6556206249514
317.55467753564284
221.5164751924938
318.5814942164998
183.46034869374088
219.7256645914861
200.3115174956291
73.82226847266243
258.915367425439
135.331773923707
67.86480467501221
9.061150339243301
66.32324834771931
209.8151657057562
335.6573945774636
233.9955239424035
165.62895835449714
14.564543652172688
101.0889592505921
279.10233940500945
6.385488761930831
337.88725172325366
235.57473297615002
161.62119288723923
60.180273465112045
328.83081061545033
156.46522484131214
178.95289593114077
115.38094254883094
222.13638790691846
315.57289348199885
259.96307696939164
188.7231450385326
67.33329525994675
203.3795878087949
245.0318619209298
105.17725670124877
100.95991409169271
205.53693474780513
47.29225543416816
325.6947230055427
318.1235351309521
177.06154603008372
110.35136080614092
181.8490187710494
338.0874563536595
39.665694610585234
1.8902763019688162
187.0500963162751
338.3009089473656
178.9530234524377
47.88998082770292
55.925365320436654
12.263579664623823
0.7483028704950678
258.8319604255409
356.6243353708426
308.84297910504006
259.6189277427549
227.07418483914438
345.21800799188446
94.13993733660419
257.68521251986766
63.70432802097841
127.02820243043658
121.72344395248308
168.10536627547037
193.52380351849507
296.6362010544281
243.03312612204425
285.16023472334655
178.41780993489328
266.4838533715014
196.9739657016667
261.6519393752327
92.21797608731183
243.39471964961805
306.20446254107753
244.3695921224103
84.26596089547343
93.00664090997417
337.34604998269475
179.66422529993955
204.23773767963021
24.021155335938886
53.318079738495626
353.7144301677114
277.3899898957682
287.33949017969417
278.22932605355965
255.8528034607923
137.24153431102016
159.5687510409091
128.7334290135108
28.362921751929377
241.80429545261734
286.04585218582116
280.4823634406029
292.4450242422664
179.8298672727567
75.44116516814327
94.28850754090142
97.58824659623106
55.13931284293695
66.16763359772187
203.83239816079183
130.3757780413414
219.95537740558262
344.23514288757326
325.230086863472
338.78873354895046
352.25787983624116
22.854331025512764
268.5001069836357
59.363522850857976
357.53457912470174
176.0076157843506
211.94715370384628
137.09633727901186
141.9014038852333
291.369642180895
322.7057358286287
281.7778256885568
231.41748759525345
192.3733446872869
330.1638081712258
89.47975093375429
341.52202388229824
234.88165600264531
283.7128950996291
174.20463159911156
290.8714428072234
90.83934522040788
132.24789260194024
302.24846303634007
105.45712722779248
349.44310067749353
190.06606251336885
340.615577221519
51.73529616497958
335.78242815740805
82.29160415604845
220.8638429334756
111.60233216948392
287.56772213245097
192.6783663977779
101.04747950067903
347.4003303956136
182.47602170293817
327.62033490451785
240.96366767477863
61.739304205664766
111.80911904340653
182.42552103814975
69.69845869260455
114.77397378512528
270.57255681854133
329.3859362028512
39.506284605089796
60.67456210884292
99.74828127964065
281.9025272799675
126.34667335618207
305.3828056104533
113.44770878099331
4.9007771495127095
174.94059456329626
149.34562895148977
271.79603176525063
278.9991145725677
94.99815598522022
241.77087890767405
339.81265539145784
144.3687322342147
275.30823504138806
277.05065955086945
183.2167125544526
129.95032576795063
93.6698637663672
269.3497421093826
194.0006959851827
314.6693687326833
183.18409723534245
207.95787557454568
331.77926413978264
149.51844884667977
129.2142534086313
163.85636539958287
331.3343943423575
112.8516647542231
76.36147319307801
27.051060422996844
142.4420307435347
315.96251717717473
41.091561585310025
124.5752111620224
154.97958160323168
1.99344535021873
353.18812524140634
200.66730833827657
180.47748620901217
8.45170317974652
267.9961830825417
113.4807428831963
270.6923796059038
212.08270933956203
1.4594049180537727
236.78330399503034
134.44315691554058
304.5787492176182
41.243169944952875
230.45657701723977
205.86558879650858
238.57728370458136
179.77482356125157
120.20641553570361
40.40499266020718
255.62983300592282
138.82139123411196
224.74754266963268
349.28061454125725
121.29888970056382
30.264247380520214
147.82679415777295
68.81942706155941
247.26691211918794
144.01927744852804
292.80091529774467
237.9711821127433
96.31794756187713
271.58990190221573
279.0867927191336
45.48037038159898
83.27904949445103
42.529745547295256
2.6530329587540002
167.60519925238924
343.48534074044255
331.1305866012299
206.82388305843085
327.93738436793194
40.05873500621497
241.9402259439122
195.01761762935814
232.79084223786214
122.26745314851958
65.2542229216048
3.643392543095554
348.79134906763625
269.45956821772893
307.51425061971725
201.23195380142022
353.71329677697645
358.5405903709848
286.5850426201394
208.9772207664079
227.2737666085556
137.69161511000365
38.170875092850366
88.21727101784991
255.50821088144878
155.00120828963483
7.171681792824054
311.98491859715693
140.51600385295487
257.910516896683
116.56792937002193
90.60951742158097
256.77832591074
107.84806813132332
276.46231853901463
75.45325563450302
155.91478789841216
344.1567576034953
17.195700528709217
280.2167878334636
213.6593563503949
202.39263141189178
102.99332078885766
315.8505483010414
76.0000819872984
144.30123021121364
306.38699645950686
12.959676580413898
175.8414262647828
310.2539237582737
278.6973947273818
204.69209188560342
17.211669210764367
359.6534624432967
358.1500458947561
23.45077835650324
280.95238779850536
240.79409793225327
54.737681565304996
126.37283197613458
13.990692267990497
188.88864467934678
239.73033177467562
47.36960465612042
23.709155322789755
349.4510296444088
147.7740049844841
137.6235515389604
269.5923827893053
103.94976474916777
130.8077138353849
61.789179295025505
6.24331354590717
195.62406114673445
85.56741928285552
3.7469209792913105
165.02618288637396
195.58109133029384
90.23508499153843
3.61047595227582
6.007430909136198
32.769277154442406
310.82944561921624
36.78947554476525
347.5296721460665
356.1492651062178
194.2247215967039
116.26113022801111
247.66804959094623
283.36048441182805
112.2221758869927
250.8059881062851
69.98228547227772
17.40821526830843
79.88867139593634
204.81444162858304
255.3917914875474
1.3721265667857274
181.41547336701495
119.37228826690509
42.665344962877036
290.86421684503625
258.03939021565253
129.6851221138963
191.93080630233857
94.94048537686314
325.1076454897016
230.50292341337843
268.7744851033765
288.39722329301634
89.15688269235996
359.0578951313448
320.9137623957977
251.85933822063325
230.91560059774324
24.129827996109356
65.09075574789294
10.794883710803465
6.428603682898055
50.205318622730566
78.74865749031746
200.56627005135854
116.04100619676672
287.2982705882977
359.21670479234024
321.8553442412316
179.76834615344714
299.8509547040112
132.54365792815736
189.27606994100094
337.61853300471205
92.23638716709648
164.78360967544003
335.7151437814989
144.72039096542525
133.7342460932195
90.45234818316646
335.9172521012198
213.6524796640567
272.4544119172394
106.03617838795067
195.05854228339268
50.155184588663914
255.53326221953594
100.84945180295281
31.5281181183674
353.4479831270228
62.03004542820026
33.20094545209121
27.864310130909082
308.66272091824976
145.30164558455783
266.7434081643626
109.76849953085669
286.44320345521936
253.23602062336994
180.04457358099108
0.34650731450155625
123.54996564506583
107.57592935537384
171.8320298336943
145.20347678650512
188.34855661561272
37.666244601505326
285.0284125439661
353.7452406560782
136.34852886071877
159.30957017153236
184.6074505709255
253.0153612297264
113.499354509978
346.0167296148497
187.4654213412993
42.623860748756606
128.7388251051526
337.7898215479589
176.91665582460345
292.8000832702587
312.32807870563835
311.67755457151986
100.08582935420878
242.32868610722943
82.79702041495082
258.69381599579253
23.383786981212825
269.1043887182894
182.8625049475676
213.29209979085826
289.4177257221604
3.267633044270104
33.47093852540132
164.4400536628399
218.10061582182394
51.35989792476747
335.15602025465097
221.43980981038965
345.38886946472843
219.66388973120326
357.19125528862577
32.991512729702436
314.9912061062492
225.8705021314068
97.55622361635446
204.5987886638896
111.55586936702598
130.44097808915214
270.5241883295652
247.26673761360826
188.25724188599008
222.50914898696294
163.7182566987502
179.54436172979712
117.36715220973265
179.89540902411258
322.7719117603895
215.31500488101577
199.31011188584594
28.780392392552304
9.268942165103539
1.3399863535411427
163.86576912100762
315.8131485888426
356.42705049661834
61.411989976245856
46.5960820339708
13.904895425256543
317.0280767782345
218.07665875405772
204.2384881356143
172.68624274169454
339.3873203807719
158.23199443407535
124.72080909500008
315.5821729898838
219.69308295368396
345.5171162695882
190.6172522428447
117.68571367922779
42.83680008508008
200.25318618784678
309.27935314244695
252.08778172359237
138.8933578842701
266.8010816947696
328.5393785889256
67.04715319678968
108.69982321500724
328.5518992299828
173.79810007532197
112.3612840363835
209.5203871124052
112.36778707329863
30.472693450482385
270.52504290542356
300.5739631740763
67.14244791866865
55.19466876669658
206.74110529927194
208.24011992109052
185.25200492271867
69.81181502999304
71.57228308568124
182.0482520976628
281.0184887765467
314.1621469939387
71.0026834827839
155.09356881380802
66.9099395905985
286.75192621130407
100.9010002398339
356.312905250567
136.0524092150669
186.88395872610724
86.35605976189035
127.0922189671237
88.73106992599223
47.44624664393088
131.08097833039795
330.96678070893176
210.9087733481281
234.48546820163125
308.0592047838739
72.71413214216008
164.39233619858436
107.85338267946581
29.831936652385117
321.9288537679415
321.12822654459393
246.6287065202403
25.303296170462133
146.2073443497976
68.21081341138074
303.6809120503115
179.6659000854592
0.3599439424970008
145.53809004899273
25.656366415406588
225.0262553617711
10.606514175406069
294.65121834179644
177.83145959812367
341.5359141777076
236.5009874133462
35.1457978745471
127.69139996929472
62.31071377583873
328.369268172052
204.1444219613
26.75731785256318
350.14735885383743
304.33395599320664
194.6715387260856
87.09843199170466
130.0227190735002
28.53842821574881
330.3732528776581
297.13019867945036
358.5881373393857
20.97192735987115
116.87630075453393
20.713219218851915
210.34745074411927
309.3363124218401
334.1818412340011
234.23200081975298
239.93392167410911
184.6842493805007
239.84156120113283
78.24642437986027
160.87808145834117
145.0974903173406
19.264732382364777
13.473150034201279
3.484744817189007
165.46335960048583
327.3569126103961
215.26799697761865
77.91420628929545
196.44609535542708
114.79207072789949
236.44456565413066
293.2892467812406
232.03925904746941
322.57183816565646
335.17831986130676
289.6258930999343
72.62407278469574
340.12699991292277
322.909544714652
326.61270654742884
89.24799489381783
155.0678500421508
216.57244294154142
21.73977351572568
264.87651155693146
276.7917058008307
300.1419366536234
80.00519670298121
309.6604917686788
111.50740449716945
172.4036516383454
148.40336457304804
359.8004034172871
22.8381384584735
141.01665030708446
300.6260864307138
113.37773489353206
230.01558496887233
237.35257071348417
50.88380174590096
351.5629805428284
214.77981545713055
252.2589064177628
130.48115737221846
159.89883526921
148.45105541619378
89.80810203934536
296.7573424204488
81.89595609787993
12.240927763111987
324.2584356376452
141.2285123967734
25.968057872357203
206.7223636843375
204.86642646020354
262.24583929547407
206.77191294944146
10.478938643609217
323.8548555332195
307.2096571326129
293.3070721861952
13.305933513532029
144.7543173360753
70.35641135001498
258.66903348286996
215.93701219381038
301.5004668075144
174.36187260181202
180.13875546899922
136.12195640379127
63.08302542930594
107.48061109799889
263.3304720874857
229.98244313543933
94.20680148927737
292.6682024890312
100.40870884342011
67.9244334404523
69.33898540630133
111.10931845335416
219.92463567194034
235.98736816634408
95.68103723959413
109.8013101780374
264.6108139278493
106.36166680613218
110.01756874582983
271.31957141251485
123.5125369863463
34.90805657511894
35.058666852678215
213.61738156475047
206.1230035040047
118.86333038447125
232.8061842882786
38.68965775511636
58.72858535273909
304.51895042981454
355.63857196985253
341.15643338688335
246.95959271739906
132.51056133838173
110.22290561973591
141.29865382991525
343.5809554409899
267.4577171860043
75.02679084171737
141.80518966787926
246.84628261406047
219.04511355527163
29.116939936329267
83.46673730894086
352.27787991627764
83.23767546010079
218.09524985693244
52.278792137898876
69.52426565864671
115.17399606649988
242.43720609558815
48.892355370759134
135.98602000628324
169.3836234610068
44.161676252963645
91.07764938663932
170.18948334651608
188.32568293108622
349.67508705482254
20.84276563269765
50.427289318513246
186.84758371190793
19.796932222923807
230.0755913690035
77.97348433035805
48.01435255964836
102.38794895057754
182.05394814443247
169.22021790069124
154.86051769517243
18.6660548890829
330.89564206502865
197.37194658499325
192.9681705489466
241.20930694673245
266.996263605707
271.87225065008704
130.37630142881807
39.809261132639556
243.729654699155
202.5272932554819
294.17806059196414
260.752125499154
309.16208410835145
205.32918776412768
17.264302603875148
25.76910250859744
36.25800698525478
348.27146302994134
44.023098233307884
168.81148453385177
276.0316830524743
147.98793871481172
80.40670276961005
131.970085561726
50.32567322214602
231.83530491534748
311.62882451336276
76.27268344414907
134.37353275293313
35.07898787611146
309.8568274118768
8.756999098839149
214.03088948147544
69.13059656691236
274.61473497039026
184.1312906713462
178.53537417001837
14.324660138404855
110.21485003490983
67.49810548303965
286.8826455642139
279.5111587315236
327.3871310734336
224.03120272776096
104.38222605591943
290.77957659249427
240.37694801940287
232.15966012851055
285.6833299382196
302.9192017484958
136.13372634788095
18.727013896530387
81.53767917544448
249.75944494364413
18.814241498470174
47.75772582466197
68.79262990487001
183.32313795151777
20.6760199229632
38.876934810644464
326.5845597440834
76.76452914064052
179.53784783419093
147.09378630134933
26.42912317778789
262.35322926723074
253.33598264895068
202.57261210756607
89.88140698361863
263.3039294692599
253.90615494856786
127.1802409989588
234.66567116828872
177.04113487515312
154.97304973786254
294.011902289487
298.65088917150985
237.52705246386753
323.4306165873009
216.76211111149104
200.77489727466153
245.56980600844787
38.34781218954044
67.72107268497993
148.99643410508705
328.56843139083156
158.7364114868091
166.34120784560594
337.58105627116896
134.93981153571147
138.9686021225745
74.73244777337763
349.5033458782755
203.51218278015793
9.834041535135846
42.10893471342754
274.47446275888996
234.45849044130986
123.57727575903704
17.123987178686182
249.08064365875234
325.8823429075116
202.85829404565033
135.19409013706075
2.7447820920822874
88.95802825548428
336.43033822054065
167.32685919191593
291.6998594945388
114.56531874105792
28.430683467314743
167.63186095808072
222.8894241618319
215.6488508695445
273.5318131263087
318.60737006481247
90.68707643548345
252.0707428528433
96.80172523078681
226.46016659985276
151.55326566660497
38.51449447817892
304.9739555532228
183.12940144677043
145.22443595201244
121.03692657601236
184.92919728726352
187.34984220114478
135.75600830669458
244.15424047804777
155.5421496577276
204.0037457122103
191.71734497463012
157.88723577630006
170.64872326387103
239.1746353964675
312.06332074811655
312.97974111991414
343.7402263122163
37.730451317066574
232.68370004944515
282.54353792154114
219.09287839006072
170.92745409963368
318.3581656702623
69.67188451034409
269.39239989870066
333.4404847831873
295.8212865135607
53.10307432193461
76.51507433475474
212.3890518604836
115.86837659438316
146.8042400952179
49.97819640504874
205.34300115729786
105.90967286781337
164.38495718677828
296.6744911639266
189.95538698559088
269.1069153115138
305.5391320554079
335.8564459027688
164.7843659285794
302.2028521280149
319.25252467100336
34.9382830540607
329.0299358702136
121.38093093329812
47.30285609045042
184.53474105592352
208.32533558650127
83.96879744626783
111.61782061245133
175.25733938222143
284.3872155077662
313.5259360493379
280.3460306941787
4.140566168394351
128.24244056122546
296.83229911849605
290.03448309519314
125.17177686620448
269.9136963823435
343.52131489184245
215.0955259785002
106.25028116014883
201.86001796135727
182.57724222313482
60.78524148460832
104.00255434607097
329.13244922347127
314.6434333936472
312.2041301284537
258.2323125012279
146.1190585507655
225.06459276538789
219.37030875173278
319.3853027320573
357.917736332912
269.81262236676827
237.20418465021694
315.2607703628225
73.78906056939046
214.92240982232775
29.302860685965495
37.30270001935333
340.8057541700422
319.7902151746633
305.6715174743679
302.1556482128985
77.72925064102108
105.66403622825898
337.11796659770516
0.7716582383292581
352.30788006270666
182.8819513585014
232.80589166502688
205.2060145525796
199.60538314842228
163.8907504269038
302.50106386827287
222.34153690571478
324.63251439507826
83.8040214679275
251.33412445359488
184.13231278761126
109.46829324637214
246.23520637341574
52.442381181826455
25.559614976594183
33.221986474417605
9.36786339094799
31.642316971063895
204.34410114705494
72.60056241448547
285.7017590403585
58.3234591230138
100.56012974003696
201.5105591018702
168.64015977700865
288.0432716135541
339.64943715643244
190.03751195351907
200.06010165238914
4.842036182409055
308.9330958827636
316.30987934979066
195.23410661475765
165.0853952579751
205.57218225108045
29.168719712285167
44.948288063901714
9.681612468229485
23.029146108441452
355.2282029315145
119.38833550333743
147.80946298766682
33.43345517681628
130.82639614827357
244.34155835774388
302.83184383139024
314.85664677014546
37.52944730528351
107.48961064067097
169.85923209088094
225.353490988212
129.26678014039254
21.043065219143333
244.46607065576654
199.7274130520574
99.83852696206968
16.695723300721138
323.3524499711256
280.33019061796693
191.45091479680926
159.85288965865718
170.2822654489628
109.80710281435357
108.09906627213888
262.3146538612169
144.41828060095287
231.55055613686847
332.0309073499115
126.07148387141648
283.21353987070773
302.7267450655961
7.189860191619428
185.59635173418235
98.30751881462369
265.09127790236823
170.4481004365962
171.99383056474633
260.4146428556723
0.4115116808755648
99.60622916588797
279.59338296876535
337.9817914148177
40.16474649932465
346.54920789393486
74.05062015618248
94.43042148865995
263.2829978931816
354.612576840231
320.74666981487945
180.08803660476065
41.06673689547649
61.12686650830348
273.2526359322316
257.4528452681339
14.991364257269835
39.27242834283589
303.8525317840194
32.224458038726745
180.9819813888082
57.79068098790804
121.59456005699924
87.57251445406139
282.83339908340565
192.76209413581972
8.067405381678515
35.404258413335135
327.80389754483537
292.5751089906404
267.0745648646181
225.9311163433785
129.01299619733297
35.37433107666557
311.6063528059941
215.62335157480604
312.1247654850325
347.6904324563648
99.98586745588344
263.6810210721659
237.9000775195483
93.618159096819
102.79166436740599
188.43837147564136
307.5525053894437
295.8230145540745
353.1364698759507
127.65817769822064
334.44431316315047
72.82114344900816
5.107866089631616
150.46111526508741
43.51042735875965
171.39113409056995
158.6534211438339
143.67477306622604
98.89992335320376
118.64035189201059
103.91926290315422
301.6758005376522
80.67609108785689
255.16264765307108
274.0277509909162
206.3376076791086
13.01769760795311
158.88826189571313
192.50634230257512
252.48533035042422
189.21561799178318
148.64072037044366
160.05641962583923
14.298734226264411
102.86062009098148
27.079851375069666
345.07732712935746
59.392739503370976
39.969617376066246
104.62380851022573
83.3374843449525
259.84441223397874
33.39921243476728
279.1071614468474
74.4109958212182
303.2242544099667
308.747066610121
250.34633596181166
65.97469051303042
71.72871259420673
140.04296953368626
104.4474815692874
181.78715803142947
153.79998180199524
223.88333103551292
269.60605738613907
195.14785671260685
140.1579622297001
192.26404520446914
343.311550164722
336.8609602856753
14.958709557849307
277.2185857837921
40.284568857698744
55.2051784381536
162.83237069827518
334.4694639704258
271.13791840306493
275.1372942447372
313.84291804665116
188.65291374855235
13.667090207455793
174.93379599357334
220.95101558316117
99.27817948219781
301.83974418239376
350.7015332026263
328.35027338300387
304.4343177465495
211.96786992193165
192.66478583794967
304.08643995932636
118.3590868521813
171.21028468394596
151.8628881638979
316.6579021503744
299.33585942172533
50.46731266715389
51.86891299139744
212.8351433888738
85.98636574177155
251.89333039786675
97.3666171763934
222.72568411920074
302.8782460754509
200.66727417003975
189.89935470792844
358.1502170531945
300.4683714491414
61.32485167924012
220.83128538583077
201.68474181831755
299.75406993020897
240.87063157254696
12.537623056605348
106.26232132649011
158.60627649311814
354.0520444043502
161.06744628114657
19.017521736125826
224.60993249713138
330.59137818989944
156.99897976637757
128.09531272474223
28.338752360515326
159.83609674867708
145.93386381295144
227.4355253106951
21.34276852518102
115.20160559807819
96.05357902250095
182.0827748611308
54.72896633212634
18.944903889708726
327.3875841631929
195.36114081161168
107.06653514716831
37.2215012824794
5.919537692617838
49.291618184899725
344.4500784485854
76.04195341433983
235.3841511919737
30.919663777062354
250.90560484027392
240.6587006330485
70.58431082747754
269.75911846965994
223.92555912885618
144.0776431026568
208.28411072487083
215.34784177397825
7.771030498475775
264.8031724797641
205.21046194380494
138.9495454170837
116.28047226941835
299.5893370163579
267.42215939750946
49.72519475947908
337.2760346455976
293.88393135622647
31.282171065578762
233.2366896511724
312.2601757651534
300.81630622862156
273.4951073606183
68.93429392552773
7.946775751389423
138.99382274045038
106.14877119690445
263.3185226175314
0.27237774990645836
170.03590035680654
252.42496496476798
346.7563280890971
276.884955573869
138.68863422748257
99.62143894381249
64.47019305668213
10.709142654803504
51.52715256118588
228.35337368998967
26.00818074289505
105.03818906209321
334.66674937864207
140.2793916489747
102.54172599408751
219.70484707310735
66.56807029378345
71.42359219774212
257.6272368583789
258.23459077201954
128.9356106130514
124.14177844747613
124.60652867418676
287.4864139909996
256.8728386003957
318.00640529192043
222.61018815365907
174.13779169040768
358.8713017635712
148.3616149254267
73.16706669890667
256.4721499203632
77.87529286601938
331.02606206022267
120.71212297324807
5.278580245147615
96.57739596340006
282.59785491223465
272.82391403967915
144.27526941193173
233.26474564968964
338.042608300359
259.81210243703026
178.31946454544493
8.94937143882621
140.72197322820654
148.31441411960841
276.76856827753977
12.180570096502702
294.7467758288086
229.8514902299445
259.7084005922191
84.85087766705195
245.51527898211998
222.82725487655145
236.3662629446164
300.471670170381
131.52377500114613
75.251299380562
87.877932540175
145.8080552328441
69.01319644777429
355.49911185527446
150.67945995386347
207.42721605547354
270.74210207967127
69.71474025157387
102.14596561202265
126.62813015212383
321.15274116079155
226.99975075234806
216.70137762941317
179.38471327894206
312.42379092584315
107.32136451861034
48.474511623620444
82.34864424658139
229.37952750640756
252.11168177113578
205.6785720378947
81.62188850917765
355.9521965133718
173.8189008475099
12.24251238552939
327.92344846011315
81.87043083337343
108.21075452832905
63.8245065246337
259.93839889139036
155.47362976889846
212.01907780472675
258.18914263056087
47.05179656128574
317.02826986900595
78.5538314669379
294.03160697284585
3.3338344635724138
36.64913240179354
305.20374696992417
47.68372187268686
356.5567331778496
51.90468879689747
59.27988291963598
173.73812866300204
159.18807147674778
32.4125529796722
32.44751327254564
13.478601978177513
262.7190411878639
192.20753235267946
169.03068737492285
234.10604393345295
182.35041665821015
265.391237051037
259.7630540931694
162.10111425678207
315.97303629077044
156.5489174392324
150.09739157710516
35.666230921936695
149.54356537294524
294.64558644896346
280.97551385944126
64.04103673113357
60.37042282100642
17.59029729894427
239.99925616963645
5.587186000101991
0.4888968704177321
274.3836745134139
232.23214763076612
321.889641252312
304.21842084343393
152.74074588429147
162.40074763550254
351.7235160407905
237.1590732455307
22.30725551457587
74.05337777820324
176.5866979712669
88.29851002141638
307.0646860447024
176.27322446013065
238.6004948210171
122.56443579663764
105.24530405283798
204.831745707783
241.93160680460375
278.07198688577483
61.05541523479937
292.20755261409454
140.49084582307654
310.479286108822
139.73151659511527
219.68472693243257
7.5149556203740975
236.2785549316315
265.93049947606653
334.78385268354117
296.74013497844925
7.514360472900834
35.181758037224334
338.567942402698
0.22675256643413189
42.33427559961417
59.10547778993622
19.904587681787895
164.4969007482169
98.94179149846175
277.3280222446781
37.55472099040744
224.49753302527932
294.9350056911141
2.5019934318950643
105.99730384058414
254.00381657176305
359.6786965522235
319.5648277707946
27.188564810923687
271.4286664019806
264.2717753378944
16.34666271636092
7.993230732278089
261.6061659633842
201.83573784199882
359.8645774713538
131.81447496034122
96.96802836041242
290.26412746958977
311.11691309691815
312.98806106801015
105.63382604685178
260.2369144769558
350.91799365153736
113.795675942231
199.28738248986178
13.21781657300547
290.2900610585289
6.491033374692727
120.3130746762682
47.31669797227328
261.15584901034794
136.52172586458585
15.517645063835324
313.31305666592476
206.5517997954998
268.1687103155431
352.8643713357047
318.80096733014364
294.30834909926347
170.11442461774783
287.9982883602556
5.329606308762216
4.1205147533163045
145.98958926797263
78.94248329235236
161.57780956766499
225.15834096277106
253.73775655940761
120.19721981961442
25.014915445489777
309.843476308721
107.67588159721052
181.5751206067204
145.16454258184342
339.1446312578902
18.418041200855406
52.457228895524345
213.50157629962004
185.7212981618472
38.368648201437004
328.7563361396239
288.177189836997
73.47162338904889
284.2805901113806
257.72545420922296
176.18033798539022
25.516868965115357
303.4125499827412
254.85101777424651
41.20860015003149
267.3815971885575
276.10916423440534
327.4218850784102
302.4349672930669
68.10500897004636
185.166489332578
140.96661365803197
17.521568122704515
259.2457950814897
291.13437694633603
7.603417087199147
202.64513216003527
210.2190458056515
332.7464361547552
219.44839354280822
252.96311362762992
238.1306248541709
302.95738801368753
335.579419441171
188.86364124856468
51.25072478430483
113.60650798453096
177.65453454939524
306.50618738424134
267.4952046558911
195.51509547027362
37.135320363268704
355.5742402817949
352.7594627763353
285.86482571462005
106.16720837127544
122.825108552964
88.67653084874284
210.99306059944746
134.5203211604347
186.93618322384748
345.34742810446875
260.28009915170026
146.5959716546233
308.3109182353329
301.8184326443943
285.59247228491904
285.3554957712889
266.92195866361044
165.55652255458398
190.78549878293546
44.12967143799014
201.93291993958954
211.90069874884932
277.0573295887452
342.6185714971743
198.75422050893312
155.44363798334288
222.48575456506106
259.9931539778958
132.35267941239326
317.52449435645156
297.86815150222674
195.8616343158207
250.04839186367658
7.490357496473572
116.02399788241331
268.9650183479223
302.6967039342077
230.11040275221325
98.00843296144532
43.81797669589289
290.0669992409832
107.50335834327993
37.22442427910822
197.11260926024545
354.39407079678926
181.16531983429505
131.21011584003728
98.55433399388323
115.49213356556847
318.1618501159059
150.91710267491098
164.90061119660533
151.48523310696606
325.2744204807304
188.58428059989316
251.324842686602
311.12221581780284
175.86818469952237
347.8511454626617
70.82935514917234
256.8082806817598
56.474481398609164
213.54337290993413
320.2828243636479
1.8992679711296567
243.55793669324768
83.60255715017149
120.75922956260855
301.46888149683116
5.664841070622644
81.92119505353324
150.20681724600928
182.673105792189
132.1257597271376
198.38288743155675
338.07731482440846
19.00018949992836
116.71214464452397
261.19686109974674
4.396951108552218
162.10851736253377
313.12312695821623
36.6550734061514
259.8626248481911
245.6189040181829
248.90522143563172
312.72902344298404
338.89803104615584
307.1417714716642
175.38439796354226
195.4626531563543
114.20605095714777
197.98380680406902
123.41631530757422
210.90663674150716
139.20546619438647
244.3927369991974
348.23727471572994
80.37856105896516
183.84138356568909
29.862964631078643
201.42488417316017
183.1223978802201
289.6104598064428
124.93875090580464
123.95401643927548
57.97987211378884
191.24364365915574
119.11588861521183
131.56028275788955
264.47529160288906
175.34050291994737
48.856615192465334
342.0996396478575
83.75460642232729
270.3509198616333
146.3968837708874
134.31952072810836
131.10829192635677
287.651585333108
35.93886312988032
228.43328808854142
94.3469798758021
140.06596186719725
36.98583437982093
341.1163647287682
226.08764093526398
292.02832437415634
138.990613426786
171.01914641455113
343.04722023195495
24.693857452871562
247.15267745693734
35.61805958127372
241.72982212506756
109.64822938232908
26.113267973999157
186.2030259861487
307.43230513556813
116.4720036154913
46.46183403174676
275.02586476673594
112.28260965873231
132.26636407510574
328.3811867605122
117.11093493047917
288.06381904621475
145.34855152925658
97.42280493169768
138.9557377715032
120.8662972938418
20.6767185972852
219.31781285739913
137.32588155932527
187.1491649287762
351.16567802324636
243.8932517479069
343.57529872948044
54.5814642056234
306.90643272720854
182.57722817993752
222.39913476273267
126.07245373405755
203.40391960206858
69.64070797897375
328.6534481712441
311.6895128908746
310.29922763326323
294.2376263347526
221.8522199817498
90.70122437656144
303.6436937211491
158.4692812664125
215.17884473410683
34.77218349237228
7.6442225246943885
276.1127825041218
94.32589315370504
203.37531455454132
35.90049814969191
277.3175534082184
41.203370562118536
33.776314597469366
267.50642653463217
106.48791279693033
318.53229881362296
70.48411826787319
179.98974951806412
153.73383789842407
293.5670997041948
352.85015409219346
268.91511168366014
64.68599497178919
62.66667008018968
64.5384457727166
353.07777602251787
329.1352672178564
283.1607497178636
64.8773694251466
14.566370672878772
255.87104756795802
144.93466137488096
289.64329961256453
314.574992439229
299.25667382269006
1.3820271806692563
127.6151010956559
98.69610022350695
112.49431865017833
267.85175475114306
269.27774759593564
219.52772145859393
243.195798746816
25.442059211237762
145.3422489536095
339.7795930125685
258.7899268006124
258.97080654235896
325.28817685601024
35.66469217397161
132.4608159045035
250.17818490938149
129.92425734136634
58.214099621113114
214.72596189038342
20.694092057009776
307.00120910419605
229.25464486709708
181.42664431856477
114.02931759271084
85.20068254248906
349.1404979469659
265.81751047984994
181.82609473776893
59.3624512423558
154.93119898817585
210.60616242432545
196.8301866078488
48.60176297013584
150.56042345182715
75.20762142673796
133.52324462702427
349.00739631440035
34.641228400463426
264.14260087335214
117.08066691150584
73.90017095370895
316.9050057413433
24.42268996230865
302.29688742428317
177.1707160172042
260.8731073174347
232.9294130596616
346.3464381442866
89.00438381552563
118.21155143692648
199.20838578525417
122.72573457550938
178.3401712386499
129.3208537434158
284.76379518621144
168.44725381212868
12.699716303449415
195.0643912575873
306.8523486236433
182.5339978957845
293.56136306729474
356.1407081893698
32.94018459869662
301.0890864381264
244.2434064736949
169.4561159355687
301.40000480237643
182.69156377149542
157.29969826296272
144.95614497040992
224.68993770874982
67.59630323581601
209.71991778914864
81.72545911718282
143.1696826689172
285.19230047286976
286.765649475677
178.76769560639957
20.873433085091403
336.4002642304988
299.0628039298667
153.72815111437168
88.97328653744556
191.16696895804952
92.60969224886222
321.92382571323265
308.3308680899519
135.94046787538016
17.649253483537876
308.3968648657328
119.4488008815151
101.98667781361038
339.89308760713084
347.30907056256825
176.29804560128383
142.6345529406202
26.373695881291425
245.8466128412494
79.91083883780526
246.01349486979447
138.24085203144665
213.90574311725652
58.29328240542708
49.57341315031698
354.10662597977137
246.18179403352661
41.125546984187736
63.654142724320025
230.08303266000797
109.88536875825783
290.8817974915507
313.5976770191283
116.44497769288671
79.16112370594982
116.41601339947165
33.37325392037486
315.8906590219444
206.38620610784628
130.72379498101515
148.41171012181883
204.66017456986046
330.87680329089903
141.50457411652624
211.32229272066144
205.31256156181098
157.13305376245196
201.31245240148309
281.39153976893573
58.7502762358828
107.60397267159445
73.4981032853384
87.24047170160507
273.119323655824
269.05554945402
270.8081604671629
1.7428512752712555
248.5023083588582
286.97696585545765
255.42268483991293
129.28390690225214
28.86059761095654
239.0612714238099
192.37515265537067
77.66535655258214
356.47111727448805
336.6483559461742
62.71380194754391
80.43924051023684
179.1420486656279
82.11991558273816
48.42684123649533
170.17967616659826
106.78100591234835
210.5872433671167
18.06840180122999
319.17792922178967
331.4282245383334
45.814705356275404
310.186091924868
341.2731938401206
253.65633926929007
203.1729046715553
311.0649318006271
87.00760160175243
58.27748311470413
356.5173694788069
33.96671893890379
144.0209038428367
193.58740021270114
11.240113735237562
268.9578092884621
155.57655651674935
330.9153536034052
292.3428580465125
205.582381676045
32.337670016518246
155.0377723728573
144.23240555267864
175.05235919699388
315.98778719201545
261.0524878912446
128.04017232681184
354.2891728375009
198.0180322112152
69.59950140260044
272.61944154682925
81.06662008063918
162.97868611351169
19.853531830345887
226.97541157820382
47.66819454330204
312.71991719030564
278.5021745709121
354.7348351263598
69.88622186851585
216.62276972827487
12.963097327639739
285.36337750982983
48.85428084442051
142.54838709780608
318.3823389477888
32.19061517569204
35.11851318967329
154.20957548242254
160.49510327871945
23.903965698413316
167.51718194793912
12.895801321263889
40.21937937152361
154.0245869702826
13.85238032136586
14.959051374297495
340.8917869157205
191.97961217226103
286.0014141595734
191.194500703756
205.34417184964943
299.73691572378516
39.02971835420749
250.22671662599646
267.558538276283
319.56996815359076
332.03109354173733
145.23841944261477
152.4267435552172
301.3719910939206
7.835133417224118
181.85568566300103
37.18092105406335
182.04016504618514
99.38592242274156
164.72969875968795
299.34912364142394
174.80214193470084
152.50982851001444
281.3320298064133
158.63005131331764
152.9588667995174
267.95465480194065
3.7067747359786285
53.869811837520956
160.3690530917429
269.9961579077204
92.39955009205144
321.3625390776908
30.102302757181967
304.57221246862736
91.50992588257502
156.98589079868532
143.0395098547074
276.8189019277516
269.7902720061577
212.22146200093505
329.8006256422703
176.04676446844599
149.94078770943298
212.89923867708484
332.23145329183967
65.60971751966537
16.72691525997779
19.5442891333269
54.78281192740624
295.78299806151114
224.2718761903106
249.49288129786416
131.46674409288218
329.680776234012
13.853652075173724
153.48432323323976
150.67632854267688
335.40783211519766
225.7625013215936
123.22396454716312
138.00681931101178
352.05411745119
142.25120593665252
161.45168424379338
356.3178341311423
142.8048144868322
293.33730311015154
32.3394212246127
62.62748674415731
5.3526613708954995
113.1928000860308
147.58024949812255
283.03117903829724
337.9634462926259
52.083557835779246
92.32064398825149
209.68919959668207
338.9594230542559
47.29701575894525
175.1266188707403
168.02892128319584
248.04976313097572
336.2236505381123
257.4634022590581
207.6588979114558
99.85095516771139
295.7338790025885
60.70756067167263
77.09366829516622
293.10426327055995
234.2188910778717
162.49930666641515
290.2398425617794
23.511391741565774
246.1404211491026
259.28204136955804
21.69536778651061
183.77358529099948
43.66087928548568
348.16499184647495
78.26555243306844
181.33332712236574
265.90200227691037
308.7841205968021
305.70101043103057
222.4821458859151
293.60674943285744
304.62530239927975
342.51418743527955
240.91170126635274
225.45551667179316
33.31301032423844
66.83273629053272
129.4498801418786
42.01455050329845
16.656746693921498
357.5995603956285
345.6370730746425
14.270917141291353
153.7864696878175
348.030842527871
344.9625551773624
265.934875236466
264.4974470012054
107.0951070615392
49.99438586215205
352.1671530543544
124.9638799523272
123.87771385298008
49.30064120485336
252.11519558900014
264.26985868972895
130.04694093698362
36.97364689406269
128.6188704469197
107.74515768362163
77.2391544649927
271.73321358244436
185.6729773545643
321.88246818937733
169.03241069504887
273.9985526621975
272.71003612057285
35.65181038122691
211.2791456191048
29.983012075147705
184.49390552016035
344.3167612336106
29.92024665675579
233.77953816148926
126.39082066392253
344.3963865201162
152.00448344140057
171.56896191307519
157.0114728104263
262.2056844955879
33.488636294905085
56.497322072053805
103.69395328581435
23.446503554116447
286.4953720822713
158.4323338287009
271.02416375505504
227.60987871845998
329.05746813888805
179.72331613647464
28.56678414828376
338.48984262239946
171.97836514083355
126.25293080883085
111.20644649790556
340.8978930438289
230.29097943308687
292.48306451512883
273.97533414359714
343.7061728121139
100.89778141295287
119.8613795017614
92.96994684002354
110.6366881430066
263.327097886773
359.86899826068196
314.9365436634001
272.7528339517458
277.14198521306713
16.153922061878276
150.33087457806536
100.3985868930994
347.389613626394
74.60881821607657
198.1350244442035
187.36979711465412
68.58062245370067
135.91588024949382
165.44009540580478
26.391041893357293
218.03958702314694
21.995584947048286
80.7805287194353
72.5106325656346
251.0691678641452
115.96005077551372
217.43208741938454
259.81535442393414
13.222147282189693
14.586008721498157
281.3623458849725
96.90559820727447
89.07706496903857
182.9863083148828
258.24887240437386
97.8606846381985
112.26491312280342
223.07292963385785
54.95698842987818
207.96309511047167
268.0955379407899
60.568645674102534
353.09548549258403
297.2395439171308
127.98439696595227
19.738429924804688
235.74532637728598
119.91578096994262
103.98154201900239
190.67588193921557
193.18282928568382
174.17106894381044
282.056481801474
340.89378585339375
219.39540592333307
124.11752637828496
224.39395038630687
321.1323673312843
278.4145484532094
184.71823355781254
203.80738847773847
344.71240881118086
7.9672912270888
0.39751817046409954
47.478285943425426
320.42482171844296
57.67389696583426
109.38540791808644
2.581246725888642
110.86216810782685
129.99611407740784
238.37776715193337
352.95621120786495
251.26164355817713
284.3669952548922
335.88234325007505
273.84060451302065
338.3432692576366
258.40959797001244
147.660182305179
90.77613037661395
64.29089863855393
14.878720362128576
143.9609568369297
309.1560936425699
167.93791121735592
318.9362654606131
125.78960021614208
62.48098534900044
83.38327443008524
7.597323281054975
306.2311001367307
350.24148695452607
105.6780546550123
51.66069993352401
322.8988540312458
280.4496292543835
303.88617454823003
250.16428209257415
128.86158007941754
137.1904481922238
193.73749519582245
278.38194458775985
271.9423270128705
220.1680014379144
215.25533301553378
312.60545022753354
26.072694209399664
131.07118038403212
225.1544798476375
218.4314231911133
183.4240186776159
110.68631310545271
229.4700289460955
153.99973755576391
292.32653095208906
1.0351960226275159
248.7911597936827
45.60658610360722
13.526624911580885
58.418507814010454
126.63831621007733
180.34175646131467
146.12122861509985
216.09655704725358
60.93611507285281
328.8764864128168
64.54758762735825
9.440294521705756
99.19842648500934
161.25448553101953
129.2955329152541
71.73774085642467
69.956193373349
169.5156425683684
126.54868241219957
45.441928870701524
346.12255372150923
303.20827840995304
235.74984932434776
331.4984401233418
250.4038743200379
257.322309209632
19.125118507510276
238.49204846373885
298.5294386044449
306.90253598960464
273.490041511918
33.703466052523986
112.98653290955939
238.5775045272862
162.20055595438123
99.76881022738283
88.11179742241004
246.46616295223552
53.90021241110226
143.48612990514783
186.8036820453225
38.40101509450674
174.75430124168045
267.41451492318544
119.78500587991181
358.13311879061854
332.1508023343088
180.2632751138081
200.25859733071536
110.16061653788752
70.38677247295716
168.67004468394447
99.9631707780402
156.0494069499749
112.6481199653834
320.8181497417698
37.05046576347554
354.5907497593086
68.62970728319374
241.44536569148866
41.86895450046461
262.8675037572706
63.43167015929142
328.1475356884445
273.6533622478135
61.276936676412944
170.9071750173587
110.4822582584177
99.28328254831696
352.784820230125
273.4254775244798
66.22922515442937
274.68832699547704
235.16216714627944
20.053751066808502
43.26561494312521
130.1412749209268
14.682104553179297
116.4496490195316
330.86617761935986
192.59468411759923
40.731532993327406
12.296067761405226
140.83953601575874
341.3806147344472
73.01827370802502
155.89845768775763
296.7635792741579
348.00702200001444
66.53126302197805
40.603968285156384
88.68441538294849
136.44861709127494
194.137831489979
353.9911666214565
210.99506574128338
197.24389261540458
2.6785717277681664
258.317571890559
222.811361623947
296.87419281684123
215.64711195236717
99.50188869053329
53.01438635095853
263.31465841158763
14.018381710125976
61.9564527395734
76.23011774171242
39.31108004724581
126.51566376193439
257.8746555296539
91.36864474315051
56.85060562011783
61.5833941913116
222.11720041327382
20.946784048441902
19.45844977141229
195.5589259931459
337.63000472967076
357.26955767803173
223.36664801835823
155.01349522508914
221.36562074449003
190.64758020873134
124.2652234425227
315.9585510781329
156.96933651155942
105.17879440505905
323.25982850209186
288.5909854106772
228.02977259584384
319.22486771138864
63.82437237715669
243.4765173934204
4.483276408956036
220.5637445960763
300.9509129975338
343.54774139495095
304.80019847922887
260.3017465771383
64.36333052679996
336.01943279774304
217.87026573323863
104.97997835825782
109.5752706587653
329.30059581276674
341.0434775839113
322.9113966112728
133.7369217683899
332.20908308919013
114.57167803804785
98.63656662429239
327.6293375616601
346.2712236563854
327.735445698255
288.48746896186145
60.82893061635267
276.6156454714484
258.22965385289115
70.60060321968784
213.9789195311331
102.94669029562458
323.92026691863856
24.321797534306974
240.26863971873954
229.30972023911644
254.87402432237027
16.79712104447617
177.6354891557025
69.83702155935902
273.6016560330139
18.645556314854666
263.8685515528129
167.38948543687357
202.74437922801536
315.96066052071984
248.70689087652806
322.9860288840607
281.97245524813746
252.49031722626734
230.18955599188362
136.1391464779384
329.6537170844914
103.69476052716126
266.92854751410914
59.69148976572334
249.88887755896823
233.48506214862815
93.63976920537698
77.47506862507998
281.79980520680346
234.79559510369842
34.18149360690725
139.0911766951375
15.495585560546603
226.7455044867497
24.51335116148073
293.33565434904745
337.9306096562056
113.99605028690932
287.4035193619175
290.270778486472
161.907920683058
208.0119268030661
161.37544941029338
351.67142052290575
72.76985590621337
85.28642412617435
38.29956551903159
0.5500757508850507
139.85751870561967
354.19184429993305
27.19969175181212
92.69134014935376
163.60923838675794
279.9680576526631
316.2577253488591
306.6036102263802
164.2075594742695
136.46369262358533
130.66426013169144
3.021825795448869
163.97326196381982
233.59613617712412
320.8770504122403
201.0720031855358
113.24384108214237
11.09775589636158
84.01296032248491
115.43457231772965
278.26319327944447
71.96784262492133
160.51344388147402
177.32034770474385
269.64806322997225
73.15067024210546
258.8874672547969
281.7994241576488
141.2861506070317
196.31228735667676
323.24983000486475
324.9997254104384
192.0594268764263
208.18973212239757
51.53705058548682
76.91870741365464
296.57581819342823
87.83820038170562
356.6969237477497
279.0682483460653
16.13090539211008
247.20316704052414
318.8119201342181
280.8990444483394
277.410821789342
181.79592038317256
43.030797238236794
134.9278562832782
293.98633455988477
159.85278909651248
356.3465896528096
57.717083190363574
244.43714673345568
51.20967450878305
325.67354291093244
92.33299921800366
170.98472759730794
51.2250916151514
40.3393529611274
237.6353171399084
263.80081499976336
270.43664311280276
254.02320583700904
280.72759898960777
268.6978847597761
177.2371966481179
204.3342843250226
161.12422170727055
39.69704432317424
298.7088060854275
342.6393146381908
148.66650291228856
173.00764737379205
203.85378135618978
172.41186515667667
111.94701432159209
205.2421889613877
293.8140515442532
151.29022907056088
129.9775846403233
316.229061660193
265.2713634751118
100.19459258647281
217.06327198596904
245.5746610682028
96.07263203676385
302.26853979845254
109.32091705080713
132.16566003968464
346.2260343667967
25.073728313144144
101.00762520303188
97.09109200313017
232.76531223592903
161.3807947707168
99.80105703052513
293.0030904118009
3.5810567281446604
217.06357815003292
72.39979681595945
316.72407470954874
163.16943543490527
139.01779040183868
355.2889286414009
6.947427163456195
172.35043959904502
311.6893614324799
30.242250286573267
125.16754532059733
234.35908920818343
17.71167783031288
30.109288224774854
245.51432197856874
251.31483532219957
196.31510093731183
287.66169181559167
277.9562550956146
227.92576115992748
282.5861251389602
68.75029815209021
99.37526651411325
313.3859381515564
311.3176434414181
320.75065059355626
168.30547935921425
67.77561416487308
201.10581531389488
258.25122228653964
191.66732081533914
15.875731844203722
197.51316915074145
180.16541645622695
255.61720265129696
69.15965668754602
168.53150741577863
265.92463843500826
167.67235154774824
275.826655961942
331.242383275152
33.13659946609334
123.5590796459997
359.09311192875373
85.48689514251895
175.06938202054175
49.7722492535536
185.55920183213394
138.5206111878716
233.54847535881134
201.6223922724206
268.3201675077944
24.04355194785406
81.33043654667253
216.58622503660382
93.59293547440785
289.65913796641183
87.74350744003611
154.06527845523968
24.980401382710888
168.73017811951973
202.362052139057
255.19647081107257
266.0973216501535
185.76394133404978
53.70813645181662
350.14742876819145
330.13310595016736
348.87244166364866
163.45034796889226
265.3685222344994
114.02866552425868
358.5181722098512
321.29624240506894
319.5625881093176
165.29578188739634
288.66958816596303
171.75163961043037
4.672407294806034
181.10920545548137
154.65452920405423
331.14638867275596
66.9749970001485
112.15304245325687
351.4141678027999
41.80272836159511
353.41098136268135
177.80486384174557
246.52380348276296
279.94922283599107
129.5661498508768
194.59215957771562
124.26103589706644
44.95940699106498
148.26163628511046
116.45769758338216
160.16596296211233
349.7211794464117
311.49800747588074
63.22155414759935
199.95195641670313
85.41942698745368
243.53764217436398
172.72945048445183
182.28982426808696
328.7407921418143
359.1990116973613
72.52841622037741
1.9019996794675098
275.4862810156855
108.97530678601332
28.512337668069044
177.56772701970866
221.80387024896612
171.37904736807857
90.83173879835985
69.05400733522785
312.7297962107593
82.95336402620225
341.4633704485478
177.65135811350916
17.453774890942483
107.6797023331593
173.18703940796638
26.90736148713272
191.7001039085096
170.05067187558893
76.31852071545717
133.3150627829413
109.84298267767925
249.86602162393288
117.39895923913707
121.12738734923529
192.85098949018595
41.84855348612699
83.14284283556646
271.1328142505256
2.882351705092865
79.46600716203466
53.29802213616706
240.14147341602393
341.3289975036196
309.88401462401424
357.67295136950185
346.0951331488331
214.33413578438063
125.7641155931222
345.43783707235133
163.1283216899179
338.28450226789136
189.66013098184163
108.90796992688513
131.5721955833267
147.50514821580774
28.055035032743326
259.36894861566
179.80650045507699
337.3610091537018
84.61972856270233
129.10533068131372
338.0293968732802
268.196273914508
146.0639370173115
331.6455412337698
238.42857535092404
149.0189316150737
68.9887981807883
211.33754255116153
1.9015857039166706
94.56456758785512
262.4395085826096
153.72139774693014
188.38700464477466
305.35005820261676
98.39568949717352
289.7662941565141
156.03226523028383
157.55418236948384
171.22595808056735
289.89122389967235
173.83817906312416
228.03903778246433
307.1725122242666
27.79008734227965
283.0839463617098
339.5524175714901
196.22031306777941
219.43357574509255
324.75074111901506
352.1280569579766
201.24485697285587
309.2216091274577
63.325990000491814
48.927132642098094
133.1211797366283
123.11183172442462
61.78442213795727
28.24100304960337
325.5162016844238
97.65120148535657
298.20610468819734
18.101711384171328
239.3752956335234
24.189169868105417
301.4057974585169
35.923342956389256
354.65314562695175
219.15259658160554
221.11181229335045
202.823912034754
65.62805854616609
324.114091242782
57.646996844369525
270.7539763857977
246.1777966637583
153.48712398884055
16.728056240509048
230.2847953076461
12.684312342380842
303.03249566801645
266.9138590968316
177.88532864405445
24.773536922069866
288.9628284080188
180.39733196973094
293.7440204016457
147.8856718841557
245.2827569498226
32.24950621385795
234.66786905404234
336.7104201512241
226.1045032495645
238.8884363423739
121.31770375867059
264.81054173560796
340.02985998117936
93.45985022440101
355.01541407026406
243.2964285794149
5.291086650929642
163.9801861779277
216.5851547142741
220.20317784374464
37.195092554208884
339.5071233791065
178.16735019593446
332.26089888526656
63.51652988992238
340.26633406606527
298.6707123290663
32.03800323712238
188.83720671266693
229.57770610963956
174.50413308950795
235.97626194466903
135.43052307958024
358.58791093920536
39.45690903065772
32.625427679542646
316.141663188841
279.23057678980024
71.07217919024094
255.424489117639
283.8151961505672
236.4992745117451
85.5852255877724
20.66539573493231
352.1739569019824
338.0325048248078
189.4745786697387
318.81436023134086
134.654123680483
197.17409575346375
2.900746194626862
46.15494804926262
100.55331787949456
195.08636742830305
218.78369507711346
33.75588433322496
41.94988300430571
268.1575115412848
310.9968467589797
152.05609272529978
180.2031798627296
218.85875721100084
116.1320456159878
81.89807688331416
77.44636273711323
331.3707802630494
25.516260040665657
86.63008115920047
36.33443469108707
187.71317242764448
357.63762129828467
254.93642177738712
30.412159656203052
265.7745370892468
295.86474461133474
90.34451127856877
207.8179425103274
317.5550026037477
292.31995240014055
320.8961226283563
92.64118865411261
274.0970902925051
335.9935859472225
351.25941960621367
291.1024205049464
302.9946094354027
281.6631079691832
279.59758166815806
193.8268946716301
135.03383119090884
15.907223680897339
52.79860001680137
330.83395757717466
198.43466472166853
77.48198040606238
256.2101811931542
2.4661832756716073
172.32412667530193
171.55217163300293
267.8124795898092
137.33349493137897
215.48814446455256
20.747987543086694
11.80072813130106
257.4494882954139
342.11190368930187
60.74359170516852
282.8386687265704
121.08842610911341
203.13306847645515
214.0305137385558
299.7827895399981
65.4930046686601
49.996131007435615
122.78570166614894
66.46661517654957
124.41464302255208
27.010328303701193
110.21033238021002
107.17310526928765
9.56952905171002
319.17756593045334
289.44224648412586
85.7124228142487
20.445200307015142
354.27084032752464
330.1212642611613
109.56143702755895
123.49408386620735
301.10785054382507
24.913366123146183
204.31021384991277
179.60191649369227
200.37824078730566
331.7762364376675
78.70002667338254
237.82053934846945
10.047408306956399
242.4750277658209
206.8262696590204
353.7061352852469
284.2734427359065
43.83418646895211
31.618923728895318
212.20555679626813
12.938180021574874
135.43730441829044
262.50210629038025
297.88489301576124
88.30718852342545
345.96381839810033
240.1734380868414
179.396054167521
55.997615078105426
50.077793923402226
92.7328780881511
140.428728988752
9.347011696531506
248.76066342086148
349.9299805888983
295.9964608994741
139.44008309231097
18.2063235454472
16.08723061888842
40.75745719435843
277.46466412563694
235.87355084312028
107.29656622285624
305.171981878297
81.7319635806845
217.01729047879064
294.77495074138216
205.65000467119197
288.61045711578754
80.99687521864372
323.8041165524574
26.444172296389333
184.7867102151098
353.88586659222295
336.46856987910655
263.89479326428096
287.68056426690134
62.38475722123785
276.4449782845395
177.7350889248721
301.50607488563446
103.7642434177801
115.38529247292723
329.51662252310354
228.38376970795218
187.54348682512966
72.97475435415551
144.81610227963353
97.07379615849982
296.83426639526533
146.5353332542424
53.736629732875926
86.31363168666805
50.758408038517445
41.083797377089994
203.31789001825933
145.40796149815105
324.07267461435623
37.043107735847876
335.8212606832076
231.63261755898284
236.11154525120588
90.34456645659341
308.45760753331837
352.17831833607397
278.38516900170555
48.44735687849356
212.97676547648447
197.77416138434972
148.64617067440489
285.84114623178465
257.63965683760125
205.79476749506338
238.96555469921944
113.88654572426879
259.4452522218235
32.56915457360122
206.334631709072
2.387094285826037
1.0862186859503886
47.77334355606746
356.5362959159087
204.07578593395286
154.9587780482439
228.20294149486867
215.50564576750332
318.2379506700376
45.65377859243888
123.88580570564397
87.12659220683665
265.98149059122585
132.70745395650852
276.4091293185716
242.38728750723874
357.20461589519095
186.99205040413918
27.499242892906683
52.04437615236696
208.100024621922
266.97807781199776
305.306506630337
303.4219645148825
338.0738694553417
295.2012893736369
156.51181951620654
11.698344073444273
136.24663697528086
290.61936051096734
264.28520038485567
327.0096466320411
60.242254010903444
129.14451372651735
55.29100914203604
210.92640098064714
53.760870860154384
202.49011210105604
213.34852397986634
129.33550816831945
4.469583885278148
284.570693721207
123.02048807395566
123.48660188844799
130.03475159416982
215.0465199436207
323.3165092306164
316.9383635285645
77.65834323488052
351.20524212497423
299.861969218805
233.36708066298803
211.2699564054328
122.22490983864506
3.297566977362556
78.67599380849101
120.5652245002444
163.964044811476
232.3382258520583
340.570927835397
217.37025769814483
57.776114153173395
341.83450782286116
159.74377975459447
267.3510161716591
43.44727152633923
109.34360450505136
209.03255414651875
278.8754307106738
24.207792276461547
98.13102172745091
320.40273059586013
55.87515216783176
330.86924039488116
10.18816124095071
184.32153612378957
277.8429948615131
342.490867675932
49.7650759464419
112.07329463887282
317.64110235672365
252.58050916323126
16.08176077532753
218.79038121439694
346.5838697410976
222.6864134660807
353.29531126195195
13.451129646734937
86.29893529252016
199.3385928107829
186.46442022970385
151.82237775463315
8.158328455959637
25.64916953988422
144.16680211658806
59.30106600748332
293.6112139224195
75.48338128350503
311.58899825733005
222.83575540505987
212.5384607114321
275.96398294172195
52.322343749593315
24.585561411816865
191.7885687482438
143.1736596682488
162.76266421547584
164.70049567498359
12.3433754534692
296.271437679839
119.9255863453046
276.58389345687243
251.1011118787679
76.84082869746257
331.653245441284
355.2239618394691
232.0534117821822
143.1387913137793
97.60222489209319
337.6583003829626
171.67198549579808
313.0162788664205
240.06682025024475
314.36161008832886
294.60960136870364
254.6327446890908
185.60548697757378
211.32337805081926
178.3593181404646
150.6884329038987
71.6026949474739
4.809109460648275
19.30464304135249
149.7499288025449
16.312215731150932
254.2748816754512
177.63276700777377
107.34590719619608
146.59212442422677
123.63196342511598
294.87161399724897
129.86171831865337
244.45576063538863
147.03434503030994
85.35097598227223
285.86290078274766
351.72694413413
182.5890974523789
221.67670244523387
302.32932814036894
41.501922455301525
125.86558248939195
44.34615174275039
277.3831740103317
165.7843952375007
104.80642765563054
286.9221888184492
336.44565503325464
80.5742320622788
168.61948393876423
60.72197769826834
95.35874423958062
272.8543938567162
355.4568560701885
346.7659308581359
211.85998432075993
168.33476916860357
117.1632349803659
117.77125315585243
285.8996955595143
4.475512819957399
34.1028390765113
359.2635984824702
149.64188149281085
210.22684098241442
209.05027858225628
116.41929777414292
169.5912057639253
62.08587587431877
6.357784100570991
22.039900330945773
166.14047725824818
325.4856865659365
141.0872498398973
161.09957039414735
99.9341526766158
261.19524615665216
242.5225900751993
38.59513104660673
139.79540955693312
338.32350276694774
277.45412758299676
359.9676200854419
33.56546477012521
128.68456522952692
60.85348755458988
267.15309611421424
291.05570884611564
41.69507820571371
65.03389081888857
118.35969243515183
117.41457548273796
194.63919496637547
343.1174966477843
175.95692302465528
265.5627909351504
280.05016757260546
328.60780304757236
234.40219743095
87.95206839434871
110.12208908890598
40.0917525406391
278.91879144379794
140.75392146721802
307.47902951129515
8.572818969482272
35.678311003434246
127.6869397212011
252.29313859422513
254.66287461502367
75.5299704566932
286.0422546313288
287.65716110101005
313.83706764193823
245.8579675410934
154.06861088762938
248.28097420114239
120.18275499857091
348.93729480706213
336.7299201738362
251.99574072563541
192.54989319430598
40.197448387997284
5.949964748905847
179.21348346414263
101.73688086292223
126.09246015634263
151.8100923135696
242.40375065234215
233.322597594659
238.814896057064
202.76769647365498
235.813231807184
357.9815475283257
293.88030951536814
315.81461923596436
335.06826160322896
159.59615468345518
196.6479296647407
161.5961802402939
86.96408535894268
251.20613838333705
35.13231116494899
194.86325137645142
51.65898743531433
9.812144573174164
158.99962426472575
207.23112398049716
32.65529189688708
143.2767723510923
58.431644299449815
287.0707548077014
354.36342859761976
66.04315885396507
61.579155650392316
120.45924819286229
342.7092346333233
225.11754050845508
45.61594518813707
217.46825103060345
351.15879026473937
83.73894447971303
243.94328479064362
19.670301292909507
312.69912319742156
217.38561381404452
150.8841220417635
17.594900504406837
7.727060870863571
265.24448581260316
275.2450344308309
100.96751072993248
98.46291433042681
269.99638722505745
275.4133691632247
179.91628999136833
92.41927332890205
29.746359755816044
101.19564887498562
171.93295668041907
200.61962740633035
238.1550467650423
291.3927590654557
27.225724199812497
30.67544999366057
82.3035232192979
251.14627799389385
4.203825391481479
40.494371435085746
2.550689953820875
159.37948144459568
147.18463964387044
195.30630461568938
54.618816886268405
94.1954684286373
180.01608531040398
38.858299622617366
351.36930301323684
52.88419084006712
332.15848336088203
129.04302263675262
280.20749741132266
63.228841343322124
317.87161012897303
178.88981082691495
71.78181913724178
334.0915667383159
34.50423417159162
125.7613620527048
156.61893449629525
175.7971013874266
292.485117535112
4.763104013891448
108.56356928662467
234.62234142176413
157.46578842471683
6.786323775080998
37.36778229253355
230.73868380184618
74.16716505941517
57.27047747194163
177.50128810608925
305.2431541295777
51.833583712278475
178.68361494172248
6.23094128375159
309.45334257939794
22.799370643427828
157.88459958828457
311.24398910619317
108.43034467472455
238.52457789111938
68.94422116297092
136.56639211034647
300.7327532616796
321.5582468387623
122.6668827717528
105.25390657657081
357.6940370372965
227.23890057061132
285.9682387341091
88.31034355317168
138.0545861689585
125.54373847983528
297.428388490787
41.51385324167129
77.56872532030515
331.34940973696513
179.75433912697014
305.3087949131123
8.246196064628997
330.4688715147806
115.54935477816464
357.6470918836993
328.1765811596836
269.18044116984396
209.7009926515127
325.6398343050513
240.42413996989356
276.56662697720174
169.8637017515775
219.1061048127083
208.269815674109
31.831926995305736
255.92578873156674
247.5829313529032
314.11589175355414
32.870380728094844
60.01474865866382
42.08646401468433
100.65825335557037
307.70517907740174
220.50906283402654
323.89142510489904
115.46986597083591
197.02413828559375
206.68831828760722
184.82202224282088
213.92843757525296
203.8866235630269
355.0681004404706
227.02450052451655
180.46014371601024
235.7787632147886
74.12955612922258
114.91771103130256
204.36045997437955
174.5456454896886
281.0681361471117
337.994883880537
273.9920210093668
81.33053300142332
92.34970718686682
90.37621685876829
351.94882000353493
156.5028646395078
79.27645315077439
301.4885155229071
63.814700063658236
68.65820747067691
260.4290785783613
281.9746792836951
174.43354711325006
282.12507396876174
74.76573951599539
259.9123954991703
338.14738074322656
149.01488734844477
22.322406686382404
274.64784052920453
173.24777652438308
109.70309474105659
353.8731057226782
189.02702947731188
65.92496259036552
124.73092044596908
136.57299379416708
175.5337018266356
255.28814787373543
321.4687770112315
59.520809918827446
47.81943171318181
168.56960132108287
220.48406064559023
151.3416908059116
326.3380703978324
344.4141237861228
129.4073915414539
201.30512488209342
305.2732385921631
122.19447768631242
316.19319349485806
306.1571365862644
307.67421063582304
146.58268081681925
279.02176249601354
126.75951381405847
336.691956538474
239.14582679948265
216.6918523622382
211.79342976002394
173.03381438466982
162.52436520944372
31.204185830600334
210.1983209832286
192.23172347818698
247.7897011614776
183.3377343554998
69.68146916285687
100.04558166222789
11.867206146340642
352.37261951523124
5.5473508707568975
170.29979272177385
359.4495503526158
322.71450164682864
202.2602594835534
136.6776776885648
302.61459427151294
73.02724683300164
279.5674586863822
278.47497093076527
301.40094846560453
37.582187376320505
155.6743941487535
10.040226135536244
329.88341699748236
304.88366017722467
151.87747494663896
314.6063129116488
164.82971586384443
275.2323013410587
166.22397175752576
135.44420370200285
177.80870053321354
96.73899994131669
98.18270768222587
310.74621638869576
166.65965100405512
238.40400023898476
311.9732412652122
13.372930798901868
48.520993818087106
239.22725032644047
63.11526181811172
92.57433483382998
114.15611622538758
113.91758128951521
320.9241383466053
12.022343740654122
172.10276843893956
178.6199435127842
19.09237906013002
36.96839517883859
171.21182467223488
224.1814467411836
217.16105373542348
23.0664712148861
61.430088490618395
89.82849279495144
317.59915853104536
160.37827679723048
295.22094082466623
56.72890269441227
276.37301474561474
88.30414754103371
285.8057520374265
88.7644731825647
349.3018266211281
160.6595056362682
123.4478391214868
356.9409638895744
292.1595966315735
264.8434364517794
307.29019300462187
174.21406201993142
239.39776341030424
245.0225601196144
97.79671629832724
39.11147156206087
44.52669939524689
326.4797737680076
53.636406848153946
259.38284279088737
314.6086874791035
146.7540756458929
26.888372421466634
281.01070406113996
71.97862739662149
348.9243375699471
31.73512714099492
103.2673482774158
8.223117952573023
303.36629334163376
14.350342828747436
177.10384366071395
138.61249204057893
76.53867301064946
275.4764708266943
122.00942553875178
119.59434661521288
258.8309927798176
132.22665572515123
95.5803746526086
77.62140976532842
98.23195967506486
311.9343892490849
190.3898337482874
194.50034739513796
242.5541497163356
348.41349688612706
174.3508753922335
222.61255583854046
30.177096152361685
259.7800702891249
113.61722441021277
162.77161733891813
87.74752368686339
147.02696770334416
201.16726597620365
168.1464844955817
153.00193339836161
23.83066358652141
139.56874064962207
339.5934434305293
181.85353721587262
250.60924753025927
13.0228803444452
90.90382152352872
81.1117859581825
119.63941248631251
331.63860772136815
106.88868861759846
231.67957369621448
303.07936533763433
359.9885773722901
312.8856995922257
11.799603587932914
192.03364247211528
232.3508360964072
1.1873687750284168
355.8980154578652
142.3348835897668
308.6411014947489
278.05410412687104
111.79995648543162
21.50668167958946
337.8923368512736
144.3893580502057
107.56826441925567
141.41066448285196
310.24000667020243
3.8184383325899773
168.943117427062
342.37006937450815
153.72266996116053
283.82637362047035
119.33694614036827
147.10106168937472
348.8093783655806
318.7745100341964
286.56552008455856
166.5722486883919
291.41678691305225
318.0294887941556
353.97267109926645
234.9516943389037
314.2805305776101
88.10219261521122
248.33276684826626
357.09003780528974
316.89684608230766
274.6085749313129
192.89139576090676
109.52714906139657
115.85209228020437
238.02808878316316
311.1315432147306
244.7990678460359
350.20947570018546
236.6496770344102
285.3288940525593
188.86075877676055
20.72350206224341
0.7592858304913319
153.6865879252784
92.72952724112038
107.00470501278744
84.0368066335995
50.816309395043156
301.9928281966584
353.3583816722081
51.294689368406345
358.55900349380397
341.61336060536536
321.8727909374162
86.10425069415585
297.6153113151473
298.5033930314975
140.43391720448534
297.5199142324588
95.18220919633443
180.6292377656655
63.69520104995689
232.02568973384425
349.7688938436693
118.94597138148835
136.63252820696866
334.9921632107844
241.59170046118248
237.2515401967178
103.16602580683443
235.34643040791082
45.42414392318363
205.08834334274007
276.43204195766833
227.82138074781005
32.50493550772452
230.10959736751852
262.64001914434743
79.06493041446677
139.0832986619198
338.8667609808897
47.050704151926965
87.05369653199324
251.40753731249325
158.76338538483648
8.463591320901852
337.6698378294827
130.4392077633483
128.95979368239972
287.7031708283104
247.9636794725631
154.30211297515882
14.30207868677227
115.94492900506434
162.53895607634544
192.45152801448245
133.88801523476383
330.3238530079067
337.6614893934791
242.77594025389615
284.67146600693593
87.11954769949523
267.10615547351875
281.31995659933466
180.545869073997
326.91372400638414
294.42119213971995
54.04370264330583
218.6367581550129
131.46746491472652
338.20270962048636
41.01056994625955
167.0718456310052
338.66695284691497
10.136617784899492
25.621622006120433
262.28679615204146
49.73833941597947
189.97910170539853
324.99177067688163
88.96336454160159
92.03355151737746
117.31075136779572
22.28915135640019
51.98608802443794
51.04074081710654
26.8137280326305
47.83583158127826
77.34247687630094
156.87436463122444
51.985220919210484
162.99453120789678
357.6807981300811
343.3518116963726
311.61462163773507
169.34250431839752
248.27872919268734
351.8645007225352
54.01588025337322
315.3604552337685
180.46499125666722
27.603623300819496
25.92049722417302
63.84078637253473
252.07538235054915
272.30161688311716
176.1008554840485
115.44606550284627
98.3134404380706
235.50244678079477
118.207371717547
57.32523081636707
301.4252920238585
85.47521766298198
262.96731827825306
20.421541814096837
3.8871049276616043
341.2371095931461
306.80700534533224
245.0828897291604
147.34263580316235
188.7532592426565
272.1231536420658
31.811561720871545
348.31767578721536
287.2328816380096
173.84339339794857
192.46730532494846
121.7767804114177
215.54223857411665
37.57982012015413
16.9638340757805
254.8773464923345
194.10690788178212
96.59359381230291
251.4757120589402
175.81454098206285
124.27711482519425
187.95270699615907
246.39900682766057
356.4401175001211
34.98164544224868
172.67908586492877
275.78565187244425
132.37702668062414
75.59727232854333
260.3451173963952
134.69812239717905
300.6407626757221
84.3123674860089
65.49401217107783
246.90738846791507
142.31745604689144
212.86469802643018
221.4222274815614
102.58399378218401
36.63795159590568
61.385173138710876
266.27640003515666
214.10826108360072
62.82596199537587
111.18078914252823
177.08122841297885
47.85262375737173
47.387497375961225
18.641568440445372
319.22878140408864
280.76524832441055
167.04793883025192
270.0578809235023
342.1239127651555
242.81097862857604
101.33213552518185
354.98604950018125
86.09431015120327
19.802024675560425
283.82186269959834
194.90182703308355
191.33795230432884
125.87738642774436
147.41413338893213
224.23272874171383
136.59473961584365
30.86672392922358
316.4430976120056
302.461869962916
123.39311539374046
265.00072885182846
227.31679504201446
178.84751317906967
321.1364905545363
161.9067162906269
139.35980351278693
215.40405089439625
58.958657534249646
260.5548175310602
328.8412711619061
219.1418085586127
352.1909176190571
167.7965248809228
201.70719300416698
141.1643829647421
284.4482110851011
205.36403005252404
114.32489699691307
348.07421270824227
190.7553076068569
28.675309102681897
296.58645437236214
240.2380829690649
222.7982869740473
89.51658291345281
348.00725069888205
21.816378461023035
284.30055398443034
120.65002180987395
164.99452581511926
179.06107204063687
262.6867654036135
267.6216697160714
16.25020609748754
176.23920103959966
352.6119899671196
81.52051486226802
293.31101439274437
72.6400376589184
347.5976144265283
76.1666727992467
144.51826606305156
79.47578653626495
187.9294882706877
344.18293335830435
273.2485062869977
152.0872326588198
276.13792103632534
58.63069002981505
205.025415666196
70.71719812470253
265.7931193813121
320.3675309692905
103.17245728473304
182.2163652815696
275.0137874645944
26.010753928011475
98.95465521746047
95.39750369349854
53.000693718263804
267.36721716467457
179.69704686331823
104.35573716520128
136.07101371613726
30.416794413033056
267.1566160099362
236.9240866687257
269.08329446350024
280.4131001794912
138.46304800205593
229.53491625980467
338.807073435953
259.39177330513246
133.23340007258588
175.10975176232114
327.70515057231916
23.353221178744793
33.004179245118536
117.20121690054151
29.760494576148197
268.61312501875176
212.9139206934756
351.46264373995143
274.39410962521475
20.290783702960038
230.60803137335478
44.62221769718252
140.18390251125936
220.63180015485258
353.6269896267414
151.49039024567958
67.00888569149771
20.83810871838284
94.07788232456554
62.13052241793974
213.40706505784757
47.305193948447815
338.1784304247244
24.174591383280003
295.34937673353767
121.64252011432758
288.3016509699389
359.3670991325033
283.29609244070264
103.58011412241264
176.4384289403808
148.77204295163423
246.31632596392262
336.84051167055895
320.53422560218183
277.67938401659273
155.2150699707087
130.2821317943882
18.945392394773485
229.09880262300868
111.02653853591579
160.0963601040699
293.2993989675732
233.8304341209618
50.89641326936783
273.56754777191685
76.33255219463184
45.45346718618427
180.2898823819498
110.88144134082783
98.81771811712093
110.17536646913715
188.62613529213772
78.69415426787263
298.4836113990871
124.3358318340462
44.85440527994441
147.65054605009263
173.86645140474764
356.46128463835066
200.1503283966232
105.76711824864086
17.323572778835057
176.1171950114526
186.82575136463558
0.5714167181615215
103.97791921688061
258.40706698060586
95.70906411882376
105.11624959559006
7.151147608567174
240.81863805332156
158.66710455754983
86.46375670159064
95.88245245217797
158.21913985427636
258.60401122126774
19.96081667754102
146.41886236046003
212.15337951400596
236.1860325696508
318.6039308545397
347.1022816621556
102.19954833236977
200.7059666296083
94.01820738349237
354.8672124775911
339.9896165663747
201.91428460670787
334.05168595435146
271.6024787143696
80.60254163517038
220.3086132325565
51.71275109922198
329.9190313570433
1.3899667827151108
165.28702640198205
71.15505419362127
350.40531557972633
274.89600452885696
113.7346803862639
288.640793146929
176.2403834884304
40.38385025623139
136.02755229523393
79.88977600949816
106.07427744056064
177.58385269607598
342.1008184158213
179.9484632353598
152.37420620399558
26.629035345823738
197.1438426476621
317.68937601417196
189.9738989197989
219.7457420955288
344.6473978237023
224.2782213929556
8.352968752880155
233.1185780323534
333.94320211303415
233.42228998809406
101.21176523399771
271.45034710921385
300.0395418156098
70.94053978298527
278.19657047350415
223.08943449546743
145.47119416870513
152.17214183117252
66.16889803254512
270.19834559987015
127.04554116274738
47.96690847935339
61.201738730031245
66.28897958139761
194.78116375317484
103.47756575127674
217.5247416619936
42.55152929201148
45.999005608525756
218.70046191123862
315.92919934882906
214.75567590208985
4.440528545161468
245.68768063192107
21.683052766289862
154.10411590829267
272.45094107186225
84.58041673746253
180.79482925892637
118.2701664692142
33.68020851490476
289.0895769897457
273.5048955508257
312.9526680635507
24.417991520095676
341.7766688207145
205.1710774834244
69.63302755678431
303.5933018630326
90.46404416306865
347.2550536677023
221.82075703906895
74.63319301400651
269.33067300730806
184.90488832574334
59.925435920473575
306.7893903887492
81.72569697645199
42.66803154583337
303.99465037558576
209.20533664088666
256.45895606480263
266.15838875778127
313.90894146980327
247.91060117814195
285.3039306882321
335.0399373478149
178.22633038676105
324.0933280712841
346.675464267228
31.478544349567127
345.7207577716225
151.41577815006585
358.920742766551
308.25255716984907
47.76001792547196
300.8017289682645
166.38901819618417
92.00210743829187
305.0206193239767
303.0389466767923
322.42183688979406
239.63569004329977
178.63844681384418
12.70369364122898
295.63212720952407
359.70205382967316
193.7455670168133
101.32838458374565
269.3172274249749
15.574227697754083
212.44528052831924
183.3977034320594
188.5773369041602
63.58175930989343
183.62893334197022
45.67240496145246
335.68746205477174
146.7660727840487
148.63967246964452
228.50409496670156
81.49753636828648
343.7232222316371
314.63971442530936
157.21837598853972
129.11194098103104
142.03712470727797
241.6394982017457
102.3079269170353
15.82624029922604
267.0954842107329
104.49855484588706
99.09087666881274
150.27537795579917
249.61977277320725
27.80926367157838
300.6541787239312
353.9743291085852
239.02960079448007
129.42674420953657
232.31554854996565
269.90872331736574
64.80089244592234
27.509102458929743
21.501710591357405
335.55928623080507
234.2663436424639
166.2842878270046
53.85470594170558
133.7209134652522
192.84577100909422
37.36106723394361
54.54210426625883
311.7033701592378
161.482892203624
96.25340486646316
273.16100989098703
337.97745849759326
286.1042132385468
257.8889165768277
141.28976831651912
65.05682211664694
45.20483858745805
140.2237389538874
113.65549641990344
68.38234777983115
184.20491273796083
71.68772840134018
77.04940864626448
113.20246373577906
180.49527450074686
179.56355232219647
38.33160906693014
45.08732952414155
331.9907697520539
331.9902466771528
171.40242235099558
178.37253478041575
354.2345181121289
353.6913180524871
326.2613614574807
328.7400426871119
242.18595975498883
246.99490790099608
201.1468574500371
194.0446809515739
301.45804950678075
296.21132624194007
36.988244697609645
38.99620423238201
65.09070653615885
65.55643136841894
54.03107556401902
57.73091183192278
240.73195045035726
238.92541102411224
273.8101915019022
272.8063332270064
251.10290534680982
252.2030349087773
16.23342190650022
12.079833064027685
350.12382051445115
344.03135909543875
100.11283095911662
98.9933992227797
31.51449245104558
37.6055444975308
3.252567032082345
9.689934434039817
70.4789105183591
69.57343912740934
224.20677265248696
224.05587257708783
209.0075093662698
209.00744506995883
104.68394755984873
101.48778784222526
292.99260187037453
299.8250326275823
358.01653501636645
355.02836339412784
13.70854639608147
10.177922048355661
252.45097626398567
245.9649634151041
46.0568844008596
47.02389058398196
106.65198479658032
101.33062396511187
282.4599169745145
279.2469329067788
100.75718172999942
97.63503279065826
140.39185283299398
137.80453538993692
127.66088113665131
129.06903460170207
46.59289557413503
52.04895073730655
122.63706475219003
118.19929233045558
205.1937255272717
201.78343100861238
102.71601676704441
102.47521286670614
45.802960732046735
40.057252101315086
131.7819857557607
133.7239809234383
231.43929858966166
231.05157774841717
330.6332957841899
328.0748702774688
62.7285034773725
65.63277030224226
279.30393922298134
275.6339424325665
91.58241091440985
97.8154832140435
218.94680327918738
217.77536757606703
344.52448690972625
353.14218123169206
353.27382823790634
2.517055146301061
257.6610314931206
253.10111512870424
91.78488422511847
97.34401864771644
314.0990480246005
312.51702597520693
224.23209961568614
223.61063454457775
312.3044806532897
312.2969636658179
344.4960783053192
346.7196377855678
214.74566915714936
212.03092411097833
152.4185997619306
153.405630469552
89.28851342914518
83.36119945656296
280.3663363585694
278.25803554204225
217.6555189416018
219.46454396971617
262.2047169893063
260.0562757852612
132.13141455479797
130.7539328686893
261.84919176862036
258.35804056587904
212.23392614677266
205.40796940773498
346.13464513043743
348.22223505051176
320.75784858373555
322.5798271068486
337.99797918305967
336.94766119940164
184.27200664240718
189.21779882723544
75.09417702903018
69.59750387263641
257.4776102842479
260.03732440112134
111.24435591281728
108.03080246399733
186.83879222453547
187.10125218544178
152.42398591334828
151.69447875254363
44.4347464304558
47.06970297224436
260.3098629595056
262.9030451523343
93.26128036126865
92.94227068460926
68.28078762263803
67.4536836531776
325.27823977288625
324.0995299214492
221.8675146464664
215.74088503423783
190.74921336759803
185.81459384771097
56.223717784272566
54.939197465520365
354.08862012772795
352.9018672711223
101.58778828600006
99.0518254871507
77.09838109134496
73.64442175771207
246.86446407745302
247.7566697765107
224.56546219537134
220.03281464889778
225.40860838911496
223.94357316070813
11.470649293931205
10.19029836776366
193.468384013366
192.89511073497596
142.1392753879162
143.77913905274542
244.26135702143029
247.32864688399079
263.50089450761925
262.40045052728806
201.63060255267555
193.44604807881018
211.0164375668208
214.33051267693787
210.06525389609558
215.02664040933223
72.92052800863785
67.28795482630849
169.57438580445995
169.09255671720402
127.19965579513513
128.8003432102774
247.56972859498805
246.25929760941804
204.51414455473855
201.73157207024315
27.23081021494867
27.38802140274621
247.24661902493204
241.83197580260875
355.57971701493705
351.25447261737935
250.54036188265218
255.06525074807868
81.0573662238369
83.65873887471511
300.93799748615476
298.82617296136766
152.2413120856401
149.5831961203574
14.749878925473286
12.961888027453522
347.53956865604715
346.86651778520223
54.121661381977674
62.31211503520326
212.39520060686408
212.4496690994662
268.82308890854915
271.94686257793853
251.4933917034898
252.95681068128667
75.78289053828179
82.65768537767875
320.52311174392554
327.4374461205541
353.42681086463034
346.89471780945127
345.64775023961005
346.09494162497447
250.8615120035345
252.17660346284572
0.5172735068093175
359.18545134348665
212.15390330210911
209.06718807522114
45.53499474962743
41.75735769725501
347.49468394663273
346.73836693424624
173.39575688810638
164.12598829608655
337.3614908470061
339.64335953614886
188.45387251039367
183.89695077997933
74.20999589424687
71.2235463362635
256.1664608927665
251.76239522267795
22.363274471420368
23.273118767979252
227.19294318998598
231.34064925436542
139.1266712594804
144.59070876902723
199.31013464018477
198.99727119547805
44.55790482522774
37.95217891053615
38.31413617327104
36.20480843067319
49.443405540656144
46.93263541575878
186.8079333240867
187.74292545025844
218.89030668894858
221.4725027303868
41.09468850255234
49.42810504244025
35.3994693906927
34.69819651152686
211.2815836416409
209.45389475161795
330.5443327222536
320.84406075817265
336.7120734374089
335.52363089389655
208.4915564775154
211.24274416592718
217.6441892772635
223.3169712542248
39.9550847696704
39.41444642762416
187.93048991299554
180.34147750870895
59.01200525169589
58.043640736293725
281.67755909327155
277.6176419819956
2.105733702737851
6.929987843498459
297.40874770120234
292.0099791194681
152.9446204206369
147.27877707075072
25.156656294363913
16.27219972150854
180.0
351.19017293312766
285.8013454126452
74.19865458735485
8.809827066872344
180.0
351.19017293312766
285.8013454126452
74.19865458735485
8.809827066872344
180.0
351.19017293312766
285.8013454126452
74.19865458735485
8.809827066872344
180.0
351.19017293312766
285.8013454126452
74.19865458735485
8.809827066872344
180.0
351.19017293312766
285.8013454126452
74.19865458735485
8.809827066872344
180.0
351.19017293312766
285.8013454126452
74.19865458735485
8.809827066872344
180.0
351.19017293312766
285.8013454126452
74.19865458735485
8.809827066872344
180.0
351.19017293312766
285.8013454126452
74.19865458735485
8.809827066872344
180.0
351.19017293312766
285.8013454126452
74.19865458735485
8.809827066872344
180.0
351.19017293312766
285.8013454126452
74.19865458735485
8.809827066872344
180.0
351.19017293312766
285.8013454126452
74.19865458735485
8.809827066872344
180.0
351.19017293312766
285.8013454126452
74.19865458735485
8.809827066872344
180.0
351.19017293312766
285.8013454126452
74.19865458735485
8.809827066872344
180.0
351.19017293312766
285.8013454126452
74.19865458735485
8.809827066872344
180.0
351.19017293312766
285.8013454126452
74.19865458735485
8.809827066872344
180.0
351.19017293312766
285.8013454126452
74.19865458735485
8.809827066872344
180.0
351.19017293312766
285.8013454126452
74.19865458735485
8.809827066872344
180.0
351.19017293312766
285.8013454126452
74.19865458735485
8.809827066872344
180.0
351.19017293312766
285.8013454126452
74.19865458735485
8.809827066872344
180.0
351.19017293312766
285.8013454126452
74.19865458735485
8.809827066872344
180.0
351.19017293312766
285.8013454126452
74.19865458735485
8.809827066872344
180.0
351.19017293312766
285.8013454126452
74.19865458735485
8.809827066872344
180.0
351.19017293312766
285.8013454126452
74.19865458735485
8.809827066872344
180.0
351.19017293312766
285.8013454126452
74.19865458735485
8.809827066872344
180.0
351.19017293312766
285.8013454126452
74.19865458735485
8.809827066872344
180.0
351.19017293312766
285.8013454126452
74.19865458735485
8.809827066872344
180.0
351.19017293312766
285.8013454126452
74.19865458735485
8.809827066872344
180.0
351.19017293312766
285.8013454126452
74.19865458735485
8.809827066872344
180.0
351.19017293312766
285.8013454126452
74.19865458735485
8.809827066872344
180.0
351.19017293312766
285.8013454126452
74.19865458735485
8.809827066872344
180.0
351.19017293312766
285.8013454126452
74.19865458735485
8.809827066872344
180.0
351.19017293312766
285.8013454126452
74.19865458735485
8.809827066872344
180.0
351.19017293312766
285.8013454126452
74.19865458735485
8.809827066872344
180.0
351.19017293312766
285.8013454126452
74.19865458735485
8.809827066872344
180.0
351.19017293312766
285.8013454126452
74.19865458735485
8.809827066872344
180.0
351.19017293312766
285.8013454126452
74.19865458735485
8.809827066872344
180.0
351.19017293312766
285.8013454126452
74.19865458735485
8.809827066872344
180.0
351.19017293312766
285.8013454126452
74.19865458735485
8.809827066872344
180.0
351.19017293312766
285.8013454126452
74.19865458735485
8.809827066872344
180.0
351.19017293312766
285.8013454126452
74.19865458735485
8.809827066872344
180.0
351.19017293312766
285.8013454126452
74.19865458735485
8.809827066872344
180.0
351.19017293312766
285.8013454126452
74.19865458735485
8.809827066872344
180.0
351.19017293312766
285.8013454126452
74.19865458735485
8.809827066872344
180.0
351.19017293312766
285.8013454126452
74.19865458735485
8.809827066872344
180.0
351.19017293312766
285.8013454126452
74.19865458735485
8.809827066872344
180.0
351.19017293312766
285.8013454126452
74.19865458735485
8.809827066872344
180.0
351.19017293312766
285.8013454126452
74.19865458735485
8.809827066872344
180.0
351.19017293312766
285.8013454126452
74.19865458735485
8.809827066872344
180.0
351.19017293312766
285.8013454126452
74.19865458735485
8.809827066872344
180.0
351.19017293312766
285.8013454126452
74.19865458735485
8.809827066872344
180.0
351.19017293312766
285.8013454126452
74.19865458735485
8.809827066872344
180.0
351.19017293312766
285.8013454126452
74.19865458735485
8.809827066872344
180.0
351.19017293312766
285.8013454126452
74.19865458735485
8.809827066872344
180.0
351.19017293312766
285.8013454126452
74.19865458735485
8.809827066872344
180.0
351.19017293312766
285.8013454126452
74.19865458735485
8.809827066872344
180.0
351.19017293312766
285.8013454126452
74.19865458735485
8.809827066872344
180.0
351.19017293312766
285.8013454126452
74.19865458735485
8.809827066872344
180.0
351.19017293312766
285.8013454126452
74.19865458735485
8.809827066872344
180.0
351.19017293312766
285.8013454126452
74.19865458735485
8.809827066872344
180.0
351.19017293312766
285.8013454126452
74.19865458735485
8.809827066872344
180.0
351.19017293312766
285.8013454126452
74.19865458735485
8.809827066872344
180.0
351.19017293312766
285.8013454126452
74.19865458735485
8.809827066872344
180.0
351.19017293312766
285.8013454126452
74.19865458735485
8.809827066872344
180.0
351.19017293312766
285.8013454126452
74.19865458735485
8.809827066872344
180.0
351.19017293312766
285.8013454126452
74.19865458735485
8.809827066872344
180.0
351.19017293312766
285.8013454126452
74.19865458735485
8.809827066872344
180.0
351.19017293312766
285.8013454126452
74.19865458735485
8.809827066872344
180.0
351.19017293312766
285.8013454126452
74.19865458735485
8.809827066872344
180.0
351.19017293312766
285.8013454126452
74.19865458735485
8.809827066872344
180.0
351.19017293312766
285.8013454126452
74.19865458735485
8.809827066872344
180.0
351.19017293312766
285.8013454126452
74.19865458735485
8.809827066872344
180.0
351.19017293312766
285.8013454126452
74.19865458735485
8.809827066872344
180.0
351.19017293312766
285.8013454126452
74.19865458735485
8.809827066872344
180.0
351.19017293312766
285.8013454126452
74.19865458735485
8.809827066872344
180.0
351.19017293312766
285.8013454126452
74.19865458735485
8.809827066872344